claim_id,claim,gold_label,predicted_verdict,parse_ok,evidence_idx,evidence_statement,search_query,doc_rank,doc_url,doc_distance,is_gold,doc_snippet
"0","In a letter to Steve Jobs, Sean Connery refused to appear in an apple commercial.","Refuted","Not Enough Evidence","True","0","Sean Connery was a renowned actor, famous for portraying James Bond in several films.","Sean Connery actor biography","0","https://www.imdb.com/name/nm0000125/","15.17589282989502","False","The tall, handsome and muscular Scottish actor Sean Connery is best known as the original actor to portray James Bond in the hugely successful movie franchise, starring in seven films between 1962 and 1983.
Some believed that such a career-defining role might leave him unable to escape it, but he pr"
"0","In a letter to Steve Jobs, Sean Connery refused to appear in an apple commercial.","Refuted","Not Enough Evidence","True","0","Sean Connery was a renowned actor, famous for portraying James Bond in several films.","Sean Connery actor biography","1","https://www.ocregister.com/2020/10/31/actor-sean-connery-the-original-james-bond-dies-at-90/","15.552481651306152","False","LONDON — Scottish actor Sean Connery, the first actor to play James Bond on film and for many fans the best, has died.
Bond producers EON Productions confirmed his death, first reported by the BBC. Producers Michael G. Wilson and Barbara Broccoli said they were “devastated by the news.”
“He was and "
"0","In a letter to Steve Jobs, Sean Connery refused to appear in an apple commercial.","Refuted","Not Enough Evidence","True","0","Sean Connery was a renowned actor, famous for portraying James Bond in several films.","Sean Connery actor biography","2","https://www.theguardian.com/film/2020/oct/31/sean-connery-james-bond-actor-dies-aged-90","15.680377006530762","False","Sean Connery, the Scottish actor best known for his portrayal of James Bond, has died aged 90. His son, Jason, said he had died peacefully in his sleep, having been “unwell for some time”.
He was admired by generations of film fans as the original and best 007, and went on to create a distinguished "
"0","In a letter to Steve Jobs, Sean Connery refused to appear in an apple commercial.","Refuted","Not Enough Evidence","True","0","Sean Connery was a renowned actor, famous for portraying James Bond in several films.","Sean Connery actor biography","3","https://www.insidehook.com/film/sean-connery-dead-90","15.848073959350586","False","Sir Sean Connery, the Scottish-born actor who brought Ian Fleming’s British spy James Bond to the big screen and made him into one of the most iconic characters in film history, has died at the age of 90.
While no immediate cause of death was given, his family said he had been “unwell for some time,"
"0","In a letter to Steve Jobs, Sean Connery refused to appear in an apple commercial.","Refuted","Not Enough Evidence","True","0","Sean Connery was a renowned actor, famous for portraying James Bond in several films.","Sean Connery actor biography","4","https://www.voanews.com/a/arts-culture_former-james-bond-actor-sean-connery-dies-aged-9/6197821.html","16.082294464111328","False","Scottish movie legend Sean Connery, who shot to international stardom as the suave, sexy and sophisticated British agent James Bond and went on to grace the silver screen for four decades, has died aged 90.
The BBC and Sky News reported his death on Saturday. “I was heartbroken to learn this morning"
"0","In a letter to Steve Jobs, Sean Connery refused to appear in an apple commercial.","Refuted","Not Enough Evidence","True","1","Steve Jobs was the co-founder and longtime CEO of Apple Inc., known for his role in technology and marketing.","Steve Jobs Apple Inc career","0","https://www.investopedia.com/articles/fundamental-analysis/12/steve-jobs-apple-story.asp","19.381990432739258","False","On Aug. 2, 2018, Apple (AAPL) made history by becoming the world's first publicly traded company to achieve a market capitalization of $1 trillion.
On April 30, 2019, Microsoft (MSFT) joined Apple's exclusive club, also catapulting past the $1 trillion mark.
On Jan. 16, 2020, Alphabet (GOOGL) became"
"0","In a letter to Steve Jobs, Sean Connery refused to appear in an apple commercial.","Refuted","Not Enough Evidence","True","1","Steve Jobs was the co-founder and longtime CEO of Apple Inc., known for his role in technology and marketing.","Steve Jobs Apple Inc career","1","https://www.forbes.com/sites/davidcoursey/2011/10/12/steve-jobs-was-a-jerk-you-shouldnt-be/","20.64530372619629","False","Steve Jobs was a major, world-class jerk. A friend who knows about these things -- but not Steve -- wonders if he wasn't at least a borderline sociopath.
If you define that as someone who does evil things and doesn't feel remorse, the picture of a smirking Steve Jobs does begin to emerge.
Jobs was b"
"0","In a letter to Steve Jobs, Sean Connery refused to appear in an apple commercial.","Refuted","Not Enough Evidence","True","1","Steve Jobs was the co-founder and longtime CEO of Apple Inc., known for his role in technology and marketing.","Steve Jobs Apple Inc career","2","https://blog.aventure-apple.com/2019/03/02/sean-connery-a-t-il-envoye-balader-steve-jobs/","21.098373413085938","False","C’est un courrier qui est devenu viral en 2011. Une simple lettre adressée par Sean Connery à Steve Jobs le 11 décembre 1998, dans laquelle l’acteur ayant incarné l’agent secret James Bond de 1962 à 1971, priait Steve Jobs de ne plus insister pour le voir apparaître dans une publicité de la marque ("
"0","In a letter to Steve Jobs, Sean Connery refused to appear in an apple commercial.","Refuted","Not Enough Evidence","True","1","Steve Jobs was the co-founder and longtime CEO of Apple Inc., known for his role in technology and marketing.","Steve Jobs Apple Inc career","3","https://thisisnotadvertising.wordpress.com/2011/09/05/apple-think-different/","21.210956573486328","False","Apple – Think DifferentPosted: September 5, 2011 Filed under: Cannes Lions, Case History, Copywriting, Legendary, Press/Outdoor, TV/Film, USA | Tags: Albert Einstein, Alfred Hitchcock, Apple, Bob Dylan, Case History, Craig Tanimoto, Jennifer Golub, Jerry Seinfeld, John Lennon, Lee Clow, Mahatma Gand"
"0","In a letter to Steve Jobs, Sean Connery refused to appear in an apple commercial.","Refuted","Not Enough Evidence","True","1","Steve Jobs was the co-founder and longtime CEO of Apple Inc., known for his role in technology and marketing.","Steve Jobs Apple Inc career","4","https://hbr.org/2012/04/the-real-leadership-lessons-of-steve-jobs","21.304609298706055","False","His saga is the entrepreneurial creation myth writ large: Steve Jobs cofounded Apple in his parents’ garage in 1976, was ousted in 1985, returned to rescue it from near bankruptcy in 1997, and by the time he died, in October 2011, had built it into the world’s most valuable company.
Along the way he"
"0","In a letter to Steve Jobs, Sean Connery refused to appear in an apple commercial.","Refuted","Not Enough Evidence","True","2","Apple Inc. has conducted various high-profile advertising campaigns, such as 'Think Different' and the 'I'm a Mac' series, often featuring celebrities.","Apple advertising campaigns celebrities","0","https://www.adweek.com/creativity/34-apple-commercials-starring-celebrities-139792/","17.11864471435547","False","#SMW is right around the corner. Join us April 9-11 in NYC to get up to speed on all the latest strategies, technologies and trends you need to be following.
In our review of Apple's new iPhone spots with Zooey Deschanel and Samuel L. Jackson, we said the company doesn't often use celebrities.
Techn"
"0","In a letter to Steve Jobs, Sean Connery refused to appear in an apple commercial.","Refuted","Not Enough Evidence","True","2","Apple Inc. has conducted various high-profile advertising campaigns, such as 'Think Different' and the 'I'm a Mac' series, often featuring celebrities.","Apple advertising campaigns celebrities","1","https://www.wsifranchise.com/blog/apples-celebrity-driven-marketing","17.922019958496094","False","The last couple of months have been quite eventful for Apple. With the release of the Apple Watch 2, iPhone SE, fourth-gen Apple TV, and Apple’s recent efforts to promote the Apple Music membership, the company has stepped up its marketing game – with some very influential celebrity endorsements.
In"
"0","In a letter to Steve Jobs, Sean Connery refused to appear in an apple commercial.","Refuted","Not Enough Evidence","True","2","Apple Inc. has conducted various high-profile advertising campaigns, such as 'Think Different' and the 'I'm a Mac' series, often featuring celebrities.","Apple advertising campaigns celebrities","2","https://archive.nytimes.com/www.nytimes.com/library/tech/98/08/biztech/articles/03apple-advertising.html","18.034730911254883","False","The People Behind Apple's 'Think Different' Campaign
computer marketer wants to become the apple of your eye by advertising itself as the Apple of your icon.
For almost a year, Apple Computer Inc. has been displaying images of some of the world's most-admired achievers in fields from government and "
"0","In a letter to Steve Jobs, Sean Connery refused to appear in an apple commercial.","Refuted","Not Enough Evidence","True","2","Apple Inc. has conducted various high-profile advertising campaigns, such as 'Think Different' and the 'I'm a Mac' series, often featuring celebrities.","Apple advertising campaigns celebrities","3","https://baerpm.com/2012/05/18/apple-surprises-fans-with-celebrity-endorsements/","18.436220169067383","False","In the most recent Apple iPhone advertising campaign promoting and humanizing the phone’s Siri feature, the company decided to recruit the quirky actress/indie songstress Zooey Deschanel and high profiled celebrity, Samuel L. Jackson to showcase Siri’s capabilities.
The ads are short, sweet and hone"
"0","In a letter to Steve Jobs, Sean Connery refused to appear in an apple commercial.","Refuted","Not Enough Evidence","True","2","Apple Inc. has conducted various high-profile advertising campaigns, such as 'Think Different' and the 'I'm a Mac' series, often featuring celebrities.","Apple advertising campaigns celebrities","4","https://www.usatoday.com/story/entertainment/celebrities/2020/07/02/celebrity-commercials-taylor-swift-snoop-dogg-ja-rule-mariah-carey/3277778001/","18.788331985473633","False","The funniest celeb commercials, from Ja Rule's low-budget ad to Taylor Swift for Apple Music
Celebrities can persuade us to buy almost anything – from laundry detergent and insurance to food and the latest tech.
We've seen Drake hilariously working out to Taylor Swift's ""Bad Blood"" in his 2016 Apple"
"0","In a letter to Steve Jobs, Sean Connery refused to appear in an apple commercial.","Refuted","Not Enough Evidence","True","3","Sean Connery is not listed among known celebrity participants in major Apple commercials, such as those from the 'Think Different' campaign or other notable ads.","Sean Connery Apple commercial appearance","0","https://www.snopes.com/fact-check/false-sean-connery-letter-to-apple/","16.276569366455078","False","An image of a purported 1998 letter from actor Sean Connery (famous for his portrayal of agent James Bond) to Apple CEO Steve Jobs, caustically rebuffing an offer to become a pitchman for Apple Computers, hit the Internet in June 2011.
Despite the letter's seeming verisimilitude, it was merely a bit"
"0","In a letter to Steve Jobs, Sean Connery refused to appear in an apple commercial.","Refuted","Not Enough Evidence","True","3","Sean Connery is not listed among known celebrity participants in major Apple commercials, such as those from the 'Think Different' campaign or other notable ads.","Sean Connery Apple commercial appearance","1","https://www.philmug.ph/community/threads/sean-connerys-letter-to-steve-jobs.73237/","17.541662216186523","False","Discussion in 'AppleTalk' started by dominiquejames, Jun 24, 2011.
I read that the other day. Pretty funny. I wonder how old Sean, oops, I mean Bond, James Bond, feels about it today.
Yes, it's real. Complete with the 007 logo on the letterhead and ""all the news that's fit to fabricate"" in the top l"
"0","In a letter to Steve Jobs, Sean Connery refused to appear in an apple commercial.","Refuted","Not Enough Evidence","True","3","Sean Connery is not listed among known celebrity participants in major Apple commercials, such as those from the 'Think Different' campaign or other notable ads.","Sean Connery Apple commercial appearance","2","https://www.mediastorehouse.co.uk/memory-lane-prints/mirror/0000to0099-00029/sean-connery-eating-apple-set-film-highlander-21300411.html","17.719715118408203","False","Home > Memory Lane Prints > Mirror > 0000to0099 > 00029
Sean Connery eating an apple on set of film Highlander in costume Circa May 1985
Choose from the following product ranges for this image
Sean Connery eating an apple on set of film Highlander in costume Circa May 1985
Sean Connery eating an app"
"0","In a letter to Steve Jobs, Sean Connery refused to appear in an apple commercial.","Refuted","Not Enough Evidence","True","3","Sean Connery is not listed among known celebrity participants in major Apple commercials, such as those from the 'Think Different' campaign or other notable ads.","Sean Connery Apple commercial appearance","3","https://www.mediastorehouse.com/memory-lane-prints/mirror/0000to0099-00029/sean-connery-eating-apple-set-film-highlander-21300411.html","17.720884323120117","False","Home > Memory Lane Prints > Mirror > 0000to0099 > 00029
Sean Connery eating an apple on set of film Highlander in costume Circa May 1985
Choose from the following product ranges for this image
Sean Connery eating an apple on set of film Highlander in costume Circa May 1985
Sean Connery eating an app"
"0","In a letter to Steve Jobs, Sean Connery refused to appear in an apple commercial.","Refuted","Not Enough Evidence","True","3","Sean Connery is not listed among known celebrity participants in major Apple commercials, such as those from the 'Think Different' campaign or other notable ads.","Sean Connery Apple commercial appearance","4","https://www.dailymail.co.uk/news/article-2006317/Sean-Connery-letter-Steve-Jobs-rejecting-offer-appear-Apple-ad-revealed-fake.html","17.775941848754883","False","'I am f****** James Bond': Sean Connery letter to Steve Jobs rejecting offer to appear in Apple ad revealed to be fake
Thousands of James Bond fans were today taken in by a spoof letter from Sean Conney to Apple boss Steve Jobs in which the film star launches a rant at the computer chief.
The faked "
"0","In a letter to Steve Jobs, Sean Connery refused to appear in an apple commercial.","Refuted","Not Enough Evidence","True","4","There is no widely recognized public record, such as news articles or biographies, detailing Sean Connery sending a letter to Steve Jobs to decline an Apple commercial offer.","Sean Connery letter to Steve Jobs refusal Apple commercial","0","https://www.dailymail.co.uk/news/article-2006317/Sean-Connery-letter-Steve-Jobs-rejecting-offer-appear-Apple-ad-revealed-fake.html","12.7818603515625","False","'I am f****** James Bond': Sean Connery letter to Steve Jobs rejecting offer to appear in Apple ad revealed to be fake
Thousands of James Bond fans were today taken in by a spoof letter from Sean Conney to Apple boss Steve Jobs in which the film star launches a rant at the computer chief.
The faked "
"0","In a letter to Steve Jobs, Sean Connery refused to appear in an apple commercial.","Refuted","Not Enough Evidence","True","4","There is no widely recognized public record, such as news articles or biographies, detailing Sean Connery sending a letter to Steve Jobs to decline an Apple commercial offer.","Sean Connery letter to Steve Jobs refusal Apple commercial","1","https://www.cnet.com/culture/fake-sean-connery-letter-to-steve-jobs-goes-viral/","14.717430114746094","False","Faux 007 launching expletives at Apple icon fools British social-media guru and becomes meme material.
First, the bad news. Sean Connery never actually sent a typewritten letter to Steve Jobs in 1998 refusing to be in an Apple ad.
But the awesome news is that quite a few people believe Connery owns "
"0","In a letter to Steve Jobs, Sean Connery refused to appear in an apple commercial.","Refuted","Not Enough Evidence","True","4","There is no widely recognized public record, such as news articles or biographies, detailing Sean Connery sending a letter to Steve Jobs to decline an Apple commercial offer.","Sean Connery letter to Steve Jobs refusal Apple commercial","2","https://www.businessinsider.com/james-bond-sean-connery-steve-jobs-apple-letter-2011-6","14.732617378234863","False","This is a letter Sean Connery wrote didn't write in response to Steve Jobs after being asked to appear in an Apple ad.
Honestly, we're not sure it's legit. The ""007"" at the bottom-right corner and the ""I am fucking JAMES BOND"" seem a bit rich.
But it's still hilarious. And it's refreshing to see som"
"0","In a letter to Steve Jobs, Sean Connery refused to appear in an apple commercial.","Refuted","Not Enough Evidence","True","4","There is no widely recognized public record, such as news articles or biographies, detailing Sean Connery sending a letter to Steve Jobs to decline an Apple commercial offer.","Sean Connery letter to Steve Jobs refusal Apple commercial","3","https://www.snopes.com/fact-check/false-sean-connery-letter-to-apple/","15.059202194213867","False","An image of a purported 1998 letter from actor Sean Connery (famous for his portrayal of agent James Bond) to Apple CEO Steve Jobs, caustically rebuffing an offer to become a pitchman for Apple Computers, hit the Internet in June 2011.
Despite the letter's seeming verisimilitude, it was merely a bit"
"0","In a letter to Steve Jobs, Sean Connery refused to appear in an apple commercial.","Refuted","Not Enough Evidence","True","4","There is no widely recognized public record, such as news articles or biographies, detailing Sean Connery sending a letter to Steve Jobs to decline an Apple commercial offer.","Sean Connery letter to Steve Jobs refusal Apple commercial","4","https://www.philmug.ph/community/threads/sean-connerys-letter-to-steve-jobs.73237/","15.798900604248047","False","Discussion in 'AppleTalk' started by dominiquejames, Jun 24, 2011.
I read that the other day. Pretty funny. I wonder how old Sean, oops, I mean Bond, James Bond, feels about it today.
Yes, it's real. Complete with the 007 logo on the letterhead and ""all the news that's fit to fabricate"" in the top l"
"1","Trump Administration claimed songwriter Billie Eilish Is Destroying Our Country In Leaked Documents","Refuted","Refuted","True","0","Billie Eilish is a famous American singer and songwriter.","Billie Eilish singer biography","0","https://genius.com/artists/Billie-eilish","15.970250129699707","False","Billie Eilish Pirate Baird O'Connell (born December 18, 2001), known professionally as Billie Eilish, is an American singer and songwriter born and raised in Los Angeles, California.
Working alongside her older brother Finneas, her co-writer and producer, she’s taken the internet by storm with her h"
"1","Trump Administration claimed songwriter Billie Eilish Is Destroying Our Country In Leaked Documents","Refuted","Refuted","True","0","Billie Eilish is a famous American singer and songwriter.","Billie Eilish singer biography","1","https://www.cheatsheet.com/entertainment/how-billie-eilish-officially-made-music-history.html/","15.978829383850098","False","With a wildly successful, chart-topping debut studio album and an upcoming world tour, Billie Eilish is on top of the world.
She has over 45 million monthly listeners on Spotify and collaborated with many other wildly successful artists, like Justin Bieber and Khalid.
At only 17 years old, Eilish is"
"1","Trump Administration claimed songwriter Billie Eilish Is Destroying Our Country In Leaked Documents","Refuted","Refuted","True","0","Billie Eilish is a famous American singer and songwriter.","Billie Eilish singer biography","2","https://madeinatlantis.com/2020/01/28/billie-eilish-career-milestones/","16.17864418029785","False","Billie Eilish Pirate Baird O’Connell, (born December 18, 2001) known professionally as Billie Eilish, is an American singer and songwriter born and raised in Los Angeles, CA.
With a unique position of working with her older brother Finneas, her co-writer and producer, she’s taken the internet by sto"
"1","Trump Administration claimed songwriter Billie Eilish Is Destroying Our Country In Leaked Documents","Refuted","Refuted","True","0","Billie Eilish is a famous American singer and songwriter.","Billie Eilish singer biography","3","https://www.vox.com/culture/2019/4/18/18412282/who-is-billie-eilish-explained-coachella-2019","16.489591598510742","False","In 2016, 14-year-old Billie Eilish, a Los Angeles-based dancer and musician, uploaded her first song, “Ocean Eyes,” to SoundCloud late one night.
She had only intended for one person to listen to it: her dance teacher. When she woke up the next day, the song had gone viral on the streaming platform."
"1","Trump Administration claimed songwriter Billie Eilish Is Destroying Our Country In Leaked Documents","Refuted","Refuted","True","0","Billie Eilish is a famous American singer and songwriter.","Billie Eilish singer biography","4","https://medium.com/@nickjwaghorn/4-inspiring-marketing-lessons-learned-from-billie-eilish-c11be9b16ba9","17.359657287597656","False","4 Inspiring Marketing Lessons Learned From Billie Eilish
With her distinctive baggy clothing and luminous green hair, it’s hard not to notice the magnetic presence of Billie Eilish.
Billie Eilish triumphed at the 2020 Grammy Awards, winning five awards including best new artist and song of the year."
"1","Trump Administration claimed songwriter Billie Eilish Is Destroying Our Country In Leaked Documents","Refuted","Refuted","True","1","The Trump Administration was the U.S. government from January 20, 2017, to January 20, 2021.","Trump Administration term dates","0","https://fenwayhealth.org/wp-content/uploads/Trump-Administration-Impact-on-LGBTs-Year-Two-Brief_Web.pdf","22.741191864013672","False","In 2018 the Trump Administration continued to advance discriminatory policies that under-
mine the ability of LGBT people to access health care and other services. It also restrict-
ed the right of transgender people to serve in the military, and the right of people living 
with HIV to serve in the "
"1","Trump Administration claimed songwriter Billie Eilish Is Destroying Our Country In Leaked Documents","Refuted","Refuted","True","1","The Trump Administration was the U.S. government from January 20, 2017, to January 20, 2021.","Trump Administration term dates","1","https://www.migrationpolicy.org/research/immigration-policy-changes-two-years-trump-administration","23.24845314025879","False","Immigration-Related Policy Changes in the First Two Years of the Trump Administration
Since entering office in January 2017, the Trump administration has pressed one of the most assertive agendas on immigration in modern times.
And though enforcement actions at the U.S.-Mexico border and in the inte"
"1","Trump Administration claimed songwriter Billie Eilish Is Destroying Our Country In Leaked Documents","Refuted","Refuted","True","1","The Trump Administration was the U.S. government from January 20, 2017, to January 20, 2021.","Trump Administration term dates","2","https://www.justice.gov/storage/120919-examination.pdf","23.338109970092773","False","This report was originally issued on December 9, 2019.  The report was updated on 
December 11 and December 20, 2019, with the following changes (page references are to 
On pages iv, xvi, 400, and 407, we changed the phrase “before and after” to “both 
during and after the time.”  In all instances, "
"1","Trump Administration claimed songwriter Billie Eilish Is Destroying Our Country In Leaked Documents","Refuted","Refuted","True","1","The Trump Administration was the U.S. government from January 20, 2017, to January 20, 2021.","Trump Administration term dates","3","https://www.guttmacher.org/article/2020/02/trump-administrations-domestic-gag-rule-has-slashed-title-x-networks-capacity-half","23.355876922607422","False","On April 14, 2021, the Biden-Harris administration released a notice of proposed rulemaking to overhaul restrictive Trump-era regulations, collectively known as the ""domestic gag rule,"" that have had a devastating impact on the Title X national family planning program.
Asserting that the Trump-era r"
"1","Trump Administration claimed songwriter Billie Eilish Is Destroying Our Country In Leaked Documents","Refuted","Refuted","True","1","The Trump Administration was the U.S. government from January 20, 2017, to January 20, 2021.","Trump Administration term dates","4","https://www.kff.org/racial-equity-and-health-policy/issue-brief/the-trump-administrations-final-rule-on-section-1557-non-discrimination-regulations-under-the-aca-and-current-status/","23.49471664428711","False","The Trump Administration’s Final Rule on Section 1557 Non-Discrimination Regulations Under the ACA and Current Status
|On June 19, 2020, the Trump Administration issued final regulations implementing Section 1557 of the Affordable Care Act.
Section 1557 prohibits discrimination based on race, color,"
"1","Trump Administration claimed songwriter Billie Eilish Is Destroying Our Country In Leaked Documents","Refuted","Refuted","True","2","There is no public record or widely reported information about leaked documents from the Trump Administration claiming that Billie Eilish is destroying the country.","leaked documents Trump Administration Billie Eilish destroying country","0","https://money.yahoo.com/leaked-trump-admin-document-describes-191559664.html","14.161991119384766","False","Leaked Trump Admin Document Describes Billie Eilish as 'Destroying Our Country and Everything We Care About'
A leading Trump administration official reportedly tainted a $250 million advertising contract originally intended to ""defeat despair and inspire hope"" amid the pandemic by, among other sadly"
"1","Trump Administration claimed songwriter Billie Eilish Is Destroying Our Country In Leaked Documents","Refuted","Refuted","True","2","There is no public record or widely reported information about leaked documents from the Trump Administration claiming that Billie Eilish is destroying the country.","leaked documents Trump Administration Billie Eilish destroying country","1","https://finance.yahoo.com/news/leaked-trump-admin-document-describes-191559664.html","14.163390159606934","False","Leaked Trump Admin Document Describes Billie Eilish as 'Destroying Our Country and Everything We Care About'
A leading Trump administration official reportedly tainted a $250 million advertising contract originally intended to ""defeat despair and inspire hope"" amid the pandemic by, among other sadly"
"1","Trump Administration claimed songwriter Billie Eilish Is Destroying Our Country In Leaked Documents","Refuted","Refuted","True","2","There is no public record or widely reported information about leaked documents from the Trump Administration claiming that Billie Eilish is destroying the country.","leaked documents Trump Administration Billie Eilish destroying country","2","https://www.nme.com/news/music/trump-admin-says-billie-eilish-is-destroying-our-country-and-everything-we-care-about-2803852","14.337733268737793","False","Editor’s Note: A previous version of this story stated that the Trump administration said in a leaked document that Billie Eilish was “destroying our country and everything we care about”.
The document had actually quoted Eilish’s own comments about Trump, made at the Democratic National Convention."
"1","Trump Administration claimed songwriter Billie Eilish Is Destroying Our Country In Leaked Documents","Refuted","Refuted","True","2","There is no public record or widely reported information about leaked documents from the Trump Administration claiming that Billie Eilish is destroying the country.","leaked documents Trump Administration Billie Eilish destroying country","3","https://www.justjared.com/2020/10/29/trump-administration-official-accused-billie-eilish-of-destroying-our-country/","14.36501693725586","False","Trump Administration Official Accused Billie Eilish of 'Destroying Our Country'
- A top official in Donald Trump‘s administration accused Billie Eilish of “destroying our country” – TMZ
- She’s back in the Saved by the Bell reboot – DListed
- The American Horror Story house is really haunted? – TooF"
"1","Trump Administration claimed songwriter Billie Eilish Is Destroying Our Country In Leaked Documents","Refuted","Refuted","True","2","There is no public record or widely reported information about leaked documents from the Trump Administration claiming that Billie Eilish is destroying the country.","leaked documents Trump Administration Billie Eilish destroying country","4","https://happymag.tv/leaked-trump-docs-billie-eilish-destroying-america/","15.34274673461914","False","The Trump administration has labelled the 18-year-old, green-haired superstar Billie Eilish a threat to the sanctity of America.
US President Donald Trump, admired by world dictators and extremist religious groups alike, is seemingly concerned by a less likely presence when it comes to the erosion o"
"1","Trump Administration claimed songwriter Billie Eilish Is Destroying Our Country In Leaked Documents","Refuted","Refuted","True","3","Billie Eilish has publicly criticized Donald Trump, particularly during the 2020 presidential election, but this did not involve government accusations in leaked documents.","Billie Eilish political views Donald Trump","0","https://www.newshub.co.nz/home/entertainment/2020/10/trump-administration-accuses-billie-eilish-of-destroying-our-country-in-bizarre-leaked-document.html","14.787637710571289","False","Billie Eilish has been accused of ""destroying"" America by officials from President Donald Trump's administration in a leaked document about a potential COVID-themed advertising campaign.
According to the Washington Post, documents pertaining to a pro-Trump public health campaign vetted various celeb"
"1","Trump Administration claimed songwriter Billie Eilish Is Destroying Our Country In Leaked Documents","Refuted","Refuted","True","3","Billie Eilish has publicly criticized Donald Trump, particularly during the 2020 presidential election, but this did not involve government accusations in leaked documents.","Billie Eilish political views Donald Trump","1","https://money.yahoo.com/leaked-trump-admin-document-describes-191559664.html","15.118171691894531","False","Leaked Trump Admin Document Describes Billie Eilish as 'Destroying Our Country and Everything We Care About'
A leading Trump administration official reportedly tainted a $250 million advertising contract originally intended to ""defeat despair and inspire hope"" amid the pandemic by, among other sadly"
"1","Trump Administration claimed songwriter Billie Eilish Is Destroying Our Country In Leaked Documents","Refuted","Refuted","True","3","Billie Eilish has publicly criticized Donald Trump, particularly during the 2020 presidential election, but this did not involve government accusations in leaked documents.","Billie Eilish political views Donald Trump","2","https://finance.yahoo.com/news/leaked-trump-admin-document-describes-191559664.html","15.11907958984375","False","Leaked Trump Admin Document Describes Billie Eilish as 'Destroying Our Country and Everything We Care About'
A leading Trump administration official reportedly tainted a $250 million advertising contract originally intended to ""defeat despair and inspire hope"" amid the pandemic by, among other sadly"
"1","Trump Administration claimed songwriter Billie Eilish Is Destroying Our Country In Leaked Documents","Refuted","Refuted","True","3","Billie Eilish has publicly criticized Donald Trump, particularly during the 2020 presidential election, but this did not involve government accusations in leaked documents.","Billie Eilish political views Donald Trump","3","https://uproxx.com/pop/trump-billie-eilish-destroying-america/","15.182500839233398","False","Update: The Washington Post‘s original story incorrectly attributed a Billie Eilish quote to Trump’s campaign.
Eilish was the one who originally said Trump was “destroying our country and everything we care about.”
The headline of this article has been modified to correct this error.
Trump apparentl"
"1","Trump Administration claimed songwriter Billie Eilish Is Destroying Our Country In Leaked Documents","Refuted","Refuted","True","3","Billie Eilish has publicly criticized Donald Trump, particularly during the 2020 presidential election, but this did not involve government accusations in leaked documents.","Billie Eilish political views Donald Trump","4","https://news.sky.com/story/us-election-2020-billie-eilish-urges-young-people-to-vote-like-our-lives-and-the-world-depend-on-it-12052918","15.430468559265137","False","US election 2020: Billie Eilish urges young people to 'vote like our lives and the world depend on it'
""You don't need me to tell you things are a mess - Trump is destroying our country and everything we care about,"" the singer said.
Billie Eilish has hit out at Donald Trump for ""destroying"" the US "
"2","Due to Imran Khan's criticism of Macron's comments on Islam, French authorities cancelled the visas of 183 Pakistani citizens and deported 118 from the country.","Refuted","Conflicting Evidence/Cherrypicking","True","0","In October 2020, French President Emmanuel Macron made strong comments about Islam and secularism following the murder of teacher Samuel Paty.","Macron comments on Islam October 2020","0","https://www.telegraph.co.uk/politics/2020/10/29/vilification-macron-muslim-countries-disturbing/","18.404346466064453","False","For France, October 2020 will now be remembered as a devastating month of Islamist terrorism. Vicious attacks of religiously-motivated barbarism on the integrity of the French secular republic.
Following the decapitation of schoolteacher Samuel Paty in the north-western suburbs of Paris after showin"
"2","Due to Imran Khan's criticism of Macron's comments on Islam, French authorities cancelled the visas of 183 Pakistani citizens and deported 118 from the country.","Refuted","Conflicting Evidence/Cherrypicking","True","0","In October 2020, French President Emmanuel Macron made strong comments about Islam and secularism following the murder of teacher Samuel Paty.","Macron comments on Islam October 2020","1","https://www.indiatoday.in/world/story/backlash-over-french-president-emmanuel-macron-comment-on-islam-explained-boycottfrenchproducts-1735400-2020-10-27","18.501609802246094","False","Backlash over French President Emmanuel Macron's comment on Islam explained
French President Emmanuel Macron has been facing severe backlash over his ""Islam is a religion that is in crisis all over the world"" comment.
From #boycottfrenchproducts trending on social media to world leaders' scathing at"
"2","Due to Imran Khan's criticism of Macron's comments on Islam, French authorities cancelled the visas of 183 Pakistani citizens and deported 118 from the country.","Refuted","Conflicting Evidence/Cherrypicking","True","0","In October 2020, French President Emmanuel Macron made strong comments about Islam and secularism following the murder of teacher Samuel Paty.","Macron comments on Islam October 2020","2","https://www.nzherald.co.nz/world/french-president-emmanuel-macron-faces-backlash-over-islamophobia-comments/IXD5LQKVGONLMXT2ANFHFPL2UQ/","18.88536262512207","False","French President Emmanuel Macron's response to his country's recent terror attacks has led to a huge backlash from Muslim leaders around the world and prompted boycotts and violent protests.
Last week, an 18-year-old Islamic extremist beheaded a high school teacher over his disrespectful portrayal o"
"2","Due to Imran Khan's criticism of Macron's comments on Islam, French authorities cancelled the visas of 183 Pakistani citizens and deported 118 from the country.","Refuted","Conflicting Evidence/Cherrypicking","True","0","In October 2020, French President Emmanuel Macron made strong comments about Islam and secularism following the murder of teacher Samuel Paty.","Macron comments on Islam October 2020","3","https://theprint.in/national-interest/5-reasons-for-the-crisis-in-global-islam/534270/","19.534194946289062","False","French President Emmanuel Macron merely dared to say Islam is in crisis, and got himself into big trouble.
Turkey’s Recep Tayyip Erdogan asked him to get his head examined. Pakistan’s Imran Khan wrote a two-page sermon to fellow Muslim nations calling for a re-education of the West about Islam.
No s"
"2","Due to Imran Khan's criticism of Macron's comments on Islam, French authorities cancelled the visas of 183 Pakistani citizens and deported 118 from the country.","Refuted","Conflicting Evidence/Cherrypicking","True","0","In October 2020, French President Emmanuel Macron made strong comments about Islam and secularism following the murder of teacher Samuel Paty.","Macron comments on Islam October 2020","4","https://www.elysee.fr/en/emmanuel-macron/2020/10/31/interview-granted-to-al-jazeera-by-the-french-president-emmanuel-macron","19.580120086669922","False","Interview granted to Al-Jazeera by the french President Emmanuel Macron :
INTERVIEW GRANTED TO AL-JAZEERA BY THE FRENCH PRESIDENT EMMANUEL MACRON
Thank you for agreeing to this interview with Al Jazeera. France has suffered attacks twice in the last two weeks, and is doubly in shock: in a school in "
"2","Due to Imran Khan's criticism of Macron's comments on Islam, French authorities cancelled the visas of 183 Pakistani citizens and deported 118 from the country.","Refuted","Conflicting Evidence/Cherrypicking","True","1","Pakistani Prime Minister Imran Khan publicly criticized Macron's remarks on Islam in late October 2020.","Imran Khan criticizes Macron October 2020","0","https://mmnews.tv/pm-imran-lashes-out-at-french-president-macron-for-anti-muslim-attitude/","15.645960807800293","False","ISLAMABAD: Prime Minister Imran Khan on Sunday lashed out at the French President Emmanuel Macron over his anti-Muslim attitude, criticizing him for hurting the sentiments of millions of Muslims across the globe.
In a series of tweets today, the prime minister, while presenting examples of the iconi"
"2","Due to Imran Khan's criticism of Macron's comments on Islam, French authorities cancelled the visas of 183 Pakistani citizens and deported 118 from the country.","Refuted","Conflicting Evidence/Cherrypicking","True","1","Pakistani Prime Minister Imran Khan publicly criticized Macron's remarks on Islam in late October 2020.","Imran Khan criticizes Macron October 2020","1","https://www.dw.com/en/pakistans-imran-khan-slams-french-president-macrons-views-on-islam/a-55394035","16.10845184326172","False","Pakistan's Khan slams Macron's views on IslamOctober 26, 2020
Pakistan's Prime Minister Imran Khan joined Turkish President Recep Tayyip Erdogan on Sunday in criticizing French President Emmanuel Macron for his recent comments on Islam.
""This is a time when President Macron could have put a healing "
"2","Due to Imran Khan's criticism of Macron's comments on Islam, French authorities cancelled the visas of 183 Pakistani citizens and deported 118 from the country.","Refuted","Conflicting Evidence/Cherrypicking","True","1","Pakistani Prime Minister Imran Khan publicly criticized Macron's remarks on Islam in late October 2020.","Imran Khan criticizes Macron October 2020","2","https://www.wionews.com/south-asia/pakistans-imran-khan-accuses-french-president-emmanuel-macron-of-attacking-islam-337836","16.499256134033203","False","Pakistan's Imran Khan accuses French President Emmanuel Macron of 'attacking Islam'
Khan has spoken against Macron after he claimed, this month, that 'Islam is a religion that is in crisis all over the world
Pakistan's Prime Minister Imran Khan has accused the French President Emmanuel Macron of ""at"
"2","Due to Imran Khan's criticism of Macron's comments on Islam, French authorities cancelled the visas of 183 Pakistani citizens and deported 118 from the country.","Refuted","Conflicting Evidence/Cherrypicking","True","1","Pakistani Prime Minister Imran Khan publicly criticized Macron's remarks on Islam in late October 2020.","Imran Khan criticizes Macron October 2020","3","https://runwaypakistan.com/imran-khan-responds-to-islamophobic-french-president-macron/","16.645421981811523","False","Imran Khan Responds to Islamophobic French President Macron
Imran Khan has denounced French President, Macron's remarks and anti-Islam policies stating that they are encouraging the spread of Islamophobia.
Prime Minister Imran Khan responded to the anti-Islamic policies of the French President Emman"
"2","Due to Imran Khan's criticism of Macron's comments on Islam, French authorities cancelled the visas of 183 Pakistani citizens and deported 118 from the country.","Refuted","Conflicting Evidence/Cherrypicking","True","1","Pakistani Prime Minister Imran Khan publicly criticized Macron's remarks on Islam in late October 2020.","Imran Khan criticizes Macron October 2020","4","https://www.hindustantimes.com/world-news/pakistan-s-pm-imran-khan-accuses-french-prez-macron-of-attacking-islam/story-l8i0l9FpBAqqhj69TiTa0N.html","16.94327163696289","False","Pakistan’s PM Imran Khan accuses French prez Macron of ‘attacking Islam’
Khan’s comments follow statements Macron made last week after a French teacher was beheaded near Paris after he had shown cartoons of the Prophet during a class he was leading on free speech.
Pakistani Prime Minister Imran Khan"
"2","Due to Imran Khan's criticism of Macron's comments on Islam, French authorities cancelled the visas of 183 Pakistani citizens and deported 118 from the country.","Refuted","Conflicting Evidence/Cherrypicking","True","2","France tightened visa policies and there were reports of deportations of Pakistani nationals from Europe around that period.","France visa restrictions Pakistani citizens 2020","0","https://tribune.com.pk/story/1119830/diplomatic-row-pakistan-refuses-accept-deportee-france","18.6970157623291","False","ISLAMABAD: Pakistan and France found themselves on the verge of a diplomatic spat on Thursday after the former refused to accept a deportee till his credentials are verified and other legal documentary requirements are completed.
France wants to deport Muhammad Mansha to Pakistan for criminal activi"
"2","Due to Imran Khan's criticism of Macron's comments on Islam, French authorities cancelled the visas of 183 Pakistani citizens and deported 118 from the country.","Refuted","Conflicting Evidence/Cherrypicking","True","2","France tightened visa policies and there were reports of deportations of Pakistani nationals from Europe around that period.","France visa restrictions Pakistani citizens 2020","1","https://en.wikipedia.org/wiki/Pakistanis_in_France","18.98924446105957","False","in Overseas DOM-TOM Réunion, French Guiana, Guadeloupe, Martinique
There is a population of Pakistanis in France, primarily of Punjabi origin from Punjab and Azad Kashmir.
Large-scale Pakistani migration to France began in the 1970s; they clustered around the Rue du Faubourg-Saint-Denis in the 10th "
"2","Due to Imran Khan's criticism of Macron's comments on Islam, French authorities cancelled the visas of 183 Pakistani citizens and deported 118 from the country.","Refuted","Conflicting Evidence/Cherrypicking","True","2","France tightened visa policies and there were reports of deportations of Pakistani nationals from Europe around that period.","France visa restrictions Pakistani citizens 2020","2","https://www.mha.gov.in/PDF_Other/AnnexV_01022018.pdf","19.638755798339844","False","Grant of visa to Pakistani nationals is governed by the India-Pakistan Visa Agreement, 2012 as 
may be amended from time to time and the executive instructions that may be issued in this 
A Diplomatic visa valid for multiple entries is issued to the Heads of the Pakistani Diplomatic 
and Consular Mi"
"2","Due to Imran Khan's criticism of Macron's comments on Islam, French authorities cancelled the visas of 183 Pakistani citizens and deported 118 from the country.","Refuted","Conflicting Evidence/Cherrypicking","True","2","France tightened visa policies and there were reports of deportations of Pakistani nationals from Europe around that period.","France visa restrictions Pakistani citizens 2020","3","http://www.pakembparis.com/tourist-visa/","20.253196716308594","False","Eligibility. To avail this Visa facility, you must be a citizen of France & Monaco. Third country nationals living in France, included in this list here (Click here) are also eligible to apply for a tourist visa.
- Invitation Letter from the sponsor or hotel booking details in case of individual tou"
"2","Due to Imran Khan's criticism of Macron's comments on Islam, French authorities cancelled the visas of 183 Pakistani citizens and deported 118 from the country.","Refuted","Conflicting Evidence/Cherrypicking","True","2","France tightened visa policies and there were reports of deportations of Pakistani nationals from Europe around that period.","France visa restrictions Pakistani citizens 2020","4","https://visa.nadra.gov.pk/visa-on-arrival-tourist/","20.272920608520508","False","You can now apply for a Tourist Visa on Arrival if you are a citizen of these countries .
Please submit your intent to travel at least 48-72 hours before your planned trip to Pakistan to receive an Electronic Travel Authorization (ETA) – (Please Note: You can state your intent by submitting online v"
"2","Due to Imran Khan's criticism of Macron's comments on Islam, French authorities cancelled the visas of 183 Pakistani citizens and deported 118 from the country.","Refuted","Conflicting Evidence/Cherrypicking","True","3","The specific numbers cited—183 visas cancelled and 118 deported as a direct, targeted response—were not reported by major credible news agencies or confirmed by official French or Pakistani statements.","""183 visas"" ""118 deported"" Pakistan France","0","https://tribune.com.pk/story/1119830/diplomatic-row-pakistan-refuses-accept-deportee-france","15.954581260681152","False","ISLAMABAD: Pakistan and France found themselves on the verge of a diplomatic spat on Thursday after the former refused to accept a deportee till his credentials are verified and other legal documentary requirements are completed.
France wants to deport Muhammad Mansha to Pakistan for criminal activi"
"2","Due to Imran Khan's criticism of Macron's comments on Islam, French authorities cancelled the visas of 183 Pakistani citizens and deported 118 from the country.","Refuted","Conflicting Evidence/Cherrypicking","True","3","The specific numbers cited—183 visas cancelled and 118 deported as a direct, targeted response—were not reported by major credible news agencies or confirmed by official French or Pakistani statements.","""183 visas"" ""118 deported"" Pakistan France","1","https://www.france24.com/en/20130404-pakistan-deports-three-french-jihad-suspects-afghanistan","17.58121109008789","False","Pakistan has deported three French nationals who planned to fight NATO forces in Afghanistan, officials said Thursday.
The case is likely to draw parallels with Mohammed Merah, who shot dead seven people in 2012 after returning from Pakistan.
Pakistan has deported three Frenchmen who have been held "
"2","Due to Imran Khan's criticism of Macron's comments on Islam, French authorities cancelled the visas of 183 Pakistani citizens and deported 118 from the country.","Refuted","Conflicting Evidence/Cherrypicking","True","3","The specific numbers cited—183 visas cancelled and 118 deported as a direct, targeted response—were not reported by major credible news agencies or confirmed by official French or Pakistani statements.","""183 visas"" ""118 deported"" Pakistan France","2","https://web.archive.org/web/20210629013122/https://twitter.com/PakConsulateFr/status/1322495811993903104","17.69953727722168","True","After cross-checking the list of deportees handed to us, we have found the name of Lt.Gen Ahmad shuja pasha's sister there.
We've requested french authorities to provide her temporary stay as she wants to see her ailing mother-in-law.
No clarification has yet provided by the French immigration depar"
"2","Due to Imran Khan's criticism of Macron's comments on Islam, French authorities cancelled the visas of 183 Pakistani citizens and deported 118 from the country.","Refuted","Conflicting Evidence/Cherrypicking","True","3","The specific numbers cited—183 visas cancelled and 118 deported as a direct, targeted response—were not reported by major credible news agencies or confirmed by official French or Pakistani statements.","""183 visas"" ""118 deported"" Pakistan France","3","https://www.dawn.com/news/1220317","18.747682571411133","False","Pakistan demands 'proof' of terror charges for deportees
ISLAMABAD: Pakistan on Tuesday instructed its diplomatic missions in European capitals to demand evidence of a potential crime when host countries sought to deport illegal immigrants being held on terror charges to Pakistan.
The move came days"
"2","Due to Imran Khan's criticism of Macron's comments on Islam, French authorities cancelled the visas of 183 Pakistani citizens and deported 118 from the country.","Refuted","Conflicting Evidence/Cherrypicking","True","3","The specific numbers cited—183 visas cancelled and 118 deported as a direct, targeted response—were not reported by major credible news agencies or confirmed by official French or Pakistani statements.","""183 visas"" ""118 deported"" Pakistan France","4","https://www.dawn.com/news/1447788","19.847997665405273","False","Undocumented Pakistani immigrants hide in the shadows in Paris
Nestled in the safety of a shared Parisian apartment, 28-year old Muhammad Khan recounts his perilous voyage to European shores on a boat that nearly capsized.
Without any prior nautical training, Muhammad Khan, an illegal Afghan immigra"
"3","UNESCO declared Nadar community as the most ancient race in the world.","Refuted","Refuted","True","0","UNESCO does not make declarations about 'most ancient races' because its work centers on world heritage, education, and cultural preservation, not on anthropological rankings.","UNESCO declaration most ancient race world","0","http://www.honestthinking.org/en/unesco/UNESCO.1950.Statement_on_Race.htm","20.673276901245117","False","This UNESCO statement is of considerable historic interest, and is made available in searchable/indexable format by HonestThinking.
As documented by UNESCO itself, this declaration from 1950 was heavily critisized by researchers who was concerned that ""freedom of scientific enquiry is imperilled whe"
"3","UNESCO declared Nadar community as the most ancient race in the world.","Refuted","Refuted","True","0","UNESCO does not make declarations about 'most ancient races' because its work centers on world heritage, education, and cultural preservation, not on anthropological rankings.","UNESCO declaration most ancient race world","1","https://www.ncbi.nlm.nih.gov/pmc/articles/PMC4728368/","20.893577575683594","False","Indigenous Arabs are descendants of the earliest split from ancient Eurasian populations
- supp_26_2_151__index.html (901 bytes)GUID: F784EE8C-E398-43DB-86AE-7BF4AF5B1B9CGUID: 6C6D786A-77B7-4822-BA95-9AF4C00B04D0
An open question in the history of human migration is the identity of the earliest Eura"
"3","UNESCO declared Nadar community as the most ancient race in the world.","Refuted","Refuted","True","0","UNESCO does not make declarations about 'most ancient races' because its work centers on world heritage, education, and cultural preservation, not on anthropological rankings.","UNESCO declaration most ancient race world","2","https://www.dailymail.co.uk/sciencetech/article-1176140/Meet-ancestors-DNA-study-pinpoints-Namibia-home-worlds-ancient-race.html","21.245975494384766","False","Meet the ancestors: DNA study pinpoints Namibia as home to the world's most ancient race
Scientists have long known that humans originated in Africa, but now a groundbreaking DNA study has revealed our 'Garden of Eden' is likely to be on the South African-Namibian border.
For it is the San people, h"
"3","UNESCO declared Nadar community as the most ancient race in the world.","Refuted","Refuted","True","0","UNESCO does not make declarations about 'most ancient races' because its work centers on world heritage, education, and cultural preservation, not on anthropological rankings.","UNESCO declaration most ancient race world","3","https://www.independent.co.uk/news/science/world-s-most-ancient-race-traced-in-dna-study-1677113.html","21.2781925201416","True","The San people of southern Africa, who have lived as hunter-gatherers for thousands of years, are likely to be the oldest population of humans on Earth, according to the biggest and most detailed analysis of African DNA.
The San, also known as bushmen, are directly descended from the original popula"
"3","UNESCO declared Nadar community as the most ancient race in the world.","Refuted","Refuted","True","0","UNESCO does not make declarations about 'most ancient races' because its work centers on world heritage, education, and cultural preservation, not on anthropological rankings.","UNESCO declaration most ancient race world","4","https://www.independent.co.uk/news/science/world-s-most-ancient-race-traced-in-dna-study-1677113.html","21.283004760742188","True","The San people of southern Africa, who have lived as hunter-gatherers for thousands of years, are likely to be the oldest population of humans on Earth, according to the biggest and most detailed analysis of African DNA.
The San, also known as bushmen, are directly descended from the original popula"
"3","UNESCO declared Nadar community as the most ancient race in the world.","Refuted","Refuted","True","1","There is no widely reported or official UNESCO press release or document that names the Nadar community as the most ancient race.","UNESCO Nadar community most ancient race declaration","0","https://www.familytreedna.com/groups/nadar/about/background","18.264867782592773","True","Nadar (also referred as Nadan, Shanar) is a caste of Tamil Nadu & Kerala, South India. The Nadars are an entrepreneurial south Indian caste] and constitute 12% of Tamil Nadu's population.
The Nadar community was not a singular caste, but an assortment of sub-castes and classes of different origins, "
"3","UNESCO declared Nadar community as the most ancient race in the world.","Refuted","Refuted","True","1","There is no widely reported or official UNESCO press release or document that names the Nadar community as the most ancient race.","UNESCO Nadar community most ancient race declaration","1","https://www.familytreedna.com/groups/nadar/about/background","18.26578140258789","True","Nadar (also referred as Nadan, Shanar) is a caste of Tamil Nadu & Kerala, South India. The Nadars are an entrepreneurial south Indian caste] and constitute 12% of Tamil Nadu's population.
The Nadar community was not a singular caste, but an assortment of sub-castes and classes of different origins, "
"3","UNESCO declared Nadar community as the most ancient race in the world.","Refuted","Refuted","True","1","There is no widely reported or official UNESCO press release or document that names the Nadar community as the most ancient race.","UNESCO Nadar community most ancient race declaration","2","https://nadarworld.wordpress.com/tag/nadar-caste/","18.40981101989746","False","Nadar (also referred as Nadan, Shanar) is a caste of Tamil Nadu and Kerala in South India, and also of Sri Lanka.
Nadars are predominant in the southern districts of Tuticorin, Kaniyakumari, Tirunelveli and Virudhunagar.
The Nadar community was not a single caste, but developed from an assortment of"
"3","UNESCO declared Nadar community as the most ancient race in the world.","Refuted","Refuted","True","1","There is no widely reported or official UNESCO press release or document that names the Nadar community as the most ancient race.","UNESCO Nadar community most ancient race declaration","3","https://dbpedia.org/page/Nadar_(caste)","19.242895126342773","False","- Nadar (also referred to as Nadan, Shanar and Shanan) is a Tamil caste of India. Nadars are predominant in the districts of Kanyakumari, Thoothukudi, Tirunelveli and Virudhunagar.
The Nadar community was not a single caste, but developed from an assortment of related subcastes, which in course of t"
"3","UNESCO declared Nadar community as the most ancient race in the world.","Refuted","Refuted","True","1","There is no widely reported or official UNESCO press release or document that names the Nadar community as the most ancient race.","UNESCO Nadar community most ancient race declaration","4","http://www.nadar.org/nadars-who-are-they/","20.05162239074707","False","Nadars are one of the earliest inhabitants of our land, Bharat, which was later called by the Arabs as “Al Hind”.
In Biblical times they were known as the “People of Five Rivers”. But their origin is in the South, known to us as “Komari Land” which is the originator of the great Mediterranean Cultur"
"3","UNESCO declared Nadar community as the most ancient race in the world.","Refuted","Refuted","True","2","The Nadar community is a Tamil-speaking group from South India, classified historically as a caste or social group, not a biologically distinct race.","Nadar community origin classification","0","https://www.familytreedna.com/groups/nadar/about/background","14.146048545837402","True","Nadar (also referred as Nadan, Shanar) is a caste of Tamil Nadu & Kerala, South India. The Nadars are an entrepreneurial south Indian caste] and constitute 12% of Tamil Nadu's population.
The Nadar community was not a singular caste, but an assortment of sub-castes and classes of different origins, "
"3","UNESCO declared Nadar community as the most ancient race in the world.","Refuted","Refuted","True","2","The Nadar community is a Tamil-speaking group from South India, classified historically as a caste or social group, not a biologically distinct race.","Nadar community origin classification","1","https://www.familytreedna.com/groups/nadar/about/background","14.14683723449707","True","Nadar (also referred as Nadan, Shanar) is a caste of Tamil Nadu & Kerala, South India. The Nadars are an entrepreneurial south Indian caste] and constitute 12% of Tamil Nadu's population.
The Nadar community was not a singular caste, but an assortment of sub-castes and classes of different origins, "
"3","UNESCO declared Nadar community as the most ancient race in the world.","Refuted","Refuted","True","2","The Nadar community is a Tamil-speaking group from South India, classified historically as a caste or social group, not a biologically distinct race.","Nadar community origin classification","2","https://nadarworld.wordpress.com/tag/nadar-caste/","14.836962699890137","False","Nadar (also referred as Nadan, Shanar) is a caste of Tamil Nadu and Kerala in South India, and also of Sri Lanka.
Nadars are predominant in the southern districts of Tuticorin, Kaniyakumari, Tirunelveli and Virudhunagar.
The Nadar community was not a single caste, but developed from an assortment of"
"3","UNESCO declared Nadar community as the most ancient race in the world.","Refuted","Refuted","True","2","The Nadar community is a Tamil-speaking group from South India, classified historically as a caste or social group, not a biologically distinct race.","Nadar community origin classification","3","https://www.familytreedna.com/groups/nadar","15.249900817871094","False","Nadar (also referred as Nadan, Shanar) is a caste of Tamil Nadu & Kerala, South India. The Nadars are an entrepreneurial south Indian caste] and constitute 12% of Tamil Nadu's population.
The Nadar community was not a singular caste, but an assortment of sub-castes and classes of different origins, "
"3","UNESCO declared Nadar community as the most ancient race in the world.","Refuted","Refuted","True","2","The Nadar community is a Tamil-speaking group from South India, classified historically as a caste or social group, not a biologically distinct race.","Nadar community origin classification","4","http://nadarslife.blogspot.com/2017/","15.89548110961914","False","""Chanar"" redirects here. For places in Iran, see Chenar
|Tirunelveli, Tuticorin, Tiruchendur,Virudhunagar, Madurai, Thanjavur, Chennai,Kanyakumari, Trivandrum, Kollam
The Nadar community was not a single caste, but developed from an assortment of related subcastes and classes of different origins, w"
"3","UNESCO declared Nadar community as the most ancient race in the world.","Refuted","Refuted","True","3","False claims of UNESCO designating certain groups as the 'oldest' or 'most ancient' are common internet hoaxes, as seen with similar claims about Sanskrit or other Indian communities.","UNESCO hoax oldest language Sanskrit myth","0","https://www.eranielpalace.com/nadarHistory.php","21.449886322021484","False","“If I were asked under the sky, human mind was most fully developed some of its choicest gifts. I should point to India”
- By Maxmuller (Studies in the Cultural History of India, p, 8).
India had such a great diversified huge culture. Who had made it? How was it destroyed or diverted? The people wer"
"3","UNESCO declared Nadar community as the most ancient race in the world.","Refuted","Refuted","True","3","False claims of UNESCO designating certain groups as the 'oldest' or 'most ancient' are common internet hoaxes, as seen with similar claims about Sanskrit or other Indian communities.","UNESCO hoax oldest language Sanskrit myth","1","https://en.wikipedia.org/wiki/Talk%3ANadar_(caste)%2FArchive_4","21.504131317138672","False","|This is an archive of past discussions. Do not edit the contents of this page. If you wish to start a new discussion or revive an old one, please do so on the current talk page.
Hmmmmmmm it does not seem that the ""source"" actually has content to support claims in article[1] [2].
Well these books yo"
"3","UNESCO declared Nadar community as the most ancient race in the world.","Refuted","Refuted","True","3","False claims of UNESCO designating certain groups as the 'oldest' or 'most ancient' are common internet hoaxes, as seen with similar claims about Sanskrit or other Indian communities.","UNESCO hoax oldest language Sanskrit myth","2","https://youthincmag.com/nalanda-university-unesco-world-heritage-list","21.559833526611328","False","People from every nook and corner of the country would undeniably agree that India has one of the most serene, beautiful and the most loved heritage destinations across the globe.
With this, India is flying high as Bihar’s Nalanda University (more popularly known as Nalanda Mahavihara), one of the o"
"3","UNESCO declared Nadar community as the most ancient race in the world.","Refuted","Refuted","True","3","False claims of UNESCO designating certain groups as the 'oldest' or 'most ancient' are common internet hoaxes, as seen with similar claims about Sanskrit or other Indian communities.","UNESCO hoax oldest language Sanskrit myth","3","https://www.nadarindia.com/user_feedback.php","21.588470458984375","False","Jabasten Joseph wrote on Saturday, 03rd January 2015
Its great to see the histories of NADARs....thank the admin whole heartedly...still many personalities r left out...happy if it s added...Valga Nadar kulam,Valarga en Nadar Kula makkal...
Thanks for the comments. Get involved in the field. Read go"
"3","UNESCO declared Nadar community as the most ancient race in the world.","Refuted","Refuted","True","3","False claims of UNESCO designating certain groups as the 'oldest' or 'most ancient' are common internet hoaxes, as seen with similar claims about Sanskrit or other Indian communities.","UNESCO hoax oldest language Sanskrit myth","4","https://eranielpalace.com/nadars_short_history.php","21.835084915161133","False","The Nadars, popularly known as Santors, in Tamil, (Channan in corrupted Malayalam) had a very high, noble, glorious history, as Kings, Ambassadors, Philosophers, Sages, Warriors, Craftsmen, Artisans, Tradesmen and multi-Craftsmen.
History indicates that they were worshiped even as gods!!(Amarar Pura"
"4","Republican Matt Gaetz was part of a company that had to pay 75 million in hospice fraud. They stole from dying people.","Refuted","Conflicting Evidence/Cherrypicking","True","0","VITAS Healthcare Corporation, which was co-founded by Don Gaetz (father of Matt Gaetz), settled with the U.S. Department of Justice for approximately $75 million to resolve allegations of hospice fraud.","VITAS Healthcare $75 million settlement hospice fraud Department of Justice","0","https://homehealthcarenews.com/2017/11/75-million-settlement-reached-in-hospice-false-claims-case/","12.387885093688965","False","The largest for-profit hospice chain in the nation and its parent company have agreed to pay $75 million to resolve false claims allegations for hospice services, the Department of Justice announced.
The resolution is the largest amount recovered from a provider of hospice services under the False C"
"4","Republican Matt Gaetz was part of a company that had to pay 75 million in hospice fraud. They stole from dying people.","Refuted","Conflicting Evidence/Cherrypicking","True","0","VITAS Healthcare Corporation, which was co-founded by Don Gaetz (father of Matt Gaetz), settled with the U.S. Department of Justice for approximately $75 million to resolve allegations of hospice fraud.","VITAS Healthcare $75 million settlement hospice fraud Department of Justice","1","https://www.justice.gov/opa/pr/chemed-corp-and-vitas-hospice-services-agree-pay-75-million-resolve-false-claims-act","13.849217414855957","False","Chemed Corporation and various wholly-owned subsidiaries, including Vitas Hospice Services LLC and Vitas Healthcare Corporation, have agreed to pay $75 million to resolve a government lawsuit alleging that defendants violated the False Claims Act (FCA) by submitting false claims for hospice services"
"4","Republican Matt Gaetz was part of a company that had to pay 75 million in hospice fraud. They stole from dying people.","Refuted","Conflicting Evidence/Cherrypicking","True","0","VITAS Healthcare Corporation, which was co-founded by Don Gaetz (father of Matt Gaetz), settled with the U.S. Department of Justice for approximately $75 million to resolve allegations of hospice fraud.","VITAS Healthcare $75 million settlement hospice fraud Department of Justice","2","https://www.newsherald.com/story/news/crime/2013/05/09/1-140101/33953963007/","14.07655143737793","False","Largest US hospice company sued for Medicare fraud
A lawsuit filed by the U.S. Department of Justice asserts that Vitas Hospice Services, a company founded in 1983 by a group that included state Senate President Don Gaetz, submitted fraudulent bills for Medicare payment.
The lawsuit alleges that for"
"4","Republican Matt Gaetz was part of a company that had to pay 75 million in hospice fraud. They stole from dying people.","Refuted","Conflicting Evidence/Cherrypicking","True","0","VITAS Healthcare Corporation, which was co-founded by Don Gaetz (father of Matt Gaetz), settled with the U.S. Department of Justice for approximately $75 million to resolve allegations of hospice fraud.","VITAS Healthcare $75 million settlement hospice fraud Department of Justice","3","https://bergermontague.com/nations-largest-hospice-chain-faces-false-claims-act-lawsuit-for-medicare-fraud/","14.984718322753906","False","Nation’s Largest Hospice Chain Faces False Claims Act Lawsuit for Medicare Fraud
The U.S. Department of Justice (DOJ) announced a False Claims Act lawsuit earlier this month against the nation’s largest for-profit hospice chain.
Vitas Hospice Services LLC and Vitas Healthcare Corporation, both owned"
"4","Republican Matt Gaetz was part of a company that had to pay 75 million in hospice fraud. They stole from dying people.","Refuted","Conflicting Evidence/Cherrypicking","True","0","VITAS Healthcare Corporation, which was co-founded by Don Gaetz (father of Matt Gaetz), settled with the U.S. Department of Justice for approximately $75 million to resolve allegations of hospice fraud.","VITAS Healthcare $75 million settlement hospice fraud Department of Justice","4","https://oig.hhs.gov/fraud/enforcement/chemed-corp-and-vitas-hospice-services-agree-to-pay-75-million-to-resolve-false-claims-act-allegations-relating-to-billing-for-ineligible-patients-and-inflated-levels-of-care/","15.870050430297852","False","Chemed Corp. and Vitas Hospice Services Agree to Pay $75 Million to Resolve False Claims Act Allegations Relating to Billing for Ineligible Patients and Inflated Levels of Care
Chemed Corporation and various wholly-owned subsidiaries, including Vitas Hospice Services LLC and Vitas Healthcare Corpora"
"4","Republican Matt Gaetz was part of a company that had to pay 75 million in hospice fraud. They stole from dying people.","Refuted","Conflicting Evidence/Cherrypicking","True","1","Don Gaetz was a co-founder of VITAS Healthcare but sold his ownership stake before the period covered by the federal fraud settlement.","Don Gaetz VITAS Healthcare sale stake co-founder","0","https://www.deseret.com/2013/5/9/20451919/largest-us-hospice-company-sued-for-medicare-fraud","14.437775611877441","False","FORT LAUDERDALE, Fla. — The Department of Justice is suing the hospice company founded by Florida's Senate president, accusing it of submitting tens of millions of dollars in fraudulent Medicare claims for more than a decade, including while Don Gaetz was vice chairman of the board.
Vitas Hospice an"
"4","Republican Matt Gaetz was part of a company that had to pay 75 million in hospice fraud. They stole from dying people.","Refuted","Conflicting Evidence/Cherrypicking","True","1","Don Gaetz was a co-founder of VITAS Healthcare but sold his ownership stake before the period covered by the federal fraud settlement.","Don Gaetz VITAS Healthcare sale stake co-founder","1","https://www.celebritynetworth.com/richest-politicians/republicans/don-gaetz-net-worth/","15.778913497924805","True","Don Gaetz is an American politician who has a net worth of $30 million. He is a former member of the Florida State Senate but is probably best-known or being the father of politician Matt Gaetz.
Don Gaetz was born in Rugby, North Dakota on January 22, 1948. His father Jerry Gaetz was a one-time mayo"
"4","Republican Matt Gaetz was part of a company that had to pay 75 million in hospice fraud. They stole from dying people.","Refuted","Conflicting Evidence/Cherrypicking","True","1","Don Gaetz was a co-founder of VITAS Healthcare but sold his ownership stake before the period covered by the federal fraud settlement.","Don Gaetz VITAS Healthcare sale stake co-founder","2","https://www.celebritynetworth.com/richest-politicians/republicans/don-gaetz-net-worth/","15.77929973602295","True","Don Gaetz is an American politician who has a net worth of $30 million. He is a former member of the Florida State Senate but is probably best-known or being the father of politician Matt Gaetz.
Don Gaetz was born in Rugby, North Dakota on January 22, 1948. His father Jerry Gaetz was a one-time mayo"
"4","Republican Matt Gaetz was part of a company that had to pay 75 million in hospice fraud. They stole from dying people.","Refuted","Conflicting Evidence/Cherrypicking","True","1","Don Gaetz was a co-founder of VITAS Healthcare but sold his ownership stake before the period covered by the federal fraud settlement.","Don Gaetz VITAS Healthcare sale stake co-founder","3","https://www.pnj.com/story/opinion/2019/07/20/marlette-mother-jones-kicks-open-gaetz/1761716001/","17.656982421875","False","In recent months, a national writer for Mother Jones magazine named Stephanie Mencimer has been digging into a story about the local roots of FloridaMan and U.S. Congressman Matt Gaetz.
It finally dropped last week. And it should be mandatory reading for residents of the Panhandle who need to unders"
"4","Republican Matt Gaetz was part of a company that had to pay 75 million in hospice fraud. They stole from dying people.","Refuted","Conflicting Evidence/Cherrypicking","True","1","Don Gaetz was a co-founder of VITAS Healthcare but sold his ownership stake before the period covered by the federal fraud settlement.","Don Gaetz VITAS Healthcare sale stake co-founder","4","https://www.newsherald.com/story/news/crime/2013/05/09/1-140101/33953963007/","17.969585418701172","False","Largest US hospice company sued for Medicare fraud
A lawsuit filed by the U.S. Department of Justice asserts that Vitas Hospice Services, a company founded in 1983 by a group that included state Senate President Don Gaetz, submitted fraudulent bills for Medicare payment.
The lawsuit alleges that for"
"4","Republican Matt Gaetz was part of a company that had to pay 75 million in hospice fraud. They stole from dying people.","Refuted","Conflicting Evidence/Cherrypicking","True","2","Matt Gaetz, a Republican U.S. Representative, was not an owner, executive, or employee of VITAS Healthcare during the time of the alleged fraud or the settlement.","Matt Gaetz VITAS Healthcare company involvement role","0","https://www.deseret.com/2013/5/9/20451919/largest-us-hospice-company-sued-for-medicare-fraud","17.609521865844727","False","FORT LAUDERDALE, Fla. — The Department of Justice is suing the hospice company founded by Florida's Senate president, accusing it of submitting tens of millions of dollars in fraudulent Medicare claims for more than a decade, including while Don Gaetz was vice chairman of the board.
Vitas Hospice an"
"4","Republican Matt Gaetz was part of a company that had to pay 75 million in hospice fraud. They stole from dying people.","Refuted","Conflicting Evidence/Cherrypicking","True","2","Matt Gaetz, a Republican U.S. Representative, was not an owner, executive, or employee of VITAS Healthcare during the time of the alleged fraud or the settlement.","Matt Gaetz VITAS Healthcare company involvement role","1","https://www.pnj.com/story/opinion/2019/07/20/marlette-mother-jones-kicks-open-gaetz/1761716001/","18.462238311767578","False","In recent months, a national writer for Mother Jones magazine named Stephanie Mencimer has been digging into a story about the local roots of FloridaMan and U.S. Congressman Matt Gaetz.
It finally dropped last week. And it should be mandatory reading for residents of the Panhandle who need to unders"
"4","Republican Matt Gaetz was part of a company that had to pay 75 million in hospice fraud. They stole from dying people.","Refuted","Conflicting Evidence/Cherrypicking","True","2","Matt Gaetz, a Republican U.S. Representative, was not an owner, executive, or employee of VITAS Healthcare during the time of the alleged fraud or the settlement.","Matt Gaetz VITAS Healthcare company involvement role","2","https://www.heraldtribune.com/story/news/2011/09/19/senates-next-leader-is-set/29045841007/","18.88836669921875","False","Family: Wife, Vicky Gaetz, married since 1981; son, Matt Gaetz, a lawyer and state House member from Fort Walton Beach; daughter, Erin Gaetz, a sports journalist in New York.
Education: Bachelor's degree in religion and political science, Concordia College. Master's degree in public administration, "
"4","Republican Matt Gaetz was part of a company that had to pay 75 million in hospice fraud. They stole from dying people.","Refuted","Conflicting Evidence/Cherrypicking","True","2","Matt Gaetz, a Republican U.S. Representative, was not an owner, executive, or employee of VITAS Healthcare during the time of the alleged fraud or the settlement.","Matt Gaetz VITAS Healthcare company involvement role","3","https://www.newsherald.com/story/news/crime/2013/05/09/1-140101/33953963007/","20.000892639160156","False","Largest US hospice company sued for Medicare fraud
A lawsuit filed by the U.S. Department of Justice asserts that Vitas Hospice Services, a company founded in 1983 by a group that included state Senate President Don Gaetz, submitted fraudulent bills for Medicare payment.
The lawsuit alleges that for"
"4","Republican Matt Gaetz was part of a company that had to pay 75 million in hospice fraud. They stole from dying people.","Refuted","Conflicting Evidence/Cherrypicking","True","2","Matt Gaetz, a Republican U.S. Representative, was not an owner, executive, or employee of VITAS Healthcare during the time of the alleged fraud or the settlement.","Matt Gaetz VITAS Healthcare company involvement role","4","https://www.celebritynetworth.com/richest-politicians/republicans/don-gaetz-net-worth/","20.06260108947754","True","Don Gaetz is an American politician who has a net worth of $30 million. He is a former member of the Florida State Senate but is probably best-known or being the father of politician Matt Gaetz.
Don Gaetz was born in Rugby, North Dakota on January 22, 1948. His father Jerry Gaetz was a one-time mayo"
"5","The United States of America and its Western allies have been using their media outlets to publish articles based on fabricated information under allegations of non-compliance with the Chemical Weapons Convention.","Refuted","Conflicting Evidence/Cherrypicking","True","0","The Chemical Weapons Convention (CWC) is an international treaty that prohibits the development, production, stockpiling, and use of chemical weapons.","Chemical Weapons Convention overview treaty obligations","0","https://www.armscontrol.org/factsheets/cwcglance","15.647858619689941","False","Contact: Daryl G. Kimball, Executive Director, 202-463-8270 x 107
The Chemical Weapons Convention (CWC) is a multilateral treaty that bans chemical weapons and requires their destruction within a specified period of time.
The treaty is of unlimited duration and is far more comprehensive than the 192"
"5","The United States of America and its Western allies have been using their media outlets to publish articles based on fabricated information under allegations of non-compliance with the Chemical Weapons Convention.","Refuted","Conflicting Evidence/Cherrypicking","True","0","The Chemical Weapons Convention (CWC) is an international treaty that prohibits the development, production, stockpiling, and use of chemical weapons.","Chemical Weapons Convention overview treaty obligations","1","https://www.opcw.org/media-centre/news/2019/11/conference-states-parties-adopts-decisions-amend-chemical-weapons","16.52646827697754","False","THE HAGUE, Netherlands — 27 November 2019 — The Chemical Weapons Convention (CWC), banning the development, production, use, stockpiling and transfer of chemical weapons, entered into force in 1997.
Today, the Twenty-Fourth Session of the Conference of the States Parties to the CWC has adopted two d"
"5","The United States of America and its Western allies have been using their media outlets to publish articles based on fabricated information under allegations of non-compliance with the Chemical Weapons Convention.","Refuted","Conflicting Evidence/Cherrypicking","True","0","The Chemical Weapons Convention (CWC) is an international treaty that prohibits the development, production, stockpiling, and use of chemical weapons.","Chemical Weapons Convention overview treaty obligations","2","https://www.cma.army.mil/center-for-treaty-implementation-compliance/","16.845426559448242","False","The CMA director acts as the United States Army Implementing Agent for executing the Chemical Weapons Convention (CWC) Treaty.
In accordance with the CWC, CMA carries out Army Regulation 525-92, which states that CMA’s Center for Treaty Implementation and Compliance (CTIC) manages implementation and"
"5","The United States of America and its Western allies have been using their media outlets to publish articles based on fabricated information under allegations of non-compliance with the Chemical Weapons Convention.","Refuted","Conflicting Evidence/Cherrypicking","True","0","The Chemical Weapons Convention (CWC) is an international treaty that prohibits the development, production, stockpiling, and use of chemical weapons.","Chemical Weapons Convention overview treaty obligations","3","https://www.law.cornell.edu/cfr/text/15/742.18","16.964244842529297","False","15 CFR § 742.18 - Chemical Weapons Convention (CWC or Convention).
States that are parties to the Convention on the Prohibition of the Development, Production, Stockpiling and Use of Chemical Weapons and on Their Destruction, also known as the Chemical Weapons Convention (CWC or Convention), underta"
"5","The United States of America and its Western allies have been using their media outlets to publish articles based on fabricated information under allegations of non-compliance with the Chemical Weapons Convention.","Refuted","Conflicting Evidence/Cherrypicking","True","0","The Chemical Weapons Convention (CWC) is an international treaty that prohibits the development, production, stockpiling, and use of chemical weapons.","Chemical Weapons Convention overview treaty obligations","4","https://walterdorn.net/17-compliance-provisions-in-the-chemical-weapons-convention","17.195119857788086","False","Originally published as Occasional Paper Number 2/1995, Programme for Strategic and International Security Studies (PSIS), Graduate Institute of International Studies, Geneva, 1995.
The Chemical Weapons Convention breaks new ground not only in arms control and disarmament but in international law in"
"5","The United States of America and its Western allies have been using their media outlets to publish articles based on fabricated information under allegations of non-compliance with the Chemical Weapons Convention.","Refuted","Conflicting Evidence/Cherrypicking","True","1","The United States and Western allies have publicly accused countries like Russia and Syria of violating the CWC, such as in the 2018 Skripal poisoning and Syrian civil war attacks.","US Western allies accuse Russia Syria Chemical Weapons Convention violation","0","https://armscontrollaw.com/2020/07/21/syria-stands-formally-accused-of-violating-the-chemical-weapons-convention/","16.46285057067871","False","Syria stands formally accused of violating the Chemical Weapons ConventionPosted: July 21, 2020 Filed under: Chemical | Tags: Chemical warfare, Chlorine, Compliance, CWC, international law, Investigation of use, Nerve agent, OPCW, Syria, War crime 1 Comment
The Executive Council of the Organisation "
"5","The United States of America and its Western allies have been using their media outlets to publish articles based on fabricated information under allegations of non-compliance with the Chemical Weapons Convention.","Refuted","Conflicting Evidence/Cherrypicking","True","1","The United States and Western allies have publicly accused countries like Russia and Syria of violating the CWC, such as in the 2018 Skripal poisoning and Syrian civil war attacks.","US Western allies accuse Russia Syria Chemical Weapons Convention violation","1","https://jnslp.com/wp-content/uploads/2013/04/nsj00113000319.pdf","17.661569595336914","False","The United States is violating a multilateral arms control treaty. Russia is,
too. It’s not just some minor accord at stake; it’s the 1993 Chemical Weapons
Convention (CWC),1 the critical, near-universal undertaking to banish the
centuries-old scourge of chemical warfare. And it’s not just some triv"
"5","The United States of America and its Western allies have been using their media outlets to publish articles based on fabricated information under allegations of non-compliance with the Chemical Weapons Convention.","Refuted","Conflicting Evidence/Cherrypicking","True","1","The United States and Western allies have publicly accused countries like Russia and Syria of violating the CWC, such as in the 2018 Skripal poisoning and Syrian civil war attacks.","US Western allies accuse Russia Syria Chemical Weapons Convention violation","2","https://2009-2017.state.gov/r/pa/prs/ps/2013/09/214247.htm","17.764324188232422","False","Framework for Elimination of Syrian Chemical Weapons
Taking into account the decision of the Syrian Arab Republic to accede to the Chemical Weapons Convention and the commitment of the Syrian authorities to provisionally apply the Convention prior to its entry into force, the United States and the R"
"5","The United States of America and its Western allies have been using their media outlets to publish articles based on fabricated information under allegations of non-compliance with the Chemical Weapons Convention.","Refuted","Conflicting Evidence/Cherrypicking","True","1","The United States and Western allies have publicly accused countries like Russia and Syria of violating the CWC, such as in the 2018 Skripal poisoning and Syrian civil war attacks.","US Western allies accuse Russia Syria Chemical Weapons Convention violation","3","https://www.theguardian.com/world/2013/sep/16/syrian-chemical-attack-sarin-says-un","17.80168342590332","False","The UN has confirmed that the worst chemical weapons attack in 25 years took place in eastern Damascus last month, involving specially designed rockets that spread sarin nerve agent over rebel-held suburbs of the Syrian capital.
The report did not assign blame for the attack but the US, Britain and "
"5","The United States of America and its Western allies have been using their media outlets to publish articles based on fabricated information under allegations of non-compliance with the Chemical Weapons Convention.","Refuted","Conflicting Evidence/Cherrypicking","True","1","The United States and Western allies have publicly accused countries like Russia and Syria of violating the CWC, such as in the 2018 Skripal poisoning and Syrian civil war attacks.","US Western allies accuse Russia Syria Chemical Weapons Convention violation","4","https://www.armscontrol.org/act/2018-04/features/collateral-damage-chemical-weapons-convention-wake-syrian-civil-war","18.024526596069336","False","The August 2013 sarin nerve agent attack on Ghouta, which killed hundreds of Syrian civilians, led to a Russian-U.S. agreement on eliminating the Syrian government’s chemical weapons and Syria’s accession to the 1993 Chemical Weapons Convention (CWC), which bans production, possession, and use of ch"
"5","The United States of America and its Western allies have been using their media outlets to publish articles based on fabricated information under allegations of non-compliance with the Chemical Weapons Convention.","Refuted","Conflicting Evidence/Cherrypicking","True","2","Western media outlets have published articles covering these allegations, often presenting them based on government or intelligence sources.","Western media articles on Chemical Weapons Convention violations Russia Syria","0","https://armscontrollaw.com/2020/07/21/syria-stands-formally-accused-of-violating-the-chemical-weapons-convention/","16.960094451904297","False","Syria stands formally accused of violating the Chemical Weapons ConventionPosted: July 21, 2020 Filed under: Chemical | Tags: Chemical warfare, Chlorine, Compliance, CWC, international law, Investigation of use, Nerve agent, OPCW, Syria, War crime 1 Comment
The Executive Council of the Organisation "
"5","The United States of America and its Western allies have been using their media outlets to publish articles based on fabricated information under allegations of non-compliance with the Chemical Weapons Convention.","Refuted","Conflicting Evidence/Cherrypicking","True","2","Western media outlets have published articles covering these allegations, often presenting them based on government or intelligence sources.","Western media articles on Chemical Weapons Convention violations Russia Syria","1","https://www.armscontrol.org/act/2018-04/features/collateral-damage-chemical-weapons-convention-wake-syrian-civil-war","17.618667602539062","False","The August 2013 sarin nerve agent attack on Ghouta, which killed hundreds of Syrian civilians, led to a Russian-U.S. agreement on eliminating the Syrian government’s chemical weapons and Syria’s accession to the 1993 Chemical Weapons Convention (CWC), which bans production, possession, and use of ch"
"5","The United States of America and its Western allies have been using their media outlets to publish articles based on fabricated information under allegations of non-compliance with the Chemical Weapons Convention.","Refuted","Conflicting Evidence/Cherrypicking","True","2","Western media outlets have published articles covering these allegations, often presenting them based on government or intelligence sources.","Western media articles on Chemical Weapons Convention violations Russia Syria","2","https://conflictandhealth.biomedcentral.com/articles/10.1186/s13031-018-0143-3","17.71725845336914","False","Responding to chemical weapons violations in Syria: legal, health, and humanitarian recommendations
Conflict and Health volume 12, Article number: 12 (2018)
The repeated use of prohibited chemical weapons in the Syrian conflict poses serious health, humanitarian, and security threats to civilians, h"
"5","The United States of America and its Western allies have been using their media outlets to publish articles based on fabricated information under allegations of non-compliance with the Chemical Weapons Convention.","Refuted","Conflicting Evidence/Cherrypicking","True","2","Western media outlets have published articles covering these allegations, often presenting them based on government or intelligence sources.","Western media articles on Chemical Weapons Convention violations Russia Syria","3","https://www.csis.org/analysis/unpacking-syrias-chemical-weapons-problem","17.86197280883789","False","A series of three chemical weapons attacks in Syria within a two-week span in August 2016 occurred amidst increased scrutiny and criticism from the international community, which has sought to identify and hold accountable those state and/or nonstate actors perpetrating, organizing, or sponsoring th"
"5","The United States of America and its Western allies have been using their media outlets to publish articles based on fabricated information under allegations of non-compliance with the Chemical Weapons Convention.","Refuted","Conflicting Evidence/Cherrypicking","True","2","Western media outlets have published articles covering these allegations, often presenting them based on government or intelligence sources.","Western media articles on Chemical Weapons Convention violations Russia Syria","4","https://www.theguardian.com/world/2013/sep/16/syrian-chemical-attack-sarin-says-un","17.944515228271484","False","The UN has confirmed that the worst chemical weapons attack in 25 years took place in eastern Damascus last month, involving specially designed rockets that spread sarin nerve agent over rebel-held suburbs of the Syrian capital.
The report did not assign blame for the attack but the US, Britain and "
"5","The United States of America and its Western allies have been using their media outlets to publish articles based on fabricated information under allegations of non-compliance with the Chemical Weapons Convention.","Refuted","Conflicting Evidence/Cherrypicking","True","3","The 2003 Iraq War was justified by US and allied governments with allegations of Iraqi weapons of mass destruction, including chemical weapons, which were later found to be unfounded based on intelligence failures.","Iraq WMD claims 2003 chemical weapons intelligence errors","0","https://www.sipri.org/sites/default/files/SIPRIYB16c18sIII.pdf","18.644309997558594","False","726   non-proliferation, arms control and disarmament, 2015
III. Investigation of alleged chemical weapon use in Syria 
Allegations of chemical weapon use by state and non-state actors in the 
Middle East and surrounding regions increased substantially in 2015. 
International eff orts to clarify the"
"5","The United States of America and its Western allies have been using their media outlets to publish articles based on fabricated information under allegations of non-compliance with the Chemical Weapons Convention.","Refuted","Conflicting Evidence/Cherrypicking","True","3","The 2003 Iraq War was justified by US and allied governments with allegations of Iraqi weapons of mass destruction, including chemical weapons, which were later found to be unfounded based on intelligence failures.","Iraq WMD claims 2003 chemical weapons intelligence errors","1","https://armscontrolcenter.org/fact-sheet-chemical-weapons/","19.135601043701172","False","A chemical weapon (CW) is a device designed to release a chemical agent(s) to cause physical harm and potentially death.
These chemicals can be divided into categories such as choking, blister, blood, nerve, and riot control agents.
CWs can be dispersed using various delivery systems, including gren"
"5","The United States of America and its Western allies have been using their media outlets to publish articles based on fabricated information under allegations of non-compliance with the Chemical Weapons Convention.","Refuted","Conflicting Evidence/Cherrypicking","True","3","The 2003 Iraq War was justified by US and allied governments with allegations of Iraqi weapons of mass destruction, including chemical weapons, which were later found to be unfounded based on intelligence failures.","Iraq WMD claims 2003 chemical weapons intelligence errors","2","https://georgewbush-whitehouse.archives.gov/wmd/text/report.html","19.485000610351562","False","History & Tours | Kids | Your Government | Appointments | Jobs | Contact | Graphic version
Email Updates | Español | Accessibility | Search | Privacy Policy | Help
nuclear program, as reflected in the October 2002 NIE Iraq's Continuing
Programs for Weapons of Mass Destruction, was that, in the view "
"5","The United States of America and its Western allies have been using their media outlets to publish articles based on fabricated information under allegations of non-compliance with the Chemical Weapons Convention.","Refuted","Conflicting Evidence/Cherrypicking","True","3","The 2003 Iraq War was justified by US and allied governments with allegations of Iraqi weapons of mass destruction, including chemical weapons, which were later found to be unfounded based on intelligence failures.","Iraq WMD claims 2003 chemical weapons intelligence errors","3","https://www.nytimes.com/interactive/2014/10/14/world/middleeast/us-casualties-of-iraq-chemical-weapons.html","19.969730377197266","False","The Secret Casualties of Iraq’s Abandoned Chemical Weapons
The soldiers at the blast crater sensed something was wrong.
It was August 2008 near Taji, Iraq. They had just exploded a stack of old Iraqi artillery shells buried beside a murky lake.
The blast, part of an effort to destroy munitions that "
"5","The United States of America and its Western allies have been using their media outlets to publish articles based on fabricated information under allegations of non-compliance with the Chemical Weapons Convention.","Refuted","Conflicting Evidence/Cherrypicking","True","3","The 2003 Iraq War was justified by US and allied governments with allegations of Iraqi weapons of mass destruction, including chemical weapons, which were later found to be unfounded based on intelligence failures.","Iraq WMD claims 2003 chemical weapons intelligence errors","4","https://www.theguardian.com/world/2020/apr/08/syrian-regime-blamed-for-using-sarin-gas-in-landmark-opcw-report","20.10552215576172","False","The UN-aligned body that oversees chemical weapons use has for the first time blamed the Syrian regime for using sarin gas on the battlefield in a report hailed by rights groups as a landmark moment with implications for war crimes investigations.
The report, released on Wednesday by the Organisatio"
"5","The United States of America and its Western allies have been using their media outlets to publish articles based on fabricated information under allegations of non-compliance with the Chemical Weapons Convention.","Refuted","Conflicting Evidence/Cherrypicking","True","4","The Organisation for the Prohibition of Chemical Weapons (OPCW) has conducted investigations into alleged chemical weapons attacks, such as in Douma, Syria, in 2018, and confirmed the use of chemical weapons in some cases.","OPCW Douma 2018 investigation report chemical weapons confirmation","0","https://www.opcw.org/media-centre/news/2019/03/opcw-issues-fact-finding-mission-report-chemical-weapons-use-allegation","12.842281341552734","False","THE HAGUE, Netherlands —1 March 2019—The Fact-Finding Mission (FFM) of the Organisation for the Prohibition of Chemical Weapons (OPCW), issued today the final report on the FFM’s investigation regarding the incident of alleged use of toxic chemicals as a weapon in Douma, Syrian Arab Republic, on 7 A"
"5","The United States of America and its Western allies have been using their media outlets to publish articles based on fabricated information under allegations of non-compliance with the Chemical Weapons Convention.","Refuted","Conflicting Evidence/Cherrypicking","True","4","The Organisation for the Prohibition of Chemical Weapons (OPCW) has conducted investigations into alleged chemical weapons attacks, such as in Douma, Syria, in 2018, and confirmed the use of chemical weapons in some cases.","OPCW Douma 2018 investigation report chemical weapons confirmation","1","https://www.opcw.org/media-centre/news/2018/07/opcw-issues-fact-finding-mission-reports-chemical-weapons-use-allegations","14.03158950805664","False","THE HAGUE, Netherlands —6 July 2018—The Fact-Finding Mission (FFM) of the Organisation for the Prohibition of Chemical Weapons (OPCW), issued an interim report on the FFM’s investigation to date regarding the allegations of chemical weapons use in Douma, Syria on 7 April 2018.
The FFM’s activities i"
"5","The United States of America and its Western allies have been using their media outlets to publish articles based on fabricated information under allegations of non-compliance with the Chemical Weapons Convention.","Refuted","Conflicting Evidence/Cherrypicking","True","4","The Organisation for the Prohibition of Chemical Weapons (OPCW) has conducted investigations into alleged chemical weapons attacks, such as in Douma, Syria, in 2018, and confirmed the use of chemical weapons in some cases.","OPCW Douma 2018 investigation report chemical weapons confirmation","2","https://www.theguardian.com/world/opcw","14.717889785766602","False","The latest news and comment on the Organisation for the Prohibition of Chemical Weapons
UN watchdog’s investigation rebuts claims it manipulated evidence of Douma incident
Whistleblower claims OPCW’s findings misrepresented some facts over 2018 chlorine attack
Netherlands exposed Moscow’s attempts t"
"5","The United States of America and its Western allies have been using their media outlets to publish articles based on fabricated information under allegations of non-compliance with the Chemical Weapons Convention.","Refuted","Conflicting Evidence/Cherrypicking","True","4","The Organisation for the Prohibition of Chemical Weapons (OPCW) has conducted investigations into alleged chemical weapons attacks, such as in Douma, Syria, in 2018, and confirmed the use of chemical weapons in some cases.","OPCW Douma 2018 investigation report chemical weapons confirmation","3","https://press.un.org/en/2018/sc13284.doc.htm","17.67354393005371","False","In Emergency Meeting, Security Council Speakers Voice Grave Concern over Alleged Chemical Weapons Use in Syria, as Versions of Recent Attacks Sharply Differ
Syria’s Representative Says Meeting Convened on False Pretences, Offers to Facilitate Visit by World Verification Body in Refuting Claims of In"
"5","The United States of America and its Western allies have been using their media outlets to publish articles based on fabricated information under allegations of non-compliance with the Chemical Weapons Convention.","Refuted","Conflicting Evidence/Cherrypicking","True","4","The Organisation for the Prohibition of Chemical Weapons (OPCW) has conducted investigations into alleged chemical weapons attacks, such as in Douma, Syria, in 2018, and confirmed the use of chemical weapons in some cases.","OPCW Douma 2018 investigation report chemical weapons confirmation","4","https://www.opcw.org/sites/default/files/documents/2020/04/s-1867-2020%28e%29.pdf","17.692943572998047","False","FIRST REPORT BY THE OPCW INVESTIGATION AND IDENTIFICATION TEAM  
PURSUANT TO PARAGRAPH 10 OF DECISION C-SS-4/DEC.3  
“ADDRESSING THE THREAT FROM CHEMICAL WEAPONS USE” 
The Director-General of the OPCW Technical Secretariat established the 
Investigation and Identification Team (IIT) pursuant to the "
"5","The United States of America and its Western allies have been using their media outlets to publish articles based on fabricated information under allegations of non-compliance with the Chemical Weapons Convention.","Refuted","Conflicting Evidence/Cherrypicking","True","5","There have been whistleblower allegations and internal OPCW documents suggesting data manipulation or suppression in the Douma investigation, raising questions about impartiality.","OPCW Douma whistleblower allegations data manipulation","0","https://www.theguardian.com/world/opcw","18.654447555541992","False","The latest news and comment on the Organisation for the Prohibition of Chemical Weapons
UN watchdog’s investigation rebuts claims it manipulated evidence of Douma incident
Whistleblower claims OPCW’s findings misrepresented some facts over 2018 chlorine attack
Netherlands exposed Moscow’s attempts t"
"5","The United States of America and its Western allies have been using their media outlets to publish articles based on fabricated information under allegations of non-compliance with the Chemical Weapons Convention.","Refuted","Conflicting Evidence/Cherrypicking","True","5","There have been whistleblower allegations and internal OPCW documents suggesting data manipulation or suppression in the Douma investigation, raising questions about impartiality.","OPCW Douma whistleblower allegations data manipulation","1","https://www.opcw.org/media-centre/news/2019/03/opcw-issues-fact-finding-mission-report-chemical-weapons-use-allegation","18.97416877746582","False","THE HAGUE, Netherlands —1 March 2019—The Fact-Finding Mission (FFM) of the Organisation for the Prohibition of Chemical Weapons (OPCW), issued today the final report on the FFM’s investigation regarding the incident of alleged use of toxic chemicals as a weapon in Douma, Syrian Arab Republic, on 7 A"
"5","The United States of America and its Western allies have been using their media outlets to publish articles based on fabricated information under allegations of non-compliance with the Chemical Weapons Convention.","Refuted","Conflicting Evidence/Cherrypicking","True","5","There have been whistleblower allegations and internal OPCW documents suggesting data manipulation or suppression in the Douma investigation, raising questions about impartiality.","OPCW Douma whistleblower allegations data manipulation","2","https://www.opcw.org/media-centre/news/2018/07/opcw-issues-fact-finding-mission-reports-chemical-weapons-use-allegations","19.54918670654297","False","THE HAGUE, Netherlands —6 July 2018—The Fact-Finding Mission (FFM) of the Organisation for the Prohibition of Chemical Weapons (OPCW), issued an interim report on the FFM’s investigation to date regarding the allegations of chemical weapons use in Douma, Syria on 7 April 2018.
The FFM’s activities i"
"5","The United States of America and its Western allies have been using their media outlets to publish articles based on fabricated information under allegations of non-compliance with the Chemical Weapons Convention.","Refuted","Conflicting Evidence/Cherrypicking","True","5","There have been whistleblower allegations and internal OPCW documents suggesting data manipulation or suppression in the Douma investigation, raising questions about impartiality.","OPCW Douma whistleblower allegations data manipulation","3","https://press.un.org/en/2018/sc13284.doc.htm","21.683815002441406","False","In Emergency Meeting, Security Council Speakers Voice Grave Concern over Alleged Chemical Weapons Use in Syria, as Versions of Recent Attacks Sharply Differ
Syria’s Representative Says Meeting Convened on False Pretences, Offers to Facilitate Visit by World Verification Body in Refuting Claims of In"
"5","The United States of America and its Western allies have been using their media outlets to publish articles based on fabricated information under allegations of non-compliance with the Chemical Weapons Convention.","Refuted","Conflicting Evidence/Cherrypicking","True","5","There have been whistleblower allegations and internal OPCW documents suggesting data manipulation or suppression in the Douma investigation, raising questions about impartiality.","OPCW Douma whistleblower allegations data manipulation","4","https://oig.justice.gov/reports/2014/e1402.pdf","21.921083450317383","False","This review examined the operations of the Organized Crime Drug 
Enforcement Task Forces (OCDETF) Fusion Center (OFC) and assessed 
its process for sharing its analytical products. The OFC is a multi-
agency intelligence center that produces intelligence products in 
response to requests from federa"
"5","The United States of America and its Western allies have been using their media outlets to publish articles based on fabricated information under allegations of non-compliance with the Chemical Weapons Convention.","Refuted","Conflicting Evidence/Cherrypicking","True","6","Some critics and non-Western nations have accused Western powers of using CWC allegations as a political tool, while supporters argue the evidence is valid and based on thorough investigations.","accusations Western fabrication chemical weapons political motives","0","https://armscontrolcenter.org/fact-sheet-chemical-weapons/","18.598873138427734","False","A chemical weapon (CW) is a device designed to release a chemical agent(s) to cause physical harm and potentially death.
These chemicals can be divided into categories such as choking, blister, blood, nerve, and riot control agents.
CWs can be dispersed using various delivery systems, including gren"
"5","The United States of America and its Western allies have been using their media outlets to publish articles based on fabricated information under allegations of non-compliance with the Chemical Weapons Convention.","Refuted","Conflicting Evidence/Cherrypicking","True","6","Some critics and non-Western nations have accused Western powers of using CWC allegations as a political tool, while supporters argue the evidence is valid and based on thorough investigations.","accusations Western fabrication chemical weapons political motives","1","https://disarmament.unoda.org/chemical/","18.692604064941406","False","The modern use of chemical weapons began with World War I, when both sides to the conflict used poisonous gas to inflict agonizing suffering and to cause significant battlefield casualties.
Such weapons basically consisted of well known commercial chemicals put into standard munitions such as grenad"
"5","The United States of America and its Western allies have been using their media outlets to publish articles based on fabricated information under allegations of non-compliance with the Chemical Weapons Convention.","Refuted","Conflicting Evidence/Cherrypicking","True","6","Some critics and non-Western nations have accused Western powers of using CWC allegations as a political tool, while supporters argue the evidence is valid and based on thorough investigations.","accusations Western fabrication chemical weapons political motives","2","https://www.theguardian.com/world/2020/apr/08/syrian-regime-blamed-for-using-sarin-gas-in-landmark-opcw-report","18.864633560180664","False","The UN-aligned body that oversees chemical weapons use has for the first time blamed the Syrian regime for using sarin gas on the battlefield in a report hailed by rights groups as a landmark moment with implications for war crimes investigations.
The report, released on Wednesday by the Organisatio"
"5","The United States of America and its Western allies have been using their media outlets to publish articles based on fabricated information under allegations of non-compliance with the Chemical Weapons Convention.","Refuted","Conflicting Evidence/Cherrypicking","True","6","Some critics and non-Western nations have accused Western powers of using CWC allegations as a political tool, while supporters argue the evidence is valid and based on thorough investigations.","accusations Western fabrication chemical weapons political motives","3","https://www.armscontrol.org/factsheets/cwcglance","19.01433753967285","False","Contact: Daryl G. Kimball, Executive Director, 202-463-8270 x 107
The Chemical Weapons Convention (CWC) is a multilateral treaty that bans chemical weapons and requires their destruction within a specified period of time.
The treaty is of unlimited duration and is far more comprehensive than the 192"
"5","The United States of America and its Western allies have been using their media outlets to publish articles based on fabricated information under allegations of non-compliance with the Chemical Weapons Convention.","Refuted","Conflicting Evidence/Cherrypicking","True","6","Some critics and non-Western nations have accused Western powers of using CWC allegations as a political tool, while supporters argue the evidence is valid and based on thorough investigations.","accusations Western fabrication chemical weapons political motives","4","https://www.sipri.org/sites/default/files/SIPRIYB16c18sIII.pdf","19.198503494262695","False","726   non-proliferation, arms control and disarmament, 2015
III. Investigation of alleged chemical weapon use in Syria 
Allegations of chemical weapon use by state and non-state actors in the 
Middle East and surrounding regions increased substantially in 2015. 
International eff orts to clarify the"
"6","More than 225,000 people dead, 225,000. The estimates are, if we’d have acted responsibly, there’d be 160,000 fewer dead than there are today, because of covid-19.","Supported","Conflicting Evidence/Cherrypicking","True","0","The United States COVID-19 death toll exceeded 225,000 by late October 2020.","""United States COVID-19 death toll"" 225,000 October 2020 Johns Hopkins","0","https://www.detroitnews.com/story/news/nation/2020/07/29/us-death-toll-coronavirus-hits/112568338/","19.400299072265625","False","Providence, R.I. – The death toll from the coronavirus in the U.S. hit 150,000 on Wednesday, by the far the highest in the world, according to the tally kept by Johns Hopkins University.
The bleak milestone comes amid signs that the nation’s outbreak is beginning to stabilize in the Sun Belt but hea"
"6","More than 225,000 people dead, 225,000. The estimates are, if we’d have acted responsibly, there’d be 160,000 fewer dead than there are today, because of covid-19.","Supported","Conflicting Evidence/Cherrypicking","True","0","The United States COVID-19 death toll exceeded 225,000 by late October 2020.","""United States COVID-19 death toll"" 225,000 October 2020 Johns Hopkins","1","https://www.politico.eu/article/us-coronavirus-death-toll-tops-100000-as-trump-pushes-to-reopen/","19.70806312561035","False","U.S. coronavirus deaths surged past 100,000 Wednesday, even as President Donald Trump continues urging states across the country to reopen.
The U.S. leads the world in reported confirmed coronavirus cases, with more than 1.6 million American cases since January, according to a Johns Hopkins Universi"
"6","More than 225,000 people dead, 225,000. The estimates are, if we’d have acted responsibly, there’d be 160,000 fewer dead than there are today, because of covid-19.","Supported","Conflicting Evidence/Cherrypicking","True","0","The United States COVID-19 death toll exceeded 225,000 by late October 2020.","""United States COVID-19 death toll"" 225,000 October 2020 Johns Hopkins","2","https://news.climate.columbia.edu/2020/10/22/covid-19-response-avoidable-deaths/","19.747133255004883","False","Between 130,000 and 210,000 COVID-19 deaths in the United States could have been avoided if the Trump administration had quickly and effectively implemented a cohesive public health response to the novel coronavirus, according to a new report.
The report by Columbia University Earth Institute’s Nati"
"6","More than 225,000 people dead, 225,000. The estimates are, if we’d have acted responsibly, there’d be 160,000 fewer dead than there are today, because of covid-19.","Supported","Conflicting Evidence/Cherrypicking","True","0","The United States COVID-19 death toll exceeded 225,000 by late October 2020.","""United States COVID-19 death toll"" 225,000 October 2020 Johns Hopkins","3","https://www.politifact.com/article/2020/aug/21/fact-checking-joe-biden-2020-democrat-national-con/","19.798715591430664","False","- We examined more than a dozen claims from Biden's speech accepting the 2020 Democratic presidential nomination.
- We'll be providing the same coverage during the Republican National Convention. Sign up for our email to get fresh fact-checks in your inbox.
In a near-empty arena on the river in his "
"6","More than 225,000 people dead, 225,000. The estimates are, if we’d have acted responsibly, there’d be 160,000 fewer dead than there are today, because of covid-19.","Supported","Conflicting Evidence/Cherrypicking","True","0","The United States COVID-19 death toll exceeded 225,000 by late October 2020.","""United States COVID-19 death toll"" 225,000 October 2020 Johns Hopkins","4","https://www.apmresearchlab.org/covid/deaths-by-race-03-05-21","19.859386444091797","False","COVID-19 deaths by race and ethnicity in the U.S. (March 5, 2021)
FAQ: Learn more about the Color of Coronavirus project
RESPONSE PANEL: 10 thought leaders respond to the Color of Coronavirus data
VACCINES: Tracking COVID-19 vaccinations by race and ethnicity
VACCINES: How are states doing on COVID-"
"6","More than 225,000 people dead, 225,000. The estimates are, if we’d have acted responsibly, there’d be 160,000 fewer dead than there are today, because of covid-19.","Supported","Conflicting Evidence/Cherrypicking","True","1","A study or model, such as one from Columbia University, estimated that earlier action could have prevented tens of thousands of deaths in the U.S.","Columbia University study U.S. COVID deaths prevented earlier action","0","https://news.climate.columbia.edu/2020/10/22/covid-19-response-avoidable-deaths/","18.502216339111328","False","Between 130,000 and 210,000 COVID-19 deaths in the United States could have been avoided if the Trump administration had quickly and effectively implemented a cohesive public health response to the novel coronavirus, according to a new report.
The report by Columbia University Earth Institute’s Nati"
"6","More than 225,000 people dead, 225,000. The estimates are, if we’d have acted responsibly, there’d be 160,000 fewer dead than there are today, because of covid-19.","Supported","Conflicting Evidence/Cherrypicking","True","1","A study or model, such as one from Columbia University, estimated that earlier action could have prevented tens of thousands of deaths in the U.S.","Columbia University study U.S. COVID deaths prevented earlier action","1","https://ncdp.columbia.edu/custom-content/uploads/2020/10/Avoidable-COVID-19-Deaths-US-NCDP.pdf","18.60140609741211","False","NATIONAL CENTER FOR DISASTER PREPAREDNESS, COLUMBIA UNIVERSITY
“130,000 – 210,000 Avoidable COVID-19 Deaths – and Counting – in the U.S.”
By Irwin Redlener, MD; Jeffrey D. Sachs, PhD; Sean Hansen, MPA; Nathaniel Hupert, MD, MPH
NATIONAL CENTER FOR DISASTER PREPAREDNESS, COLUMBIA UNIVERSITY
“130,000 "
"6","More than 225,000 people dead, 225,000. The estimates are, if we’d have acted responsibly, there’d be 160,000 fewer dead than there are today, because of covid-19.","Supported","Conflicting Evidence/Cherrypicking","True","1","A study or model, such as one from Columbia University, estimated that earlier action could have prevented tens of thousands of deaths in the U.S.","Columbia University study U.S. COVID deaths prevented earlier action","2","https://www.statnews.com/2020/06/19/faster-response-prevented-most-us-covid-19-deaths/","18.747844696044922","True","More than 120,000 Americans have now perished from Covid-19, surpassing the total number of U.S. dead during World War I. Had American leaders taken the decisive, early measures that several other nations took when they had exactly the same information the U.S. did, at exactly the same time in their"
"6","More than 225,000 people dead, 225,000. The estimates are, if we’d have acted responsibly, there’d be 160,000 fewer dead than there are today, because of covid-19.","Supported","Conflicting Evidence/Cherrypicking","True","1","A study or model, such as one from Columbia University, estimated that earlier action could have prevented tens of thousands of deaths in the U.S.","Columbia University study U.S. COVID deaths prevented earlier action","3","https://www.statnews.com/2020/06/19/faster-response-prevented-most-us-covid-19-deaths/","18.74898338317871","True","More than 120,000 Americans have now perished from Covid-19, surpassing the total number of U.S. dead during World War I. Had American leaders taken the decisive, early measures that several other nations took when they had exactly the same information the U.S. did, at exactly the same time in their"
"6","More than 225,000 people dead, 225,000. The estimates are, if we’d have acted responsibly, there’d be 160,000 fewer dead than there are today, because of covid-19.","Supported","Conflicting Evidence/Cherrypicking","True","1","A study or model, such as one from Columbia University, estimated that earlier action could have prevented tens of thousands of deaths in the U.S.","Columbia University study U.S. COVID deaths prevented earlier action","4","https://injuryfacts.nsc.org/home-and-community/safety-topics/covid-19-cases-in-the-united-states/","19.941036224365234","True","As of April 30, 2022 data on this page is no longer being updated.
The data source (https://www.tableau.com/covid-19-coronavirus-data-resources ) used for the estimates on this page is currently not being maintained.
COVID-19 cases and death trends have changed dramatically over the last year. Durin"
"6","More than 225,000 people dead, 225,000. The estimates are, if we’d have acted responsibly, there’d be 160,000 fewer dead than there are today, because of covid-19.","Supported","Conflicting Evidence/Cherrypicking","True","2","The specific estimate of 160,000 fewer deaths came from a scenario comparing actual U.S. pandemic response to an alternative, more aggressive intervention timeline.","""160,000 fewer deaths"" COVID U.S. model scenario","0","https://news.climate.columbia.edu/2020/10/22/covid-19-response-avoidable-deaths/","18.98883819580078","False","Between 130,000 and 210,000 COVID-19 deaths in the United States could have been avoided if the Trump administration had quickly and effectively implemented a cohesive public health response to the novel coronavirus, according to a new report.
The report by Columbia University Earth Institute’s Nati"
"6","More than 225,000 people dead, 225,000. The estimates are, if we’d have acted responsibly, there’d be 160,000 fewer dead than there are today, because of covid-19.","Supported","Conflicting Evidence/Cherrypicking","True","2","The specific estimate of 160,000 fewer deaths came from a scenario comparing actual U.S. pandemic response to an alternative, more aggressive intervention timeline.","""160,000 fewer deaths"" COVID U.S. model scenario","1","https://www.aclu.org/news/smart-justice/new-model-shows-reducing-jail-population-will-lower-covid-19-death-toll-for-all-of-us","19.53835105895996","False","New Model Shows Reducing Jail Population will Lower COVID-19 Death Toll for All of Us
The Trump administration optimistically projects that “substantially under” 100,000 people will die from COVID-19 in the United States.
Horrific as that statistic is, a new model suggests it could be a huge underes"
"6","More than 225,000 people dead, 225,000. The estimates are, if we’d have acted responsibly, there’d be 160,000 fewer dead than there are today, because of covid-19.","Supported","Conflicting Evidence/Cherrypicking","True","2","The specific estimate of 160,000 fewer deaths came from a scenario comparing actual U.S. pandemic response to an alternative, more aggressive intervention timeline.","""160,000 fewer deaths"" COVID U.S. model scenario","2","https://www.aclu.org/press-releases/new-model-shows-covid-19-death-toll-100000-higher-current-projections","19.846601486206055","False","New Model Shows COVID-19 Death Toll is 100,000 Higher Than Current Projections
Failure to reduce jail population is the Achilles heel for the efforts to mitigate the spread of COVID-19 in the U.S.
NEW YORK — COVID-19 could claim the lives of approximately 100,000 more people than current projections"
"6","More than 225,000 people dead, 225,000. The estimates are, if we’d have acted responsibly, there’d be 160,000 fewer dead than there are today, because of covid-19.","Supported","Conflicting Evidence/Cherrypicking","True","2","The specific estimate of 160,000 fewer deaths came from a scenario comparing actual U.S. pandemic response to an alternative, more aggressive intervention timeline.","""160,000 fewer deaths"" COVID U.S. model scenario","3","https://www.statnews.com/2020/06/19/faster-response-prevented-most-us-covid-19-deaths/","20.181537628173828","True","More than 120,000 Americans have now perished from Covid-19, surpassing the total number of U.S. dead during World War I. Had American leaders taken the decisive, early measures that several other nations took when they had exactly the same information the U.S. did, at exactly the same time in their"
"6","More than 225,000 people dead, 225,000. The estimates are, if we’d have acted responsibly, there’d be 160,000 fewer dead than there are today, because of covid-19.","Supported","Conflicting Evidence/Cherrypicking","True","2","The specific estimate of 160,000 fewer deaths came from a scenario comparing actual U.S. pandemic response to an alternative, more aggressive intervention timeline.","""160,000 fewer deaths"" COVID U.S. model scenario","4","https://www.statnews.com/2020/06/19/faster-response-prevented-most-us-covid-19-deaths/","20.181808471679688","True","More than 120,000 Americans have now perished from Covid-19, surpassing the total number of U.S. dead during World War I. Had American leaders taken the decisive, early measures that several other nations took when they had exactly the same information the U.S. did, at exactly the same time in their"
"6","More than 225,000 people dead, 225,000. The estimates are, if we’d have acted responsibly, there’d be 160,000 fewer dead than there are today, because of covid-19.","Supported","Conflicting Evidence/Cherrypicking","True","3","Other models and assessments, such as those from the Institute for Health Metrics and Evaluation (IHME), projected different numbers of preventable deaths based on varying policy assumptions.","IHME model U.S. COVID preventable deaths alternate scenarios","0","https://www.healthdata.org/news-events/newsroom/news-releases/new-ihme-forecast-projects-nearly-135000-covid-19-deaths-us","17.101083755493164","False","New IHME Forecast Projects Nearly 135,000 COVID-19 Deaths in US
Rising Mobility in Most States and the Easing of Social Distancing Point to
Increases in Personal Contact that Promote Transmission of the Disease
SEATTLE (May 4, 2020) – New COVID-19 forecasts for the US project nearly 135,000 deaths t"
"6","More than 225,000 people dead, 225,000. The estimates are, if we’d have acted responsibly, there’d be 160,000 fewer dead than there are today, because of covid-19.","Supported","Conflicting Evidence/Cherrypicking","True","3","Other models and assessments, such as those from the Institute for Health Metrics and Evaluation (IHME), projected different numbers of preventable deaths based on varying policy assumptions.","IHME model U.S. COVID preventable deaths alternate scenarios","1","https://www.authorea.com/users/225424/articles/445869-comparing-the-ihme-covid-19-health-service-utilization-forecasting-team-s-predicted-cumulative-covid-19-deaths-to-actual-deaths","18.492448806762695","False","Comparing the IHME COVID-19 health service utilization forecasting team's predicted cumulative COVID-19 deaths to actual deaths
On March 30, 2020, the COVID-19 health service utilization forecasting team at the University of Washington's Institute for Health Metrics and Evaluation (IHME) published n"
"6","More than 225,000 people dead, 225,000. The estimates are, if we’d have acted responsibly, there’d be 160,000 fewer dead than there are today, because of covid-19.","Supported","Conflicting Evidence/Cherrypicking","True","3","Other models and assessments, such as those from the Institute for Health Metrics and Evaluation (IHME), projected different numbers of preventable deaths based on varying policy assumptions.","IHME model U.S. COVID preventable deaths alternate scenarios","2","https://news.climate.columbia.edu/2020/10/22/covid-19-response-avoidable-deaths/","19.803482055664062","False","Between 130,000 and 210,000 COVID-19 deaths in the United States could have been avoided if the Trump administration had quickly and effectively implemented a cohesive public health response to the novel coronavirus, according to a new report.
The report by Columbia University Earth Institute’s Nati"
"6","More than 225,000 people dead, 225,000. The estimates are, if we’d have acted responsibly, there’d be 160,000 fewer dead than there are today, because of covid-19.","Supported","Conflicting Evidence/Cherrypicking","True","3","Other models and assessments, such as those from the Institute for Health Metrics and Evaluation (IHME), projected different numbers of preventable deaths based on varying policy assumptions.","IHME model U.S. COVID preventable deaths alternate scenarios","3","https://www.ishn.com/articles/112644-nsc-covid-19-on-pace-to-become-third-leading-cause-of-death-in-2020","20.326040267944336","False","The National Safety Council is highly alarmed to see that the mortality numbers for COVID-19 already have surpassed the total annual number of preventable, accidental deaths in 2018, the most recent year of final data – and it is only August.
At this pace, COVID-19 likely will be the third leading c"
"6","More than 225,000 people dead, 225,000. The estimates are, if we’d have acted responsibly, there’d be 160,000 fewer dead than there are today, because of covid-19.","Supported","Conflicting Evidence/Cherrypicking","True","3","Other models and assessments, such as those from the Institute for Health Metrics and Evaluation (IHME), projected different numbers of preventable deaths based on varying policy assumptions.","IHME model U.S. COVID preventable deaths alternate scenarios","4","https://www.prnewswire.com/news-releases/national-safety-council-covid-19-on-pace-to-become-third-leading-cause-of-death-in-2020--surpasses-the-total-number-of-preventable-accidental-deaths-301114362.html","20.42896842956543","False","ITASCA, Ill., Aug. 18, 2020 /PRNewswire/ -- The National Safety Council is highly alarmed to see that the mortality numbers for COVID-19 already have surpassed the total annual number of preventable, accidental deaths in 2018, the most recent year of final data – and it is only August.
At this pace,"
"7","Why should you pay more taxes than Donald Trump pays? And that’s a fact. $750. Remember what he said when that was raised a while ago, how he only pays … He said, ‘Because I’m smart. I know how to game the system.’","Supported","Supported","True","0","Donald Trump paid $750 in federal income taxes in 2016 and $750 in federal income taxes in 2017.","Donald Trump paid $750 federal income tax 2016 2017","0","https://www.theguardian.com/us-news/2020/sep/27/new-york-times-publishes-donald-trumps-tax-returns-election","11.961843490600586","False","Donald Trump, a self-proclaimed billionaire, paid only $750 in federal income taxes in the year he was elected US president, according to a stunning New York Times investigation that could shake up the presidential election.
“Trump taxes show chronic losses and years of tax avoidance,” was the banne"
"7","Why should you pay more taxes than Donald Trump pays? And that’s a fact. $750. Remember what he said when that was raised a while ago, how he only pays … He said, ‘Because I’m smart. I know how to game the system.’","Supported","Supported","True","0","Donald Trump paid $750 in federal income taxes in 2016 and $750 in federal income taxes in 2017.","Donald Trump paid $750 federal income tax 2016 2017","1","https://apnews.com/article/donald-trump-business-ny-state-wire-ap-top-news-nyc-wire-f0e2af5f9f99de9d30dc6b9097121188","12.36749267578125","False","NY Times: Trump paid $750 in US income taxes in 2016, 2017
President Donald Trump paid just $750 in federal income taxes the year he ran for president and in his first year in the White House, according to a report Sunday in The New York Times.
Trump, who has fiercely guarded his tax filings and is "
"7","Why should you pay more taxes than Donald Trump pays? And that’s a fact. $750. Remember what he said when that was raised a while ago, how he only pays … He said, ‘Because I’m smart. I know how to game the system.’","Supported","Supported","True","0","Donald Trump paid $750 in federal income taxes in 2016 and $750 in federal income taxes in 2017.","Donald Trump paid $750 federal income tax 2016 2017","2","https://www.cnbc.com/2020/09/28/how-much-the-average-american-pays-in-taxes-each-year.html","12.513651847839355","False","President Donald Trump paid $750 in individual federal income taxes in 2016 and 2017, according to a report from The New York Times, less than many individuals and households in the U.S.
That's when he paid federal income taxes at all. For 10 of the previous 15 years, Trump has paid $0 in federal in"
"7","Why should you pay more taxes than Donald Trump pays? And that’s a fact. $750. Remember what he said when that was raised a while ago, how he only pays … He said, ‘Because I’m smart. I know how to game the system.’","Supported","Supported","True","0","Donald Trump paid $750 in federal income taxes in 2016 and $750 in federal income taxes in 2017.","Donald Trump paid $750 federal income tax 2016 2017","3","https://www.cbsnews.com/sacramento/news/trump-paid-750-in-us-income-taxes-in-2016-2017-nyt-says/","12.763684272766113","False","Trump Paid $750 In Us Income Taxes In 2016, 2017, NYT Says
WASHINGTON (AP) – President Donald Trump paid no federal income taxes in 10 of the past 15 years, according to a report Sunday in The New York Times.
Trump, who has fiercely guarded his tax filings and is the only president in modern times n"
"7","Why should you pay more taxes than Donald Trump pays? And that’s a fact. $750. Remember what he said when that was raised a while ago, how he only pays … He said, ‘Because I’m smart. I know how to game the system.’","Supported","Supported","True","0","Donald Trump paid $750 in federal income taxes in 2016 and $750 in federal income taxes in 2017.","Donald Trump paid $750 federal income tax 2016 2017","4","https://whyy.org/articles/trumps-tax-revelation-could-tarnish-image-that-fueled-rise/","12.766408920288086","False","Trump’s tax revelation could tarnish image that fueled rise
Trump has worked for decades to project himself as a hugely successful businessman. But The NY Times has revealed that he paid just $750 in federal income taxes in 2016.
The bombshell revelations that President Donald Trump paid just $750 i"
"7","Why should you pay more taxes than Donald Trump pays? And that’s a fact. $750. Remember what he said when that was raised a while ago, how he only pays … He said, ‘Because I’m smart. I know how to game the system.’","Supported","Supported","True","1","The New York Times reported on Donald Trump's tax records in September 2020, detailing these $750 payments.","New York Times Donald Trump tax returns $750 September 2020","0","https://apnews.com/article/ruth-bader-ginsburg-courts-donald-trump-7e1d23d1e381ae3e0be6cb293338c05e","14.885542869567871","False","5 takeaways from NY Times report on Trump’s tax returns
President Donald Trump pauses as he speaks during a news conference at the White House, Sunday, Sept. 27, 2020, in Washington.
President Donald Trump speaking during a news conference at the White House, Sunday, Sept. 27, 2020, in Washington.
P"
"7","Why should you pay more taxes than Donald Trump pays? And that’s a fact. $750. Remember what he said when that was raised a while ago, how he only pays … He said, ‘Because I’m smart. I know how to game the system.’","Supported","Supported","True","1","The New York Times reported on Donald Trump's tax records in September 2020, detailing these $750 payments.","New York Times Donald Trump tax returns $750 September 2020","1","https://www.cbsnews.com/news/trump-taxes-returns-takeaways/","16.082740783691406","False","7 takeaways from New York Times report on President Trump's tax returns
A New York Times report that President Donald Trump paid just $750 in federal income tax the year he entered the White House — and, thanks to colossal losses, no income tax at all in 11 of the 18 years that the Times reviewed — "
"7","Why should you pay more taxes than Donald Trump pays? And that’s a fact. $750. Remember what he said when that was raised a while ago, how he only pays … He said, ‘Because I’m smart. I know how to game the system.’","Supported","Supported","True","1","The New York Times reported on Donald Trump's tax records in September 2020, detailing these $750 payments.","New York Times Donald Trump tax returns $750 September 2020","2","https://www.theguardian.com/us-news/2020/sep/27/new-york-times-publishes-donald-trumps-tax-returns-election","16.45516014099121","False","Donald Trump, a self-proclaimed billionaire, paid only $750 in federal income taxes in the year he was elected US president, according to a stunning New York Times investigation that could shake up the presidential election.
“Trump taxes show chronic losses and years of tax avoidance,” was the banne"
"7","Why should you pay more taxes than Donald Trump pays? And that’s a fact. $750. Remember what he said when that was raised a while ago, how he only pays … He said, ‘Because I’m smart. I know how to game the system.’","Supported","Supported","True","1","The New York Times reported on Donald Trump's tax records in September 2020, detailing these $750 payments.","New York Times Donald Trump tax returns $750 September 2020","3","https://www.npr.org/2020/09/27/917566141/trump-dismisses-new-york-times-reporting-that-he-paid-little-in-federal-income-t","16.49034309387207","False","Trump Dismisses 'New York Times' Report That He Paid Little In Federal Income Taxes
A New York Times investigation published on Sunday said that President Trump paid just $750 in federal income taxes each year in 2016 and 2017, which the president denied at a news conference using a familiar retort:"
"7","Why should you pay more taxes than Donald Trump pays? And that’s a fact. $750. Remember what he said when that was raised a while ago, how he only pays … He said, ‘Because I’m smart. I know how to game the system.’","Supported","Supported","True","1","The New York Times reported on Donald Trump's tax records in September 2020, detailing these $750 payments.","New York Times Donald Trump tax returns $750 September 2020","4","https://www.bbc.com/news/technology-54319948","16.595314025878906","False","Donald Trump 'paid $750 in federal income taxes in 2016 and 2017' - NY Times
Donald Trump paid just $750 (£580) in federal income tax both in 2016, the year he ran for the US presidency, and in his first year in the White House, the New York Times says.
The newspaper - which says it obtained tax rec"
"7","Why should you pay more taxes than Donald Trump pays? And that’s a fact. $750. Remember what he said when that was raised a while ago, how he only pays … He said, ‘Because I’m smart. I know how to game the system.’","Supported","Supported","True","2","During a 2016 presidential debate, Donald Trump stated that not paying federal income taxes 'makes me smart.'","Donald Trump debate 'that makes me smart' federal income taxes 2016","0","https://www.nbcnews.com/storyline/2016-presidential-debates/presidential-debate-donald-trump-s-remark-about-paying-taxes-raises-n655261","15.152115821838379","False","Hillary Clinton's suggestion Monday that maybe Donald Trump doesn't pay income tax prompted the Republican candidate to interject: ""That makes me smart.""
The remark came in a segment about Trump's refusal to release his tax returns during Monday night's debate.
The Democratic candidate seized on the"
"7","Why should you pay more taxes than Donald Trump pays? And that’s a fact. $750. Remember what he said when that was raised a while ago, how he only pays … He said, ‘Because I’m smart. I know how to game the system.’","Supported","Supported","True","2","During a 2016 presidential debate, Donald Trump stated that not paying federal income taxes 'makes me smart.'","Donald Trump debate 'that makes me smart' federal income taxes 2016","1","https://www.nbcnews.com/think/opinion/trump-tests-positive-covid-days-after-his-taxes-are-released-ncna1241730","15.52403450012207","False","In one of the 2016 presidential debates, Hillary Clinton made what she thought was a devastating charge against Republican presidential nominee Donald Trump: He didn't pay his federal income taxes!
Even before Clinton finished her sentence, Trump interrupted her: ""That makes me smart."" It was, in ma"
"7","Why should you pay more taxes than Donald Trump pays? And that’s a fact. $750. Remember what he said when that was raised a while ago, how he only pays … He said, ‘Because I’m smart. I know how to game the system.’","Supported","Supported","True","2","During a 2016 presidential debate, Donald Trump stated that not paying federal income taxes 'makes me smart.'","Donald Trump debate 'that makes me smart' federal income taxes 2016","2","https://m.usw.org/blog/2016/trump-digs-in-on-why-refusing-to-pay-taxes-makes-him-smart","16.30923843383789","False","Trump Digs in on Why Refusing to Pay Taxes Makes Him ‘Smart’
At the first presidential debate earlier this week, Republican nominee Donald Trump seemed to admit that he doesn’t pay anything in federal income taxes.
But he’s spent the days since lying about what he said.
Speculating about why Trump h"
"7","Why should you pay more taxes than Donald Trump pays? And that’s a fact. $750. Remember what he said when that was raised a while ago, how he only pays … He said, ‘Because I’m smart. I know how to game the system.’","Supported","Supported","True","2","During a 2016 presidential debate, Donald Trump stated that not paying federal income taxes 'makes me smart.'","Donald Trump debate 'that makes me smart' federal income taxes 2016","3","https://www.msnbc.com/rachel-maddow-show/donald-trump-still-getting-tripped-tax-returns-msna906706","16.515323638916016","False","Fairly early on during last night's presidential debate, Hillary Clinton was speculating about why Donald Trump would choose to be the first modern American presidential candidate to refuse to release his tax returns.
, ""he doesn't want the American people, all of you watching tonight, to know that "
"7","Why should you pay more taxes than Donald Trump pays? And that’s a fact. $750. Remember what he said when that was raised a while ago, how he only pays … He said, ‘Because I’m smart. I know how to game the system.’","Supported","Supported","True","2","During a 2016 presidential debate, Donald Trump stated that not paying federal income taxes 'makes me smart.'","Donald Trump debate 'that makes me smart' federal income taxes 2016","4","https://www.ny1.com/nyc/all-boroughs/politics/2020/09/28/trump-s-tax-revelation-could-tarnish-image-that-fueled-rise","16.93833351135254","False","WASHINGTON (AP) — The bombshell revelations that President Donald Trump paid just $750 in federal income taxes the year he ran for office and paid no income taxes at all in many others threaten to undercut a pillar of his appeal among blue-collar voters and provide a new opening for his Democratic r"
"7","Why should you pay more taxes than Donald Trump pays? And that’s a fact. $750. Remember what he said when that was raised a while ago, how he only pays … He said, ‘Because I’m smart. I know how to game the system.’","Supported","Supported","True","3","Donald Trump has publicly defended his tax minimization strategies as evidence of his business knowledge and intelligence.","Donald Trump defends low taxes 'smart' 'business genius'","0","https://www.pbs.org/newshour/politics/christie-giuliani-trump-taxes","16.531949996948242","False","WASHINGTON — Donald Trump may or may not have paid federal income taxes for years after losing nearly $916 million.
But if he did avoid paying taxes, he’s a “genius” at taking advantage of a loophole-ridden law, his supporters said Sunday.
The New York Times on Sunday published “a very, very good st"
"7","Why should you pay more taxes than Donald Trump pays? And that’s a fact. $750. Remember what he said when that was raised a while ago, how he only pays … He said, ‘Because I’m smart. I know how to game the system.’","Supported","Supported","True","3","Donald Trump has publicly defended his tax minimization strategies as evidence of his business knowledge and intelligence.","Donald Trump defends low taxes 'smart' 'business genius'","1","https://www.usatoday.com/story/opinion/2018/10/15/donald-trump-taxes-smart-legal-fraud-new-york-times-column/1639787002/","16.701618194580078","False","Is Donald Trump smart on taxes, or a clever tax con man who committed 'outright fraud'?
The New York Times found the Trumps dodged taxes in ways both legal and fraudulent. Americans care about this and need to see the president's returns.
In the waning days of the 2016 presidential election, we lear"
"7","Why should you pay more taxes than Donald Trump pays? And that’s a fact. $750. Remember what he said when that was raised a while ago, how he only pays … He said, ‘Because I’m smart. I know how to game the system.’","Supported","Supported","True","3","Donald Trump has publicly defended his tax minimization strategies as evidence of his business knowledge and intelligence.","Donald Trump defends low taxes 'smart' 'business genius'","2","https://nypost.com/2016/10/02/trump-could-have-escaped-paying-taxes-for-years-report/","17.66055679321289","False","Donald Trump really is smart when it comes to taxes: a report shows he declared a $916 million loss on his 1995 income tax, a deduction so huge it could have shielded him from paying anything to the IRS for up to 18 years.
The 1995 records, obtained by the New York Times, reveal that the GOP preside"
"7","Why should you pay more taxes than Donald Trump pays? And that’s a fact. $750. Remember what he said when that was raised a while ago, how he only pays … He said, ‘Because I’m smart. I know how to game the system.’","Supported","Supported","True","3","Donald Trump has publicly defended his tax minimization strategies as evidence of his business knowledge and intelligence.","Donald Trump defends low taxes 'smart' 'business genius'","3","https://www.nbcnews.com/storyline/2016-presidential-debates/presidential-debate-donald-trump-s-remark-about-paying-taxes-raises-n655261","17.789579391479492","False","Hillary Clinton's suggestion Monday that maybe Donald Trump doesn't pay income tax prompted the Republican candidate to interject: ""That makes me smart.""
The remark came in a segment about Trump's refusal to release his tax returns during Monday night's debate.
The Democratic candidate seized on the"
"7","Why should you pay more taxes than Donald Trump pays? And that’s a fact. $750. Remember what he said when that was raised a while ago, how he only pays … He said, ‘Because I’m smart. I know how to game the system.’","Supported","Supported","True","3","Donald Trump has publicly defended his tax minimization strategies as evidence of his business knowledge and intelligence.","Donald Trump defends low taxes 'smart' 'business genius'","4","https://www.nbcnews.com/think/opinion/trump-tests-positive-covid-days-after-his-taxes-are-released-ncna1241730","17.839664459228516","False","In one of the 2016 presidential debates, Hillary Clinton made what she thought was a devastating charge against Republican presidential nominee Donald Trump: He didn't pay his federal income taxes!
Even before Clinton finished her sentence, Trump interrupted her: ""That makes me smart."" It was, in ma"
"8","You’re watching the cheaters and all those people that send in the phony ballots. … They want to have the count weeks after November 3.","Refuted","Refuted","True","0","In the 2020 U.S. presidential election, official investigations and audits found no evidence of widespread voter fraud that affected the election outcome.","2020 US election voter fraud investigations and audit results","0","https://www.bbc.com/news/54562611","17.713891983032227","False","US election 2020: 'Rigged' votes, body doubles and other false claims
In the final weeks of the US election campaign all manner of false and misleading things are being shared on social media.
Here are some of the most recent - and false - claims.
The Trump campaign has often claimed, without eviden"
"8","You’re watching the cheaters and all those people that send in the phony ballots. … They want to have the count weeks after November 3.","Refuted","Refuted","True","0","In the 2020 U.S. presidential election, official investigations and audits found no evidence of widespread voter fraud that affected the election outcome.","2020 US election voter fraud investigations and audit results","1","https://www.nbcnews.com/politics/politics-news/president-donald-trump-says-he-will-ask-major-investigation-allegations-n711956","17.946399688720703","False","President Donald Trump continued to perpetuate unsubstantiated claims of election irregularities Wednesday by promising a ""major investigation"" into what he described as ""voter fraud.""
The announcement came after questions over Trump's repetition of a widely unproven claim that millions of ""illegal"""
"8","You’re watching the cheaters and all those people that send in the phony ballots. … They want to have the count weeks after November 3.","Refuted","Refuted","True","0","In the 2020 U.S. presidential election, official investigations and audits found no evidence of widespread voter fraud that affected the election outcome.","2020 US election voter fraud investigations and audit results","2","https://www.brennancenter.org/our-work/analysis-opinion/background-trumps-voter-fraud-commission","18.888242721557617","False","On May 11, 2017, President Donald Trump signed an executive order creating the “Presidential Advisory Commission on Election Integrity.”
Vice President Mike Pence is the chair, and Kansas Secretary of State Kris Kobach — one of the nation’s leading promoters of the myth of voter fraud and laws restr"
"8","You’re watching the cheaters and all those people that send in the phony ballots. … They want to have the count weeks after November 3.","Refuted","Refuted","True","0","In the 2020 U.S. presidential election, official investigations and audits found no evidence of widespread voter fraud that affected the election outcome.","2020 US election voter fraud investigations and audit results","3","https://apnews.com/article/f5f6a73b2af546ee97816bb35e82c18d","19.031902313232422","False","Report: Trump commission did not find widespread voter fraud
PORTLAND, Maine (AP) — The now-disbanded voting integrity commission launched by the Trump administration uncovered no evidence to support claims of widespread voter fraud, according to an analysis of administration documents released Frid"
"8","You’re watching the cheaters and all those people that send in the phony ballots. … They want to have the count weeks after November 3.","Refuted","Refuted","True","0","In the 2020 U.S. presidential election, official investigations and audits found no evidence of widespread voter fraud that affected the election outcome.","2020 US election voter fraud investigations and audit results","4","https://www.durbin.senate.gov/newsroom/press-releases/durbin-on-trump-voter-fraud-order-we-need-an-independent-nonpartisan-investigation-into-the-2016-election","19.314266204833984","False","Durbin on Trump Voter Fraud Order: We Need an Independent, Nonpartisan Investigation into the 2016 Election
WASHINGTON—U.S. Senate Democratic Whip Dick Durbin (D-IL) today released the following statement after reports that President Donald Trump has signed an executive order launching a commission "
"8","You’re watching the cheaters and all those people that send in the phony ballots. … They want to have the count weeks after November 3.","Refuted","Refuted","True","1","Courts and election authorities dismissed allegations of significant election fraud, including those related to 'phony ballots,' due to lack of credible evidence.","2020 election fraud lawsuits dismissed by courts","0","https://www.forbes.com/sites/alisondurkee/2020/10/23/trump-mail-in-voter-fraud-claims-have-no-merit-courts-rule-new-jersey/","17.83576011657715","False","President Donald Trump’s central argument against mail-in voting and his claim it will lead to widespread voter fraud has now been struck down in every state where it’s been challenged, as a federal judge on Thursday dismissed the Trump campaign’s lawsuit against New Jersey sending mailed ballots to"
"8","You’re watching the cheaters and all those people that send in the phony ballots. … They want to have the count weeks after November 3.","Refuted","Refuted","True","1","Courts and election authorities dismissed allegations of significant election fraud, including those related to 'phony ballots,' due to lack of credible evidence.","2020 election fraud lawsuits dismissed by courts","1","https://www.theguardian.com/us-news/2020/aug/21/trump-campaign-voter-fraud-pennsylvania","18.741785049438477","False","Donald Trump’s campaign failed to produce any evidence of vote-by-mail fraud in Pennsylvania after a federal judge ordered it do so, according to a 524-page court filing obtained by the Guardian.
The order came from US district judge Nicholas Ranjan, a Trump appointee, earlier this month amid a laws"
"8","You’re watching the cheaters and all those people that send in the phony ballots. … They want to have the count weeks after November 3.","Refuted","Refuted","True","1","Courts and election authorities dismissed allegations of significant election fraud, including those related to 'phony ballots,' due to lack of credible evidence.","2020 election fraud lawsuits dismissed by courts","2","https://www.bbc.com/news/54562611","18.822721481323242","False","US election 2020: 'Rigged' votes, body doubles and other false claims
In the final weeks of the US election campaign all manner of false and misleading things are being shared on social media.
Here are some of the most recent - and false - claims.
The Trump campaign has often claimed, without eviden"
"8","You’re watching the cheaters and all those people that send in the phony ballots. … They want to have the count weeks after November 3.","Refuted","Refuted","True","1","Courts and election authorities dismissed allegations of significant election fraud, including those related to 'phony ballots,' due to lack of credible evidence.","2020 election fraud lawsuits dismissed by courts","3","https://www.fec.gov/introduction-campaign-finance/election-results-and-voting-information/","19.16666603088379","False","The Federal Election Commission (FEC) has compiled the following information about elections and voting.
The FEC administers federal campaign finance laws; however, it has no jurisdiction over the laws relating to voting, voter fraud and intimidation, election results or the Electoral College.
Elect"
"8","You’re watching the cheaters and all those people that send in the phony ballots. … They want to have the count weeks after November 3.","Refuted","Refuted","True","1","Courts and election authorities dismissed allegations of significant election fraud, including those related to 'phony ballots,' due to lack of credible evidence.","2020 election fraud lawsuits dismissed by courts","4","https://www.fec.gov/legal-resources/court-cases/citizens-united-v-fec/","19.802953720092773","False","On January 21, 2010, the Supreme Court issued a ruling in Citizens United v. Federal Election Commission overruling an earlier decision, Austin v. Michigan State Chamber of Commerce (Austin), that allowed prohibitions on independent expenditures by corporations.
The Court also overruled the part of "
"8","You’re watching the cheaters and all those people that send in the phony ballots. … They want to have the count weeks after November 3.","Refuted","Refuted","True","2","Vote counting extended beyond November 3, 2020, in some states due to legal deadlines and the time needed to process and verify large numbers of mail-in ballots, not out of a desire to delay.","why did vote counting take longer after Election Day 2020 US","0","https://bipartisanpolicy.org/report/counting-the-vote-during-the-2020-election/","14.339436531066895","False","On the evening of November 3, 2020 when the last votes are cast and polling places officially close, hundreds of millions of Americans will tune into news coverage to find out who won the presidential election—except they will not find their answer.
Viewers may have to wait days or longer for enough"
"8","You’re watching the cheaters and all those people that send in the phony ballots. … They want to have the count weeks after November 3.","Refuted","Refuted","True","2","Vote counting extended beyond November 3, 2020, in some states due to legal deadlines and the time needed to process and verify large numbers of mail-in ballots, not out of a desire to delay.","why did vote counting take longer after Election Day 2020 US","1","https://www.lwv.org/blog/democracy-worth-waiting","16.220909118652344","False","There are a lot of predictions about how the 2020 election will play out this November, but one thing is almost certain: we are not going to have results on election night.
With the increase in mail-in ballots in every state this year due to COVID-19 risks, immediate results are not possible on Nove"
"8","You’re watching the cheaters and all those people that send in the phony ballots. … They want to have the count weeks after November 3.","Refuted","Refuted","True","2","Vote counting extended beyond November 3, 2020, in some states due to legal deadlines and the time needed to process and verify large numbers of mail-in ballots, not out of a desire to delay.","why did vote counting take longer after Election Day 2020 US","2","https://www.npr.org/2020/09/23/916012284/rule-changes-in-swing-states-mean-more-votes-will-count-results-may-take-longer","17.829172134399414","False","Rule Changes In Swing States Mean More Votes Will Count, Results May Take Longer
Voters in a number of swing states this November will have more leeway in getting their mail ballots back in time to count, should rule changes announced in the past week hold up to legal challenges.
But the changes cou"
"8","You’re watching the cheaters and all those people that send in the phony ballots. … They want to have the count weeks after November 3.","Refuted","Refuted","True","2","Vote counting extended beyond November 3, 2020, in some states due to legal deadlines and the time needed to process and verify large numbers of mail-in ballots, not out of a desire to delay.","why did vote counting take longer after Election Day 2020 US","3","https://www.cnbc.com/2020/08/14/election-2020-state-officials-prepare-for-delayed-results-of-up-to-a-few-weeks.html","18.032054901123047","False","- While President Donald Trump continues to drive unsubstantiated claims that mail-in ballots this year will lead to voter fraud, election officials warn of another, far likelier threat: delayed results.
- What's typically regarded as election night could drag on for a week or longer as the coronavi"
"8","You’re watching the cheaters and all those people that send in the phony ballots. … They want to have the count weeks after November 3.","Refuted","Refuted","True","2","Vote counting extended beyond November 3, 2020, in some states due to legal deadlines and the time needed to process and verify large numbers of mail-in ballots, not out of a desire to delay.","why did vote counting take longer after Election Day 2020 US","4","https://www.factcheck.org/2020/10/nothing-untoward-about-counting-ballots-after-election-day/","18.74683380126953","False","In recent days, President Donald Trump has repeatedly and baselessly suggested that counting mail-in ballots after Election Day will result in fraud.
The president, who has relentlessly attacked mail-in ballots as being rife with fraud, warned about post-Election Day vote counting during a campaign "
"8","You’re watching the cheaters and all those people that send in the phony ballots. … They want to have the count weeks after November 3.","Refuted","Refuted","True","3","Claims of widespread 'phony ballots' in the 2020 election have been debunked by fact-checkers and election security agencies.","phony ballots claims debunked 2020 US election","0","https://www.bbc.com/news/54562611","14.861881256103516","False","US election 2020: 'Rigged' votes, body doubles and other false claims
In the final weeks of the US election campaign all manner of false and misleading things are being shared on social media.
Here are some of the most recent - and false - claims.
The Trump campaign has often claimed, without eviden"
"8","You’re watching the cheaters and all those people that send in the phony ballots. … They want to have the count weeks after November 3.","Refuted","Refuted","True","3","Claims of widespread 'phony ballots' in the 2020 election have been debunked by fact-checkers and election security agencies.","phony ballots claims debunked 2020 US election","1","https://www.nbcnews.com/politics/donald-trump/twitter-fact-checks-trump-s-misleading-tweet-mail-voting-n1215151","17.989004135131836","False","Twitter slapped a fact check label on a pair of ""misleading"" tweets by President Donald Trump on Tuesday in which he railed against mail-in voting amid the COVID-19 pandemic.
""There is NO WAY (ZERO!) that Mail-In Ballots will be anything less than substantially fraudulent. Mail boxes will be robbed,"
"8","You’re watching the cheaters and all those people that send in the phony ballots. … They want to have the count weeks after November 3.","Refuted","Refuted","True","3","Claims of widespread 'phony ballots' in the 2020 election have been debunked by fact-checkers and election security agencies.","phony ballots claims debunked 2020 US election","2","https://time.com/5902728/voter-fraud-2020-2/","18.099916458129883","False","The story started with little more than a vague rumor. “They found six ballots in an office yesterday in a garbage can,” President Donald Trump told a Fox News radio show on Sept. 24.
“They were Trump ballots. Eight ballots in an office yesterday in a certain state.” Four hours later, the White Hous"
"8","You’re watching the cheaters and all those people that send in the phony ballots. … They want to have the count weeks after November 3.","Refuted","Refuted","True","3","Claims of widespread 'phony ballots' in the 2020 election have been debunked by fact-checkers and election security agencies.","phony ballots claims debunked 2020 US election","3","https://time.com/5887438/trump-mail-in-voting/","18.11184310913086","False","After months of watching commenters flood his office’s social-media posts with voting myths and fielding calls about election conspiracies from constituents, Brian Corley finally got fed up.
In July, the supervisor of elections in Florida’s Pasco County decided to shut down his office’s Facebook and"
"8","You’re watching the cheaters and all those people that send in the phony ballots. … They want to have the count weeks after November 3.","Refuted","Refuted","True","3","Claims of widespread 'phony ballots' in the 2020 election have been debunked by fact-checkers and election security agencies.","phony ballots claims debunked 2020 US election","4","https://www.cnn.com/2020/09/17/politics/mail-in-ballots-donald-trump-fraud-montana/index.html","18.194169998168945","False","On Thursday morning, President Donald Trump unleashed his latest attack on mail-in balloting.
“Because of the new and unprecedented massive amount of unsolicited ballots which will be sent to ‘voters’, or wherever, this year, the Nov 3rd Election result may NEVER BE ACCURATELY DETERMINED, which is w"
"9","You see the number today? 33.1 GDP. The biggest in the history of our country by almost triple, right? Almost triple. Now it’s very much bigger than any GDP we’ve ever had. You have to go back to the 1950s, and then it’s less than half. This is the greatest number, 33.1 percent.","Not Enough Evidence","Refuted","True","0","The U.S. Bureau of Economic Analysis reported annualized GDP growth of 33.1% for Q3 2020 (third quarter of 2020).","BEA Q3 2020 GDP growth 33.1 percent advance estimate","0","https://www.bea.gov/news/2020/gross-domestic-product-third-quarter-2020-advance-estimate","19.02761459350586","False","Gross Domestic Product, Third Quarter 2020 (Advance Estimate)
Real gross domestic product (GDP) increased at an annual rate of 33.1 percent in the third quarter of 2020 (table 1), according to the ""advance"" estimate released by the Bureau of Economic Analysis.
In the second quarter, real GDP decreas"
"9","You see the number today? 33.1 GDP. The biggest in the history of our country by almost triple, right? Almost triple. Now it’s very much bigger than any GDP we’ve ever had. You have to go back to the 1950s, and then it’s less than half. This is the greatest number, 33.1 percent.","Not Enough Evidence","Refuted","True","0","The U.S. Bureau of Economic Analysis reported annualized GDP growth of 33.1% for Q3 2020 (third quarter of 2020).","BEA Q3 2020 GDP growth 33.1 percent advance estimate","1","https://www.bea.gov/resources/learning-center/what-to-know-gdp","19.066316604614258","False","The value of the final goods and services produced in the United States is the gross domestic product.
The percentage that GDP grew (or shrank) from one period to another is an important way for Americans to gauge how their economy is doing.
The United States' GDP is also watched around the world as"
"9","You see the number today? 33.1 GDP. The biggest in the history of our country by almost triple, right? Almost triple. Now it’s very much bigger than any GDP we’ve ever had. You have to go back to the 1950s, and then it’s less than half. This is the greatest number, 33.1 percent.","Not Enough Evidence","Refuted","True","0","The U.S. Bureau of Economic Analysis reported annualized GDP growth of 33.1% for Q3 2020 (third quarter of 2020).","BEA Q3 2020 GDP growth 33.1 percent advance estimate","2","https://georgewbush-whitehouse.archives.gov/news/releases/2007/10/text/20071031-5.html","19.079442977905273","False","History & Tours | Kids | Your Government | Appointments | Jobs | Contact | Graphic version
Email Updates | Español | Accessibility | Search | Privacy Policy | Help
|Printer-Friendly Version Email this page to a friend
Press Briefing by Senior Administration Officials on the GDP Numbers
and Edward La"
"9","You see the number today? 33.1 GDP. The biggest in the history of our country by almost triple, right? Almost triple. Now it’s very much bigger than any GDP we’ve ever had. You have to go back to the 1950s, and then it’s less than half. This is the greatest number, 33.1 percent.","Not Enough Evidence","Refuted","True","0","The U.S. Bureau of Economic Analysis reported annualized GDP growth of 33.1% for Q3 2020 (third quarter of 2020).","BEA Q3 2020 GDP growth 33.1 percent advance estimate","3","http://www.xinhuanet.com/english/2019-10/30/c_138516093.htm","19.557971954345703","False","WASHINGTON, Oct. 30 (Xinhua) -- The U.S. economy expanded at an annual rate of 1.9 percent in the third quarter of the year, slightly lower than the 2-percent growth rate in the second quarter, the Commerce Department reported on Wednesday.
The slower growth of the gross domestic product (GDP) in th"
"9","You see the number today? 33.1 GDP. The biggest in the history of our country by almost triple, right? Almost triple. Now it’s very much bigger than any GDP we’ve ever had. You have to go back to the 1950s, and then it’s less than half. This is the greatest number, 33.1 percent.","Not Enough Evidence","Refuted","True","0","The U.S. Bureau of Economic Analysis reported annualized GDP growth of 33.1% for Q3 2020 (third quarter of 2020).","BEA Q3 2020 GDP growth 33.1 percent advance estimate","4","https://www.bea.gov/data/gdp/gdp-industry","19.637832641601562","False","In the third quarter, the value added of private goods-producing industries increased 10.2 percent, private services-producing industries increased 4.1 percent, and government increased 2.0 percent.
Overall, 14 of 22 industry groups contributed to the third-quarter increase in real GDP.
Current Rele"
"9","You see the number today? 33.1 GDP. The biggest in the history of our country by almost triple, right? Almost triple. Now it’s very much bigger than any GDP we’ve ever had. You have to go back to the 1950s, and then it’s less than half. This is the greatest number, 33.1 percent.","Not Enough Evidence","Refuted","True","1","The quarterly annualized GDP growth rate immediately prior to Q3 2020 (Q1 1950) was 16.7%, making the ratio approximately 2:1, not 'almost triple.'","highest quarterly annualized GDP growth rate United States history before 2020 Q1 1950","0","https://www.cnn.com/2020/10/29/economy/gdp-report-third-quarter/index.html","17.600669860839844","False","The US economy in the summer recovered much of the historically enormous ground it lost in the spring, expanding at the fastest rate on record in the third quarter, the Commerce Department reported Thursday.
Still, the recovery remains incomplete. The economic crisis that Covid-19 brought on is far "
"9","You see the number today? 33.1 GDP. The biggest in the history of our country by almost triple, right? Almost triple. Now it’s very much bigger than any GDP we’ve ever had. You have to go back to the 1950s, and then it’s less than half. This is the greatest number, 33.1 percent.","Not Enough Evidence","Refuted","True","1","The quarterly annualized GDP growth rate immediately prior to Q3 2020 (Q1 1950) was 16.7%, making the ratio approximately 2:1, not 'almost triple.'","highest quarterly annualized GDP growth rate United States history before 2020 Q1 1950","1","https://usafacts.org/articles/gdp-grew-74-third-quarter-2020-remains-lower-it-was-last-year/","18.182403564453125","False","A new report from the Bureau of Economic Analysis reveals that gross domestic product (GDP), which estimates the size of the US economy through the value of the goods and services it produces, grew by 7.4% in inflation-adjusted dollars from July to September.
Sustained annual growth at this rate wou"
"9","You see the number today? 33.1 GDP. The biggest in the history of our country by almost triple, right? Almost triple. Now it’s very much bigger than any GDP we’ve ever had. You have to go back to the 1950s, and then it’s less than half. This is the greatest number, 33.1 percent.","Not Enough Evidence","Refuted","True","1","The quarterly annualized GDP growth rate immediately prior to Q3 2020 (Q1 1950) was 16.7%, making the ratio approximately 2:1, not 'almost triple.'","highest quarterly annualized GDP growth rate United States history before 2020 Q1 1950","2","https://trumpwhitehouse.archives.gov/articles/economy-reaches-longest-expansion-in-u-s-history-in-third-quarter-of-2019-beats-market-expectations/","18.51586151123047","False","The current economic expansion, which began roughly a decade ago, became the longest in U.S. history on July 1, 2019, beating the previous record that lasted from March 1991 through March 2001.
As today’s advance Gross Domestic Product (GDP) release confirms, economic growth continued in the third q"
"9","You see the number today? 33.1 GDP. The biggest in the history of our country by almost triple, right? Almost triple. Now it’s very much bigger than any GDP we’ve ever had. You have to go back to the 1950s, and then it’s less than half. This is the greatest number, 33.1 percent.","Not Enough Evidence","Refuted","True","1","The quarterly annualized GDP growth rate immediately prior to Q3 2020 (Q1 1950) was 16.7%, making the ratio approximately 2:1, not 'almost triple.'","highest quarterly annualized GDP growth rate United States history before 2020 Q1 1950","3","https://www.aljazeera.com/economy/2020/10/29/us-economy-turns-in-record-q3-growth-but-crisis-is-not-over","19.02650260925293","False","US economy turns in record Q3 growth, but crisis is not over
US GDP grows at a 33.1 percent annual rate in the third quarter, the fastest pace on record.
The United States economy grew at its fastest pace on record in the third quarter, rebounding at an annual rate of 33.1 percent, the Bureau of Eco"
"9","You see the number today? 33.1 GDP. The biggest in the history of our country by almost triple, right? Almost triple. Now it’s very much bigger than any GDP we’ve ever had. You have to go back to the 1950s, and then it’s less than half. This is the greatest number, 33.1 percent.","Not Enough Evidence","Refuted","True","1","The quarterly annualized GDP growth rate immediately prior to Q3 2020 (Q1 1950) was 16.7%, making the ratio approximately 2:1, not 'almost triple.'","highest quarterly annualized GDP growth rate United States history before 2020 Q1 1950","4","https://trumpwhitehouse.archives.gov/articles/united-states-gdp-growth-continues-exceeding-expectations/","19.27948760986328","False","Today, the Bureau of Economic Analysis released its advance estimate for United States GDP for the fourth quarter of 2019 and the entire calendar year of 2019.
The release estimates that real GDP grew 2.1 percent at an annual rate in the fourth quarter of 2019 and 2.3 percent over the four quarters "
"9","You see the number today? 33.1 GDP. The biggest in the history of our country by almost triple, right? Almost triple. Now it’s very much bigger than any GDP we’ve ever had. You have to go back to the 1950s, and then it’s less than half. This is the greatest number, 33.1 percent.","Not Enough Evidence","Refuted","True","2","U.S. annualized GDP contracted by approximately 31.4% in Q2 2020 due to the COVID-19 pandemic, the largest quarterly decline on record.","Q2 2020 US GDP contraction 31 percent annualized","0","https://www.pgpf.org/blog/2023/04/real-gdp-falls-a-record-breaking-329-in-second-quarter","17.304519653320312","False","New economic growth statistics from the Bureau of Economic Analysis (BEA) confirm that the American economy continues to suffer historic damage during the coronavirus pandemic.
Real (inflation-adjusted) gross domestic product (GDP) contracted by an annual rate of 32.9 percent in the second quarter o"
"9","You see the number today? 33.1 GDP. The biggest in the history of our country by almost triple, right? Almost triple. Now it’s very much bigger than any GDP we’ve ever had. You have to go back to the 1950s, and then it’s less than half. This is the greatest number, 33.1 percent.","Not Enough Evidence","Refuted","True","2","U.S. annualized GDP contracted by approximately 31.4% in Q2 2020 due to the COVID-19 pandemic, the largest quarterly decline on record.","Q2 2020 US GDP contraction 31 percent annualized","1","https://usafacts.org/data/topics/economy/economic-indicators/gdp/gross-domestic-product/","18.54013442993164","False","Gross domestic product (GDP) is the value of all goods and services produced in the US. This number is used to measure the health of the economy by observing when GDP is growing or shrinking.
The Bureau of Economic Analysis (BEA) reports GDP both as a current-dollar value and inflation-adjusted to 2"
"9","You see the number today? 33.1 GDP. The biggest in the history of our country by almost triple, right? Almost triple. Now it’s very much bigger than any GDP we’ve ever had. You have to go back to the 1950s, and then it’s less than half. This is the greatest number, 33.1 percent.","Not Enough Evidence","Refuted","True","2","U.S. annualized GDP contracted by approximately 31.4% in Q2 2020 due to the COVID-19 pandemic, the largest quarterly decline on record.","Q2 2020 US GDP contraction 31 percent annualized","2","https://trumpwhitehouse.archives.gov/articles/economy-reaches-longest-expansion-in-u-s-history-in-third-quarter-of-2019-beats-market-expectations/","19.12630844116211","False","The current economic expansion, which began roughly a decade ago, became the longest in U.S. history on July 1, 2019, beating the previous record that lasted from March 1991 through March 2001.
As today’s advance Gross Domestic Product (GDP) release confirms, economic growth continued in the third q"
"9","You see the number today? 33.1 GDP. The biggest in the history of our country by almost triple, right? Almost triple. Now it’s very much bigger than any GDP we’ve ever had. You have to go back to the 1950s, and then it’s less than half. This is the greatest number, 33.1 percent.","Not Enough Evidence","Refuted","True","2","U.S. annualized GDP contracted by approximately 31.4% in Q2 2020 due to the COVID-19 pandemic, the largest quarterly decline on record.","Q2 2020 US GDP contraction 31 percent annualized","3","https://www.macrotrends.net/countries/USA/united-states/gdp-gross-domestic-product","19.242361068725586","False","- U.S. gdp for 2022 was $25,462.70B, a 9.21% increase from 2021.
- U.S. gdp for 2021 was $23,315.08B, a 10.71% increase from 2020.
- U.S. gdp for 2020 was $21,060.47B, a 1.5% decline from 2019.
- U.S. gdp for 2019 was $21,380.98B, a 4.13% increase from 2018."
"9","You see the number today? 33.1 GDP. The biggest in the history of our country by almost triple, right? Almost triple. Now it’s very much bigger than any GDP we’ve ever had. You have to go back to the 1950s, and then it’s less than half. This is the greatest number, 33.1 percent.","Not Enough Evidence","Refuted","True","2","U.S. annualized GDP contracted by approximately 31.4% in Q2 2020 due to the COVID-19 pandemic, the largest quarterly decline on record.","Q2 2020 US GDP contraction 31 percent annualized","4","https://www.bea.gov/resources/learning-center/what-to-know-gdp","19.316730499267578","False","The value of the final goods and services produced in the United States is the gross domestic product.
The percentage that GDP grew (or shrank) from one period to another is an important way for Americans to gauge how their economy is doing.
The United States' GDP is also watched around the world as"
"9","You see the number today? 33.1 GDP. The biggest in the history of our country by almost triple, right? Almost triple. Now it’s very much bigger than any GDP we’ve ever had. You have to go back to the 1950s, and then it’s less than half. This is the greatest number, 33.1 percent.","Not Enough Evidence","Refuted","True","3","Quarterly GDP data in the U.S. has been tracked by BEA beginning in 1947, not extending back to the 1950s claim as an earlier era.","BEA quarterly GDP data start date 1947 history","0","https://www.bea.gov/resources/learning-center/what-to-know-gdp","19.628032684326172","False","The value of the final goods and services produced in the United States is the gross domestic product.
The percentage that GDP grew (or shrank) from one period to another is an important way for Americans to gauge how their economy is doing.
The United States' GDP is also watched around the world as"
"9","You see the number today? 33.1 GDP. The biggest in the history of our country by almost triple, right? Almost triple. Now it’s very much bigger than any GDP we’ve ever had. You have to go back to the 1950s, and then it’s less than half. This is the greatest number, 33.1 percent.","Not Enough Evidence","Refuted","True","3","Quarterly GDP data in the U.S. has been tracked by BEA beginning in 1947, not extending back to the 1950s claim as an earlier era.","BEA quarterly GDP data start date 1947 history","1","https://www.bea.gov/data/gdp/gdp-industry","19.80479621887207","False","In the third quarter, the value added of private goods-producing industries increased 10.2 percent, private services-producing industries increased 4.1 percent, and government increased 2.0 percent.
Overall, 14 of 22 industry groups contributed to the third-quarter increase in real GDP.
Current Rele"
"9","You see the number today? 33.1 GDP. The biggest in the history of our country by almost triple, right? Almost triple. Now it’s very much bigger than any GDP we’ve ever had. You have to go back to the 1950s, and then it’s less than half. This is the greatest number, 33.1 percent.","Not Enough Evidence","Refuted","True","3","Quarterly GDP data in the U.S. has been tracked by BEA beginning in 1947, not extending back to the 1950s claim as an earlier era.","BEA quarterly GDP data start date 1947 history","2","https://usafacts.org/articles/gdp-grew-74-third-quarter-2020-remains-lower-it-was-last-year/","20.201557159423828","False","A new report from the Bureau of Economic Analysis reveals that gross domestic product (GDP), which estimates the size of the US economy through the value of the goods and services it produces, grew by 7.4% in inflation-adjusted dollars from July to September.
Sustained annual growth at this rate wou"
"9","You see the number today? 33.1 GDP. The biggest in the history of our country by almost triple, right? Almost triple. Now it’s very much bigger than any GDP we’ve ever had. You have to go back to the 1950s, and then it’s less than half. This is the greatest number, 33.1 percent.","Not Enough Evidence","Refuted","True","3","Quarterly GDP data in the U.S. has been tracked by BEA beginning in 1947, not extending back to the 1950s claim as an earlier era.","BEA quarterly GDP data start date 1947 history","3","https://apps.bea.gov/scb/pdf/2005/12December/1205_GDP-NAICS.pdf","20.80436897277832","False","product (GDP) by industry for 1947–86 that are based
on the 1997 North American Industry Classification
System (NAICS). These estimates, together with previ-
provide the first long-term view of industry contribu-
tions to U.S. economic growth and inflation from a
These estimates also fill a major ga"
"9","You see the number today? 33.1 GDP. The biggest in the history of our country by almost triple, right? Almost triple. Now it’s very much bigger than any GDP we’ve ever had. You have to go back to the 1950s, and then it’s less than half. This is the greatest number, 33.1 percent.","Not Enough Evidence","Refuted","True","3","Quarterly GDP data in the U.S. has been tracked by BEA beginning in 1947, not extending back to the 1950s claim as an earlier era.","BEA quarterly GDP data start date 1947 history","4","https://www.cnbc.com/id/44505017","20.87525177001953","False","The gross domestic product or GDP, is arguably the most important indicator on the health of a country's economy.
So what statistics are used to determine GDP? How does it affect the markets and the average citizen?
GDP represents the total dollar value of all goods and services produced over a spec"
"9","You see the number today? 33.1 GDP. The biggest in the history of our country by almost triple, right? Almost triple. Now it’s very much bigger than any GDP we’ve ever had. You have to go back to the 1950s, and then it’s less than half. This is the greatest number, 33.1 percent.","Not Enough Evidence","Refuted","True","4","The record Q3 2020 GDP gain followed a record Q2 2020 GDP loss, meaning the economy had not yet recovered to pre-pandemic levels.","US GDP Q3 2020 recovery pre-pandemic levels still below","0","https://usafacts.org/data/topics/economy/economic-indicators/gdp/gross-domestic-product/","18.10182762145996","False","Gross domestic product (GDP) is the value of all goods and services produced in the US. This number is used to measure the health of the economy by observing when GDP is growing or shrinking.
The Bureau of Economic Analysis (BEA) reports GDP both as a current-dollar value and inflation-adjusted to 2"
"9","You see the number today? 33.1 GDP. The biggest in the history of our country by almost triple, right? Almost triple. Now it’s very much bigger than any GDP we’ve ever had. You have to go back to the 1950s, and then it’s less than half. This is the greatest number, 33.1 percent.","Not Enough Evidence","Refuted","True","4","The record Q3 2020 GDP gain followed a record Q2 2020 GDP loss, meaning the economy had not yet recovered to pre-pandemic levels.","US GDP Q3 2020 recovery pre-pandemic levels still below","1","https://trumpwhitehouse.archives.gov/articles/new-economic-comeback-president-trump-breaks-70-year-record/","18.258779525756836","False","News broke this morning that real GDP grew at an annualized rate of 33.1% in the third quarter of 2020—beating expectations and setting an all-time record.
This jump in GDP is nearly double the previous record set 70 years ago.
Thanks to President Trump’s policies, the American economy is weathering"
"9","You see the number today? 33.1 GDP. The biggest in the history of our country by almost triple, right? Almost triple. Now it’s very much bigger than any GDP we’ve ever had. You have to go back to the 1950s, and then it’s less than half. This is the greatest number, 33.1 percent.","Not Enough Evidence","Refuted","True","4","The record Q3 2020 GDP gain followed a record Q2 2020 GDP loss, meaning the economy had not yet recovered to pre-pandemic levels.","US GDP Q3 2020 recovery pre-pandemic levels still below","2","https://trumpwhitehouse.archives.gov/articles/great-american-recovery-third-quarter-gdp-blows-past-expectations/","18.34343910217285","False","After releasing his plan to reopen America safely in April, President Trump remarked that prior to the Coronavirus pandemic, the United States had “built the greatest economy anywhere in the world . . .
At that time, the consensus among economic forecasters was that pandemic-induced lockdowns would "
"9","You see the number today? 33.1 GDP. The biggest in the history of our country by almost triple, right? Almost triple. Now it’s very much bigger than any GDP we’ve ever had. You have to go back to the 1950s, and then it’s less than half. This is the greatest number, 33.1 percent.","Not Enough Evidence","Refuted","True","4","The record Q3 2020 GDP gain followed a record Q2 2020 GDP loss, meaning the economy had not yet recovered to pre-pandemic levels.","US GDP Q3 2020 recovery pre-pandemic levels still below","3","https://www.cnn.com/2020/10/29/economy/gdp-report-third-quarter/index.html","19.37290382385254","False","The US economy in the summer recovered much of the historically enormous ground it lost in the spring, expanding at the fastest rate on record in the third quarter, the Commerce Department reported Thursday.
Still, the recovery remains incomplete. The economic crisis that Covid-19 brought on is far "
"9","You see the number today? 33.1 GDP. The biggest in the history of our country by almost triple, right? Almost triple. Now it’s very much bigger than any GDP we’ve ever had. You have to go back to the 1950s, and then it’s less than half. This is the greatest number, 33.1 percent.","Not Enough Evidence","Refuted","True","4","The record Q3 2020 GDP gain followed a record Q2 2020 GDP loss, meaning the economy had not yet recovered to pre-pandemic levels.","US GDP Q3 2020 recovery pre-pandemic levels still below","4","https://www.cbsnews.com/news/gdp-q3-growth-33-1-percent/","19.38376808166504","False","U.S. economy rebounded strongly in the third quarter
The U.S. economy grew at a record annualized rate of 33.1% between July and September, clawing back much of the ground it had lost during the coronavirus-fueled shutdown earlier in the year, the Commerce Department said Thursday.
The government re"
