claim_id,gold_label,model_only_verdict,infact_attacked_verdict,lead_idx,lead,why_missing,search_query,doc_rank,doc_url,doc_distance,is_gold,is_fake,doc_snippet
0,Refuted,Supported,refuted,0,Apple's 'Think Different' advertising campaign launched in 1997.,not retrieved,Apple 'Think Different' campaign launched 1997,0,https://medium.com/ad-discovery-and-creativity-lab/think-different-b566c2e6117f,15.560620307922363,False,False,"This week we decided to go vintage and analyze an old-special campaign from Apple, the distinguished “Think Different” which launched in 1997.
This slogan changed the way we see campaigns, ads, posters and of course the way we see computers and technology.
Although it’s not grammatically correct, as"
0,Refuted,Supported,refuted,0,Apple's 'Think Different' advertising campaign launched in 1997.,not retrieved,Apple 'Think Different' campaign launched 1997,1,https://www.lindemancollective.com/what-makes-apples-think-different-the-goat-of-advertising-campaigns/,16.252376556396484,False,False,"What makes Apple’s “Think Different” the GOAT of advertising campaigns
The GOAT. Lately, it seems you can’t walk by a water cooler, scan the local radio dial or scroll through YouTube without hearing a passionate debate over which athlete should be given the title as the greatest of all time.
Lebron"
0,Refuted,Supported,refuted,0,Apple's 'Think Different' advertising campaign launched in 1997.,not retrieved,Apple 'Think Different' campaign launched 1997,2,https://www.creativereview.co.uk/apple-think-different-slogan/,17.037811279296875,False,False,"It’s easy to forget just what a perilous state Apple was in when Steve Jobs returned to the company in 1996.
In those pre-iMac, pre-i-anything days, there were widespread predictions that the company would soon disappear.
While he waited on the stream of new products that would ultimately revive the"
0,Refuted,Supported,refuted,0,Apple's 'Think Different' advertising campaign launched in 1997.,not retrieved,Apple 'Think Different' campaign launched 1997,3,https://creativecriminals.com/celebrities/apple/think-different,17.05296516418457,False,False,"In memory of Steve Jobs we would like to share the story of one of the most successful campaigns in the history of advertising.
It’s the story of Apple’s ‘Think different’ campaign. We are not only talking about an original idea or a beautiful ad, the campaign actually worked, and how… During the 90"
0,Refuted,Supported,refuted,0,Apple's 'Think Different' advertising campaign launched in 1997.,not retrieved,Apple 'Think Different' campaign launched 1997,4,https://www.ipl.org/essay/Apple-Advertisement-Analysis-FJ8DXGXKRG,17.08226776123047,False,False,"Apple is one of the well-known electronics brand in the world. Millions of people were waiting in the line to get their new phone devices at the Apple store.
This tiny device has many impressive characteristics that attract consumers. Every year the company comes out with new device features with a "
0,Refuted,Supported,refuted,1,Steve Jobs wanted Sean Connery to provide the voiceover for the 'Think Different' television commercial.,only fake evidence,Steve Jobs wanted Sean Connery for Think Different voiceover,0,https://www.cnet.com/culture/fake-sean-connery-letter-to-steve-jobs-goes-viral/,17.318784713745117,False,False,"Faux 007 launching expletives at Apple icon fools British social-media guru and becomes meme material.
First, the bad news. Sean Connery never actually sent a typewritten letter to Steve Jobs in 1998 refusing to be in an Apple ad.
But the awesome news is that quite a few people believe Connery owns "
0,Refuted,Supported,refuted,1,Steve Jobs wanted Sean Connery to provide the voiceover for the 'Think Different' television commercial.,only fake evidence,Steve Jobs wanted Sean Connery for Think Different voiceover,1,https://www.businessinsider.com/james-bond-sean-connery-steve-jobs-apple-letter-2011-6,17.434938430786133,False,False,"This is a letter Sean Connery wrote didn't write in response to Steve Jobs after being asked to appear in an Apple ad.
Honestly, we're not sure it's legit. The ""007"" at the bottom-right corner and the ""I am fucking JAMES BOND"" seem a bit rich.
But it's still hilarious. And it's refreshing to see som"
0,Refuted,Supported,refuted,1,Steve Jobs wanted Sean Connery to provide the voiceover for the 'Think Different' television commercial.,only fake evidence,Steve Jobs wanted Sean Connery for Think Different voiceover,2,https://www.snopes.com/fact-check/false-sean-connery-letter-to-apple/,17.5135498046875,False,False,"An image of a purported 1998 letter from actor Sean Connery (famous for his portrayal of agent James Bond) to Apple CEO Steve Jobs, caustically rebuffing an offer to become a pitchman for Apple Computers, hit the Internet in June 2011.
Despite the letter's seeming verisimilitude, it was merely a bit"
0,Refuted,Supported,refuted,1,Steve Jobs wanted Sean Connery to provide the voiceover for the 'Think Different' television commercial.,only fake evidence,Steve Jobs wanted Sean Connery for Think Different voiceover,3,https://www.dailymail.co.uk/news/article-2006317/Sean-Connery-letter-Steve-Jobs-rejecting-offer-appear-Apple-ad-revealed-fake.html,17.709354400634766,False,False,"'I am f****** James Bond': Sean Connery letter to Steve Jobs rejecting offer to appear in Apple ad revealed to be fake
Thousands of James Bond fans were today taken in by a spoof letter from Sean Conney to Apple boss Steve Jobs in which the film star launches a rant at the computer chief.
The faked "
0,Refuted,Supported,refuted,1,Steve Jobs wanted Sean Connery to provide the voiceover for the 'Think Different' television commercial.,only fake evidence,Steve Jobs wanted Sean Connery for Think Different voiceover,4,https://www.mi6-hq.com/news/index.php?itemid=9532,17.940462112426758,False,False,"Fake Sean Connery / Steve Jobs letter becomes top Twitter trending topic
A 'letter' from Sean Connery to Steve Jobs was a top trending topic on Twitter today thanks to an unwitting tweet from a marketing executive who thought it was genuine.
The phony letter, in which 'Connery' uses some salty langu"
0,Refuted,Supported,refuted,2,Steve Jobs sent a letter to Sean Connery asking him to participate in the commercial.,not retrieved,Steve Jobs letter to Sean Connery asking to appear in commercial,0,https://www.dailymail.co.uk/news/article-2006317/Sean-Connery-letter-Steve-Jobs-rejecting-offer-appear-Apple-ad-revealed-fake.html,14.042943000793457,False,False,"'I am f****** James Bond': Sean Connery letter to Steve Jobs rejecting offer to appear in Apple ad revealed to be fake
Thousands of James Bond fans were today taken in by a spoof letter from Sean Conney to Apple boss Steve Jobs in which the film star launches a rant at the computer chief.
The faked "
0,Refuted,Supported,refuted,2,Steve Jobs sent a letter to Sean Connery asking him to participate in the commercial.,not retrieved,Steve Jobs letter to Sean Connery asking to appear in commercial,1,https://www.businessinsider.com/james-bond-sean-connery-steve-jobs-apple-letter-2011-6,14.291328430175781,False,False,"This is a letter Sean Connery wrote didn't write in response to Steve Jobs after being asked to appear in an Apple ad.
Honestly, we're not sure it's legit. The ""007"" at the bottom-right corner and the ""I am fucking JAMES BOND"" seem a bit rich.
But it's still hilarious. And it's refreshing to see som"
0,Refuted,Supported,refuted,2,Steve Jobs sent a letter to Sean Connery asking him to participate in the commercial.,not retrieved,Steve Jobs letter to Sean Connery asking to appear in commercial,2,https://www.cnet.com/culture/fake-sean-connery-letter-to-steve-jobs-goes-viral/,14.988142013549805,False,False,"Faux 007 launching expletives at Apple icon fools British social-media guru and becomes meme material.
First, the bad news. Sean Connery never actually sent a typewritten letter to Steve Jobs in 1998 refusing to be in an Apple ad.
But the awesome news is that quite a few people believe Connery owns "
0,Refuted,Supported,refuted,2,Steve Jobs sent a letter to Sean Connery asking him to participate in the commercial.,not retrieved,Steve Jobs letter to Sean Connery asking to appear in commercial,3,https://www.mi6-hq.com/news/index.php?itemid=9532,15.925877571105957,False,False,"Fake Sean Connery / Steve Jobs letter becomes top Twitter trending topic
A 'letter' from Sean Connery to Steve Jobs was a top trending topic on Twitter today thanks to an unwitting tweet from a marketing executive who thought it was genuine.
The phony letter, in which 'Connery' uses some salty langu"
0,Refuted,Supported,refuted,2,Steve Jobs sent a letter to Sean Connery asking him to participate in the commercial.,not retrieved,Steve Jobs letter to Sean Connery asking to appear in commercial,4,https://www.snopes.com/fact-check/false-sean-connery-letter-to-apple/,16.163909912109375,False,False,"An image of a purported 1998 letter from actor Sean Connery (famous for his portrayal of agent James Bond) to Apple CEO Steve Jobs, caustically rebuffing an offer to become a pitchman for Apple Computers, hit the Internet in June 2011.
Despite the letter's seeming verisimilitude, it was merely a bit"
0,Refuted,Supported,refuted,3,Sean Connery responded with a written letter to Steve Jobs declining the offer.,only fake evidence,Sean Connery letter to Steve Jobs declining commercial,0,https://www.dailymail.co.uk/news/article-2006317/Sean-Connery-letter-Steve-Jobs-rejecting-offer-appear-Apple-ad-revealed-fake.html,15.770483016967773,False,False,"'I am f****** James Bond': Sean Connery letter to Steve Jobs rejecting offer to appear in Apple ad revealed to be fake
Thousands of James Bond fans were today taken in by a spoof letter from Sean Conney to Apple boss Steve Jobs in which the film star launches a rant at the computer chief.
The faked "
0,Refuted,Supported,refuted,3,Sean Connery responded with a written letter to Steve Jobs declining the offer.,only fake evidence,Sean Connery letter to Steve Jobs declining commercial,1,https://www.cnet.com/culture/fake-sean-connery-letter-to-steve-jobs-goes-viral/,16.38860511779785,False,False,"Faux 007 launching expletives at Apple icon fools British social-media guru and becomes meme material.
First, the bad news. Sean Connery never actually sent a typewritten letter to Steve Jobs in 1998 refusing to be in an Apple ad.
But the awesome news is that quite a few people believe Connery owns "
0,Refuted,Supported,refuted,3,Sean Connery responded with a written letter to Steve Jobs declining the offer.,only fake evidence,Sean Connery letter to Steve Jobs declining commercial,2,https://www.mi6-hq.com/news/index.php?itemid=9532,16.661306381225586,False,False,"Fake Sean Connery / Steve Jobs letter becomes top Twitter trending topic
A 'letter' from Sean Connery to Steve Jobs was a top trending topic on Twitter today thanks to an unwitting tweet from a marketing executive who thought it was genuine.
The phony letter, in which 'Connery' uses some salty langu"
0,Refuted,Supported,refuted,3,Sean Connery responded with a written letter to Steve Jobs declining the offer.,only fake evidence,Sean Connery letter to Steve Jobs declining commercial,3,https://www.businessinsider.com/james-bond-sean-connery-steve-jobs-apple-letter-2011-6,16.76197052001953,False,False,"This is a letter Sean Connery wrote didn't write in response to Steve Jobs after being asked to appear in an Apple ad.
Honestly, we're not sure it's legit. The ""007"" at the bottom-right corner and the ""I am fucking JAMES BOND"" seem a bit rich.
But it's still hilarious. And it's refreshing to see som"
0,Refuted,Supported,refuted,3,Sean Connery responded with a written letter to Steve Jobs declining the offer.,only fake evidence,Sean Connery letter to Steve Jobs declining commercial,4,https://www.snopes.com/fact-check/false-sean-connery-letter-to-apple/,17.52608871459961,False,False,"An image of a purported 1998 letter from actor Sean Connery (famous for his portrayal of agent James Bond) to Apple CEO Steve Jobs, caustically rebuffing an offer to become a pitchman for Apple Computers, hit the Internet in June 2011.
Despite the letter's seeming verisimilitude, it was merely a bit"
0,Refuted,Supported,refuted,4,"In his reply, Sean Connery explained that he does not appear in commercials.",not retrieved,"Sean Connery ""does not appear in commercials"" letter Steve Jobs",0,https://www.dailymail.co.uk/news/article-2006317/Sean-Connery-letter-Steve-Jobs-rejecting-offer-appear-Apple-ad-revealed-fake.html,13.761345863342285,False,False,"'I am f****** James Bond': Sean Connery letter to Steve Jobs rejecting offer to appear in Apple ad revealed to be fake
Thousands of James Bond fans were today taken in by a spoof letter from Sean Conney to Apple boss Steve Jobs in which the film star launches a rant at the computer chief.
The faked "
0,Refuted,Supported,refuted,4,"In his reply, Sean Connery explained that he does not appear in commercials.",not retrieved,"Sean Connery ""does not appear in commercials"" letter Steve Jobs",1,https://www.businessinsider.com/james-bond-sean-connery-steve-jobs-apple-letter-2011-6,13.873085021972656,False,False,"This is a letter Sean Connery wrote didn't write in response to Steve Jobs after being asked to appear in an Apple ad.
Honestly, we're not sure it's legit. The ""007"" at the bottom-right corner and the ""I am fucking JAMES BOND"" seem a bit rich.
But it's still hilarious. And it's refreshing to see som"
0,Refuted,Supported,refuted,4,"In his reply, Sean Connery explained that he does not appear in commercials.",not retrieved,"Sean Connery ""does not appear in commercials"" letter Steve Jobs",2,https://www.cnet.com/culture/fake-sean-connery-letter-to-steve-jobs-goes-viral/,14.528486251831055,False,False,"Faux 007 launching expletives at Apple icon fools British social-media guru and becomes meme material.
First, the bad news. Sean Connery never actually sent a typewritten letter to Steve Jobs in 1998 refusing to be in an Apple ad.
But the awesome news is that quite a few people believe Connery owns "
0,Refuted,Supported,refuted,4,"In his reply, Sean Connery explained that he does not appear in commercials.",not retrieved,"Sean Connery ""does not appear in commercials"" letter Steve Jobs",3,https://www.snopes.com/fact-check/false-sean-connery-letter-to-apple/,15.222794532775879,False,False,"An image of a purported 1998 letter from actor Sean Connery (famous for his portrayal of agent James Bond) to Apple CEO Steve Jobs, caustically rebuffing an offer to become a pitchman for Apple Computers, hit the Internet in June 2011.
Despite the letter's seeming verisimilitude, it was merely a bit"
0,Refuted,Supported,refuted,4,"In his reply, Sean Connery explained that he does not appear in commercials.",not retrieved,"Sean Connery ""does not appear in commercials"" letter Steve Jobs",4,https://www.mi6-hq.com/news/index.php?itemid=9532,15.834858894348145,False,False,"Fake Sean Connery / Steve Jobs letter becomes top Twitter trending topic
A 'letter' from Sean Connery to Steve Jobs was a top trending topic on Twitter today thanks to an unwitting tweet from a marketing executive who thought it was genuine.
The phony letter, in which 'Connery' uses some salty langu"
0,Refuted,Supported,refuted,5,The correspondence is recounted in Walter Isaacson's 2011 biography 'Steve Jobs'.,not retrieved,Walter Isaacson Steve Jobs biography Sean Connery Think Different,0,https://blog.aventure-apple.com/2019/03/02/sean-connery-a-t-il-envoye-balader-steve-jobs/,17.545047760009766,False,False,"C’est un courrier qui est devenu viral en 2011. Une simple lettre adressée par Sean Connery à Steve Jobs le 11 décembre 1998, dans laquelle l’acteur ayant incarné l’agent secret James Bond de 1962 à 1971, priait Steve Jobs de ne plus insister pour le voir apparaître dans une publicité de la marque ("
0,Refuted,Supported,refuted,5,The correspondence is recounted in Walter Isaacson's 2011 biography 'Steve Jobs'.,not retrieved,Walter Isaacson Steve Jobs biography Sean Connery Think Different,1,https://www.snopes.com/fact-check/false-sean-connery-letter-to-apple/,18.693538665771484,False,False,"An image of a purported 1998 letter from actor Sean Connery (famous for his portrayal of agent James Bond) to Apple CEO Steve Jobs, caustically rebuffing an offer to become a pitchman for Apple Computers, hit the Internet in June 2011.
Despite the letter's seeming verisimilitude, it was merely a bit"
0,Refuted,Supported,refuted,5,The correspondence is recounted in Walter Isaacson's 2011 biography 'Steve Jobs'.,not retrieved,Walter Isaacson Steve Jobs biography Sean Connery Think Different,2,https://www.telegraph.co.uk/culture/film/jamesbond/8589096/Fake-Sean-Connery-letter-to-Steve-Jobs-becomes-Twitter-sensation.html,18.933666229248047,False,False,"One would think that the only thing 007 Sean Connery has in common with Apple co-founder Steve Jobs is a penchant for cool gadgets but this morning’s tweets proved otherwise.
The letter was created as a part of an article on the iMac by Scoopertino, a website specialising in “unreal Apple news”.
In "
0,Refuted,Supported,refuted,5,The correspondence is recounted in Walter Isaacson's 2011 biography 'Steve Jobs'.,not retrieved,Walter Isaacson Steve Jobs biography Sean Connery Think Different,3,https://www.dailymail.co.uk/news/article-2006317/Sean-Connery-letter-Steve-Jobs-rejecting-offer-appear-Apple-ad-revealed-fake.html,18.989179611206055,False,False,"'I am f****** James Bond': Sean Connery letter to Steve Jobs rejecting offer to appear in Apple ad revealed to be fake
Thousands of James Bond fans were today taken in by a spoof letter from Sean Conney to Apple boss Steve Jobs in which the film star launches a rant at the computer chief.
The faked "
0,Refuted,Supported,refuted,5,The correspondence is recounted in Walter Isaacson's 2011 biography 'Steve Jobs'.,not retrieved,Walter Isaacson Steve Jobs biography Sean Connery Think Different,4,https://www.cnet.com/culture/fake-sean-connery-letter-to-steve-jobs-goes-viral/,19.002187728881836,False,False,"Faux 007 launching expletives at Apple icon fools British social-media guru and becomes meme material.
First, the bad news. Sean Connery never actually sent a typewritten letter to Steve Jobs in 1998 refusing to be in an Apple ad.
But the awesome news is that quite a few people believe Connery owns "
0,Refuted,Supported,refuted,6,The physical letter from Sean Connery to Steve Jobs was sold at auction in 2017.,not retrieved,Sean Connery letter to Steve Jobs auction 2017,0,https://www.dailymail.co.uk/news/article-2006317/Sean-Connery-letter-Steve-Jobs-rejecting-offer-appear-Apple-ad-revealed-fake.html,16.028770446777344,False,False,"'I am f****** James Bond': Sean Connery letter to Steve Jobs rejecting offer to appear in Apple ad revealed to be fake
Thousands of James Bond fans were today taken in by a spoof letter from Sean Conney to Apple boss Steve Jobs in which the film star launches a rant at the computer chief.
The faked "
0,Refuted,Supported,refuted,6,The physical letter from Sean Connery to Steve Jobs was sold at auction in 2017.,not retrieved,Sean Connery letter to Steve Jobs auction 2017,1,https://www.cnet.com/culture/fake-sean-connery-letter-to-steve-jobs-goes-viral/,16.79404067993164,False,False,"Faux 007 launching expletives at Apple icon fools British social-media guru and becomes meme material.
First, the bad news. Sean Connery never actually sent a typewritten letter to Steve Jobs in 1998 refusing to be in an Apple ad.
But the awesome news is that quite a few people believe Connery owns "
0,Refuted,Supported,refuted,6,The physical letter from Sean Connery to Steve Jobs was sold at auction in 2017.,not retrieved,Sean Connery letter to Steve Jobs auction 2017,2,https://www.mi6-hq.com/news/index.php?itemid=9532,16.92888641357422,False,False,"Fake Sean Connery / Steve Jobs letter becomes top Twitter trending topic
A 'letter' from Sean Connery to Steve Jobs was a top trending topic on Twitter today thanks to an unwitting tweet from a marketing executive who thought it was genuine.
The phony letter, in which 'Connery' uses some salty langu"
0,Refuted,Supported,refuted,6,The physical letter from Sean Connery to Steve Jobs was sold at auction in 2017.,not retrieved,Sean Connery letter to Steve Jobs auction 2017,3,https://www.businessinsider.com/james-bond-sean-connery-steve-jobs-apple-letter-2011-6,17.063993453979492,False,False,"This is a letter Sean Connery wrote didn't write in response to Steve Jobs after being asked to appear in an Apple ad.
Honestly, we're not sure it's legit. The ""007"" at the bottom-right corner and the ""I am fucking JAMES BOND"" seem a bit rich.
But it's still hilarious. And it's refreshing to see som"
0,Refuted,Supported,refuted,6,The physical letter from Sean Connery to Steve Jobs was sold at auction in 2017.,not retrieved,Sean Connery letter to Steve Jobs auction 2017,4,https://www.telegraph.co.uk/culture/film/jamesbond/8589096/Fake-Sean-Connery-letter-to-Steve-Jobs-becomes-Twitter-sensation.html,17.881622314453125,False,False,"One would think that the only thing 007 Sean Connery has in common with Apple co-founder Steve Jobs is a penchant for cool gadgets but this morning’s tweets proved otherwise.
The letter was created as a part of an article on the iMac by Scoopertino, a website specialising in “unreal Apple news”.
In "
3,Refuted,Refuted,refuted,0,UNESCO's 1950 'Statement on Race' and subsequent declarations reject the concept of distinct biological races and emphasize the unity of humankind.,not retrieved,UNESCO 1950 Statement on Race rejects concept of biological races,0,http://www.honestthinking.org/en/unesco/UNESCO.1950.Statement_on_Race.htm,16.10647201538086,False,False,"This UNESCO statement is of considerable historic interest, and is made available in searchable/indexable format by HonestThinking.
As documented by UNESCO itself, this declaration from 1950 was heavily critisized by researchers who was concerned that ""freedom of scientific enquiry is imperilled whe"
3,Refuted,Refuted,refuted,0,UNESCO's 1950 'Statement on Race' and subsequent declarations reject the concept of distinct biological races and emphasize the unity of humankind.,not retrieved,UNESCO 1950 Statement on Race rejects concept of biological races,1,https://bioanth.org/about/position-statements/aapa-statement-race-and-racism-2019/,18.834531784057617,False,False,"The following AABA Statement on Race & Racism was written by the AABA subcommittee tasked with revising the previous ""AAPA statement on the Biological Aspects of Race"" that was published in the American Journal of Physical Anthropology, vol. 101, pp 569-570, 1996.
The Committee on Diversity (COD) su"
3,Refuted,Refuted,refuted,0,UNESCO's 1950 'Statement on Race' and subsequent declarations reject the concept of distinct biological races and emphasize the unity of humankind.,not retrieved,UNESCO 1950 Statement on Race rejects concept of biological races,2,https://www.scientificamerican.com/article/race-is-a-social-construct-scientists-argue/,18.939971923828125,False,False,"More than 100 years ago, American sociologist W.E.B. Du Bois was concerned that race was being used as a biological explanation for what he understood to be social and cultural differences between different populations of people.
He spoke out against the idea of ""white"" and ""black"" as discrete group"
3,Refuted,Refuted,refuted,0,UNESCO's 1950 'Statement on Race' and subsequent declarations reject the concept of distinct biological races and emphasize the unity of humankind.,not retrieved,UNESCO 1950 Statement on Race rejects concept of biological races,3,https://pubmed.ncbi.nlm.nih.gov/11642102/,19.594017028808594,False,False,"In the last decades, the concept of human races was considered scientifically unfounded as it was not confirmed by genetic evidence.
None of the racial classifications, which strongly differ in the number of races and their composition, reflects actual genetic similarity and genealogy of human popul"
3,Refuted,Refuted,refuted,0,UNESCO's 1950 'Statement on Race' and subsequent declarations reject the concept of distinct biological races and emphasize the unity of humankind.,not retrieved,UNESCO 1950 Statement on Race rejects concept of biological races,4,https://www.ncbi.nlm.nih.gov/pmc/articles/PMC3737365/,19.720474243164062,False,False,"Races may exist in humans in a cultural sense, but biological concepts of race are needed to access their reality in a non-species-specific manner and to see if cultural categories correspond to biological categories within humans.
Modern biological concepts of race can be implemented objectively wi"
3,Refuted,Refuted,refuted,1,The claim that UNESCO declared the Nadar community as the most ancient race has been debunked by Indian fact-checking websites.,not retrieved,Indian fact-check UNESCO Nadar community most ancient race debunked,0,https://www.familytreedna.com/groups/nadar/about/background,16.878887176513672,True,False,"Nadar (also referred as Nadan, Shanar) is a caste of Tamil Nadu & Kerala, South India. The Nadars are an entrepreneurial south Indian caste] and constitute 12% of Tamil Nadu's population.
The Nadar community was not a singular caste, but an assortment of sub-castes and classes of different origins, "
3,Refuted,Refuted,refuted,1,The claim that UNESCO declared the Nadar community as the most ancient race has been debunked by Indian fact-checking websites.,not retrieved,Indian fact-check UNESCO Nadar community most ancient race debunked,1,https://www.familytreedna.com/groups/nadar/about/background,16.879735946655273,True,False,"Nadar (also referred as Nadan, Shanar) is a caste of Tamil Nadu & Kerala, South India. The Nadars are an entrepreneurial south Indian caste] and constitute 12% of Tamil Nadu's population.
The Nadar community was not a singular caste, but an assortment of sub-castes and classes of different origins, "
3,Refuted,Refuted,refuted,1,The claim that UNESCO declared the Nadar community as the most ancient race has been debunked by Indian fact-checking websites.,not retrieved,Indian fact-check UNESCO Nadar community most ancient race debunked,2,https://nadarworld.wordpress.com/tag/nadar-caste/,17.212648391723633,False,False,"Nadar (also referred as Nadan, Shanar) is a caste of Tamil Nadu and Kerala in South India, and also of Sri Lanka.
Nadars are predominant in the southern districts of Tuticorin, Kaniyakumari, Tirunelveli and Virudhunagar.
The Nadar community was not a single caste, but developed from an assortment of"
3,Refuted,Refuted,refuted,1,The claim that UNESCO declared the Nadar community as the most ancient race has been debunked by Indian fact-checking websites.,not retrieved,Indian fact-check UNESCO Nadar community most ancient race debunked,3,https://en.wikipedia.org/wiki/Talk%3ANadar_(caste)%2FArchive_1,17.69032096862793,False,False,"The present day people of that tribe (The worldwide royal tribe) are said to have gold coins which let people know that they were always a royal since 2000years ago
The details/information given in Nadar_caste is without any references and is found fallacious as per the Link[1].
This is the offical "
3,Refuted,Refuted,refuted,1,The claim that UNESCO declared the Nadar community as the most ancient race has been debunked by Indian fact-checking websites.,not retrieved,Indian fact-check UNESCO Nadar community most ancient race debunked,4,https://dbpedia.org/page/Nadar_(caste),17.899091720581055,False,False,"- Nadar (also referred to as Nadan, Shanar and Shanan) is a Tamil caste of India. Nadars are predominant in the districts of Kanyakumari, Thoothukudi, Tirunelveli and Virudhunagar.
The Nadar community was not a single caste, but developed from an assortment of related subcastes, which in course of t"
3,Refuted,Refuted,refuted,2,The Nadar community is a Tamil community from southern India.,not retrieved,Nadar community Tamil southern India,0,https://www.familytreedna.com/groups/nadar/about/background,12.92431926727295,True,False,"Nadar (also referred as Nadan, Shanar) is a caste of Tamil Nadu & Kerala, South India. The Nadars are an entrepreneurial south Indian caste] and constitute 12% of Tamil Nadu's population.
The Nadar community was not a singular caste, but an assortment of sub-castes and classes of different origins, "
3,Refuted,Refuted,refuted,2,The Nadar community is a Tamil community from southern India.,not retrieved,Nadar community Tamil southern India,1,https://www.familytreedna.com/groups/nadar/about/background,12.924674034118652,True,False,"Nadar (also referred as Nadan, Shanar) is a caste of Tamil Nadu & Kerala, South India. The Nadars are an entrepreneurial south Indian caste] and constitute 12% of Tamil Nadu's population.
The Nadar community was not a singular caste, but an assortment of sub-castes and classes of different origins, "
3,Refuted,Refuted,refuted,2,The Nadar community is a Tamil community from southern India.,not retrieved,Nadar community Tamil southern India,2,https://www.familytreedna.com/groups/nadar,13.09194278717041,False,False,"Nadar (also referred as Nadan, Shanar) is a caste of Tamil Nadu & Kerala, South India. The Nadars are an entrepreneurial south Indian caste] and constitute 12% of Tamil Nadu's population.
The Nadar community was not a singular caste, but an assortment of sub-castes and classes of different origins, "
3,Refuted,Refuted,refuted,2,The Nadar community is a Tamil community from southern India.,not retrieved,Nadar community Tamil southern India,3,https://nadarworld.wordpress.com/tag/nadar-caste/,13.593160629272461,False,False,"Nadar (also referred as Nadan, Shanar) is a caste of Tamil Nadu and Kerala in South India, and also of Sri Lanka.
Nadars are predominant in the southern districts of Tuticorin, Kaniyakumari, Tirunelveli and Virudhunagar.
The Nadar community was not a single caste, but developed from an assortment of"
3,Refuted,Refuted,refuted,2,The Nadar community is a Tamil community from southern India.,not retrieved,Nadar community Tamil southern India,4,https://en-academic.com/dic.nsf/enwiki/484798,13.830083847045898,False,False,"Nadar Community K. Kamaraj, W. P. A. Soundarapandian Nadar, A. R. Murugadoss, Harris Jayaraj, C. Sylendra Babu, H. S. S. Lawrence, Ma.
Po. Si.. Total population 7,967,520(app)[1] Regions with significant populations Tirunelveli, Thoothukudi, Tiruchendur, Virudhunagar, Madurai, Thanjavur, Chennai, Ka"
4,Refuted,Conflicting Evidence/Cherrypicking,supported,0,Chemed Corporation and its subsidiary VITAS agreed to pay $75 million in 2017 to settle a False Claims Act lawsuit alleging hospice fraud.,not retrieved,Chemed VITAS $75 million settlement 2017 False Claims Act,0,https://www.justice.gov/opa/pr/chemed-corp-and-vitas-hospice-services-agree-pay-75-million-resolve-false-claims-act,14.695623397827148,False,False,"Chemed Corporation and various wholly-owned subsidiaries, including Vitas Hospice Services LLC and Vitas Healthcare Corporation, have agreed to pay $75 million to resolve a government lawsuit alleging that defendants violated the False Claims Act (FCA) by submitting false claims for hospice services"
4,Refuted,Conflicting Evidence/Cherrypicking,supported,0,Chemed Corporation and its subsidiary VITAS agreed to pay $75 million in 2017 to settle a False Claims Act lawsuit alleging hospice fraud.,not retrieved,Chemed VITAS $75 million settlement 2017 False Claims Act,1,https://frohsinbarger.com/frohsin-barger-the-largest-false-claims-act-hospice-settlement-in-history/,14.891685485839844,False,False,"On October 30, 2017, the Department of Justice announced that Chemed Corporation and its subsidiaries Vitas Hospice Services LLC and Vitas Healthcare Corporation have agreed to pay $75 million to resolve allegations that defendants violated the False Claims Act (FCA) by submitting false claims for h"
4,Refuted,Conflicting Evidence/Cherrypicking,supported,0,Chemed Corporation and its subsidiary VITAS agreed to pay $75 million in 2017 to settle a False Claims Act lawsuit alleging hospice fraud.,not retrieved,Chemed VITAS $75 million settlement 2017 False Claims Act,2,https://oig.hhs.gov/fraud/enforcement/chemed-corp-and-vitas-hospice-services-agree-to-pay-75-million-to-resolve-false-claims-act-allegations-relating-to-billing-for-ineligible-patients-and-inflated-levels-of-care/,15.077240943908691,False,False,"Chemed Corp. and Vitas Hospice Services Agree to Pay $75 Million to Resolve False Claims Act Allegations Relating to Billing for Ineligible Patients and Inflated Levels of Care
Chemed Corporation and various wholly-owned subsidiaries, including Vitas Hospice Services LLC and Vitas Healthcare Corpora"
4,Refuted,Conflicting Evidence/Cherrypicking,supported,0,Chemed Corporation and its subsidiary VITAS agreed to pay $75 million in 2017 to settle a False Claims Act lawsuit alleging hospice fraud.,not retrieved,Chemed VITAS $75 million settlement 2017 False Claims Act,3,https://www.lawmbg.com/cases/mbg-represents-whistleblower-in-largest-false-claims-act-hospice-settlement-in-history/,16.12036895751953,False,False,"MBG Represents Whistleblower in Largest False Claims Act Hospice Settlement in History
On October 30, 2017, the Department of Justice announced that Chemed Corporation and its wholly-owned subsidiaries Vitas Hospice Services LLC and Vitas Healthcare Corporation (“Vitas”) agreed to pay $75 million to"
4,Refuted,Conflicting Evidence/Cherrypicking,supported,0,Chemed Corporation and its subsidiary VITAS agreed to pay $75 million in 2017 to settle a False Claims Act lawsuit alleging hospice fraud.,not retrieved,Chemed VITAS $75 million settlement 2017 False Claims Act,4,https://homehealthcarenews.com/2017/11/75-million-settlement-reached-in-hospice-false-claims-case/,17.18455696105957,False,False,"The largest for-profit hospice chain in the nation and its parent company have agreed to pay $75 million to resolve false claims allegations for hospice services, the Department of Justice announced.
The resolution is the largest amount recovered from a provider of hospice services under the False C"
4,Refuted,Conflicting Evidence/Cherrypicking,supported,1,The settlement resolved allegations that VITAS submitted false claims to Medicare for patients who were not terminally ill.,not retrieved,VITAS false claims Medicare non-terminally ill patients,0,https://homehealthcarenews.com/2017/11/75-million-settlement-reached-in-hospice-false-claims-case/,16.4664363861084,False,False,"The largest for-profit hospice chain in the nation and its parent company have agreed to pay $75 million to resolve false claims allegations for hospice services, the Department of Justice announced.
The resolution is the largest amount recovered from a provider of hospice services under the False C"
4,Refuted,Conflicting Evidence/Cherrypicking,supported,1,The settlement resolved allegations that VITAS submitted false claims to Medicare for patients who were not terminally ill.,not retrieved,VITAS false claims Medicare non-terminally ill patients,1,https://www.justice.gov/opa/pr/chemed-corp-and-vitas-hospice-services-agree-pay-75-million-resolve-false-claims-act,17.19268798828125,False,False,"Chemed Corporation and various wholly-owned subsidiaries, including Vitas Hospice Services LLC and Vitas Healthcare Corporation, have agreed to pay $75 million to resolve a government lawsuit alleging that defendants violated the False Claims Act (FCA) by submitting false claims for hospice services"
4,Refuted,Conflicting Evidence/Cherrypicking,supported,1,The settlement resolved allegations that VITAS submitted false claims to Medicare for patients who were not terminally ill.,not retrieved,VITAS false claims Medicare non-terminally ill patients,2,https://bergermontague.com/nations-largest-hospice-chain-faces-false-claims-act-lawsuit-for-medicare-fraud/,17.36081886291504,False,False,"Nation’s Largest Hospice Chain Faces False Claims Act Lawsuit for Medicare Fraud
The U.S. Department of Justice (DOJ) announced a False Claims Act lawsuit earlier this month against the nation’s largest for-profit hospice chain.
Vitas Hospice Services LLC and Vitas Healthcare Corporation, both owned"
4,Refuted,Conflicting Evidence/Cherrypicking,supported,1,The settlement resolved allegations that VITAS submitted false claims to Medicare for patients who were not terminally ill.,not retrieved,VITAS false claims Medicare non-terminally ill patients,3,https://www.newsherald.com/story/news/crime/2013/05/09/1-140101/33953963007/,17.53449058532715,False,False,"Largest US hospice company sued for Medicare fraud
A lawsuit filed by the U.S. Department of Justice asserts that Vitas Hospice Services, a company founded in 1983 by a group that included state Senate President Don Gaetz, submitted fraudulent bills for Medicare payment.
The lawsuit alleges that for"
4,Refuted,Conflicting Evidence/Cherrypicking,supported,1,The settlement resolved allegations that VITAS submitted false claims to Medicare for patients who were not terminally ill.,not retrieved,VITAS false claims Medicare non-terminally ill patients,4,https://oig.hhs.gov/fraud/enforcement/chemed-corp-and-vitas-hospice-services-agree-to-pay-75-million-to-resolve-false-claims-act-allegations-relating-to-billing-for-ineligible-patients-and-inflated-levels-of-care/,18.306941986083984,False,False,"Chemed Corp. and Vitas Hospice Services Agree to Pay $75 Million to Resolve False Claims Act Allegations Relating to Billing for Ineligible Patients and Inflated Levels of Care
Chemed Corporation and various wholly-owned subsidiaries, including Vitas Hospice Services LLC and Vitas Healthcare Corpora"
4,Refuted,Conflicting Evidence/Cherrypicking,supported,2,"Matt Gaetz's father, Don Gaetz, was a co-founder of VITAS Healthcare.",not retrieved,Don Gaetz co-founder VITAS Healthcare,0,https://www.deseret.com/2013/5/9/20451919/largest-us-hospice-company-sued-for-medicare-fraud,13.987861633300781,False,False,"FORT LAUDERDALE, Fla. — The Department of Justice is suing the hospice company founded by Florida's Senate president, accusing it of submitting tens of millions of dollars in fraudulent Medicare claims for more than a decade, including while Don Gaetz was vice chairman of the board.
Vitas Hospice an"
4,Refuted,Conflicting Evidence/Cherrypicking,supported,2,"Matt Gaetz's father, Don Gaetz, was a co-founder of VITAS Healthcare.",not retrieved,Don Gaetz co-founder VITAS Healthcare,1,https://www.celebritynetworth.com/richest-politicians/republicans/don-gaetz-net-worth/,16.853734970092773,True,False,"Don Gaetz is an American politician who has a net worth of $30 million. He is a former member of the Florida State Senate but is probably best-known or being the father of politician Matt Gaetz.
Don Gaetz was born in Rugby, North Dakota on January 22, 1948. His father Jerry Gaetz was a one-time mayo"
4,Refuted,Conflicting Evidence/Cherrypicking,supported,2,"Matt Gaetz's father, Don Gaetz, was a co-founder of VITAS Healthcare.",not retrieved,Don Gaetz co-founder VITAS Healthcare,2,https://www.celebritynetworth.com/richest-politicians/republicans/don-gaetz-net-worth/,16.853986740112305,True,False,"Don Gaetz is an American politician who has a net worth of $30 million. He is a former member of the Florida State Senate but is probably best-known or being the father of politician Matt Gaetz.
Don Gaetz was born in Rugby, North Dakota on January 22, 1948. His father Jerry Gaetz was a one-time mayo"
4,Refuted,Conflicting Evidence/Cherrypicking,supported,2,"Matt Gaetz's father, Don Gaetz, was a co-founder of VITAS Healthcare.",not retrieved,Don Gaetz co-founder VITAS Healthcare,3,https://www.newsherald.com/story/news/crime/2013/05/09/1-140101/33953963007/,17.187284469604492,False,False,"Largest US hospice company sued for Medicare fraud
A lawsuit filed by the U.S. Department of Justice asserts that Vitas Hospice Services, a company founded in 1983 by a group that included state Senate President Don Gaetz, submitted fraudulent bills for Medicare payment.
The lawsuit alleges that for"
4,Refuted,Conflicting Evidence/Cherrypicking,supported,2,"Matt Gaetz's father, Don Gaetz, was a co-founder of VITAS Healthcare.",not retrieved,Don Gaetz co-founder VITAS Healthcare,4,https://www.tampabay.com/news/politics/legislature/senate-president-don-gaetzs-former-company-sued-for-medicaid-fraud/2120026/,18.612653732299805,False,False,"TALLAHASSEE — The U.S. Department of Justice has sued the hospice company founded by Florida Senate President Don Gaetz, accusing the company of engaging in Medicare fraud for more than 11 years, including during the time Gaetz was vice chairman.
The lawsuit, filed May 2 in the district court for th"
4,Refuted,Conflicting Evidence/Cherrypicking,supported,3,Matt Gaetz reported owning shares of Chemed stock on his congressional financial disclosure forms.,not retrieved,Matt Gaetz Chemed stock financial disclosure,0,https://www.celebritynetworth.com/richest-politicians/republicans/don-gaetz-net-worth/,20.428829193115234,True,False,"Don Gaetz is an American politician who has a net worth of $30 million. He is a former member of the Florida State Senate but is probably best-known or being the father of politician Matt Gaetz.
Don Gaetz was born in Rugby, North Dakota on January 22, 1948. His father Jerry Gaetz was a one-time mayo"
4,Refuted,Conflicting Evidence/Cherrypicking,supported,3,Matt Gaetz reported owning shares of Chemed stock on his congressional financial disclosure forms.,not retrieved,Matt Gaetz Chemed stock financial disclosure,1,https://www.celebritynetworth.com/richest-politicians/republicans/don-gaetz-net-worth/,20.428842544555664,True,False,"Don Gaetz is an American politician who has a net worth of $30 million. He is a former member of the Florida State Senate but is probably best-known or being the father of politician Matt Gaetz.
Don Gaetz was born in Rugby, North Dakota on January 22, 1948. His father Jerry Gaetz was a one-time mayo"
4,Refuted,Conflicting Evidence/Cherrypicking,supported,3,Matt Gaetz reported owning shares of Chemed stock on his congressional financial disclosure forms.,not retrieved,Matt Gaetz Chemed stock financial disclosure,2,https://www.chemed.com/company/about-us,21.313499450683594,False,False,"Chemed Corporation (the “Company” or “Chemed”) was incorporated in Delaware in 1970 as a subsidiary of W.R. Grace & Co. and succeeded to the business of W.R. Grace & Co.’s Special Products Group as of April 30, 1971 and remained a subsidiary of W.R. Grace & Co. until March 10, 1982.
Chemed purchases"
4,Refuted,Conflicting Evidence/Cherrypicking,supported,3,Matt Gaetz reported owning shares of Chemed stock on his congressional financial disclosure forms.,not retrieved,Matt Gaetz Chemed stock financial disclosure,3,https://www.tampabay.com/news/politics/legislature/senate-president-don-gaetzs-former-company-sued-for-medicaid-fraud/2120026/,21.355409622192383,False,False,"TALLAHASSEE — The U.S. Department of Justice has sued the hospice company founded by Florida Senate President Don Gaetz, accusing the company of engaging in Medicare fraud for more than 11 years, including during the time Gaetz was vice chairman.
The lawsuit, filed May 2 in the district court for th"
4,Refuted,Conflicting Evidence/Cherrypicking,supported,3,Matt Gaetz reported owning shares of Chemed stock on his congressional financial disclosure forms.,not retrieved,Matt Gaetz Chemed stock financial disclosure,4,https://www.pnj.com/story/opinion/2019/07/20/marlette-mother-jones-kicks-open-gaetz/1761716001/,21.47712516784668,False,False,"In recent months, a national writer for Mother Jones magazine named Stephanie Mencimer has been digging into a story about the local roots of FloridaMan and U.S. Congressman Matt Gaetz.
It finally dropped last week. And it should be mandatory reading for residents of the Panhandle who need to unders"
4,Refuted,Conflicting Evidence/Cherrypicking,supported,4,There is no public record that Matt Gaetz ever worked for or managed VITAS or Chemed.,contradicted by fake,Matt Gaetz VITAS Healthcare employee executive role,0,https://www.deseret.com/2013/5/9/20451919/largest-us-hospice-company-sued-for-medicare-fraud,18.364564895629883,False,False,"FORT LAUDERDALE, Fla. — The Department of Justice is suing the hospice company founded by Florida's Senate president, accusing it of submitting tens of millions of dollars in fraudulent Medicare claims for more than a decade, including while Don Gaetz was vice chairman of the board.
Vitas Hospice an"
4,Refuted,Conflicting Evidence/Cherrypicking,supported,4,There is no public record that Matt Gaetz ever worked for or managed VITAS or Chemed.,contradicted by fake,Matt Gaetz VITAS Healthcare employee executive role,1,https://www.heraldtribune.com/story/news/2011/09/19/senates-next-leader-is-set/29045841007/,18.720701217651367,False,False,"Family: Wife, Vicky Gaetz, married since 1981; son, Matt Gaetz, a lawyer and state House member from Fort Walton Beach; daughter, Erin Gaetz, a sports journalist in New York.
Education: Bachelor's degree in religion and political science, Concordia College. Master's degree in public administration, "
4,Refuted,Conflicting Evidence/Cherrypicking,supported,4,There is no public record that Matt Gaetz ever worked for or managed VITAS or Chemed.,contradicted by fake,Matt Gaetz VITAS Healthcare employee executive role,2,https://www.pnj.com/story/opinion/2019/07/20/marlette-mother-jones-kicks-open-gaetz/1761716001/,19.360469818115234,False,False,"In recent months, a national writer for Mother Jones magazine named Stephanie Mencimer has been digging into a story about the local roots of FloridaMan and U.S. Congressman Matt Gaetz.
It finally dropped last week. And it should be mandatory reading for residents of the Panhandle who need to unders"
4,Refuted,Conflicting Evidence/Cherrypicking,supported,4,There is no public record that Matt Gaetz ever worked for or managed VITAS or Chemed.,contradicted by fake,Matt Gaetz VITAS Healthcare employee executive role,3,https://www.celebritynetworth.com/richest-politicians/republicans/don-gaetz-net-worth/,19.534324645996094,True,False,"Don Gaetz is an American politician who has a net worth of $30 million. He is a former member of the Florida State Senate but is probably best-known or being the father of politician Matt Gaetz.
Don Gaetz was born in Rugby, North Dakota on January 22, 1948. His father Jerry Gaetz was a one-time mayo"
4,Refuted,Conflicting Evidence/Cherrypicking,supported,4,There is no public record that Matt Gaetz ever worked for or managed VITAS or Chemed.,contradicted by fake,Matt Gaetz VITAS Healthcare employee executive role,4,https://www.celebritynetworth.com/richest-politicians/republicans/don-gaetz-net-worth/,19.534950256347656,True,False,"Don Gaetz is an American politician who has a net worth of $30 million. He is a former member of the Florida State Senate but is probably best-known or being the father of politician Matt Gaetz.
Don Gaetz was born in Rugby, North Dakota on January 22, 1948. His father Jerry Gaetz was a one-time mayo"
4,Refuted,Conflicting Evidence/Cherrypicking,supported,5,The fraud allegations covered claims from approximately 2002 to 2013.,not retrieved,VITAS fraud allegations 2002 2013,0,https://www.newsherald.com/story/news/crime/2013/05/09/1-140101/33953963007/,19.51331901550293,False,False,"Largest US hospice company sued for Medicare fraud
A lawsuit filed by the U.S. Department of Justice asserts that Vitas Hospice Services, a company founded in 1983 by a group that included state Senate President Don Gaetz, submitted fraudulent bills for Medicare payment.
The lawsuit alleges that for"
4,Refuted,Conflicting Evidence/Cherrypicking,supported,5,The fraud allegations covered claims from approximately 2002 to 2013.,not retrieved,VITAS fraud allegations 2002 2013,1,https://bergermontague.com/nations-largest-hospice-chain-faces-false-claims-act-lawsuit-for-medicare-fraud/,20.285654067993164,False,False,"Nation’s Largest Hospice Chain Faces False Claims Act Lawsuit for Medicare Fraud
The U.S. Department of Justice (DOJ) announced a False Claims Act lawsuit earlier this month against the nation’s largest for-profit hospice chain.
Vitas Hospice Services LLC and Vitas Healthcare Corporation, both owned"
4,Refuted,Conflicting Evidence/Cherrypicking,supported,5,The fraud allegations covered claims from approximately 2002 to 2013.,not retrieved,VITAS fraud allegations 2002 2013,2,https://homehealthcarenews.com/2017/11/75-million-settlement-reached-in-hospice-false-claims-case/,20.626867294311523,False,False,"The largest for-profit hospice chain in the nation and its parent company have agreed to pay $75 million to resolve false claims allegations for hospice services, the Department of Justice announced.
The resolution is the largest amount recovered from a provider of hospice services under the False C"
4,Refuted,Conflicting Evidence/Cherrypicking,supported,5,The fraud allegations covered claims from approximately 2002 to 2013.,not retrieved,VITAS fraud allegations 2002 2013,3,https://www.celebritynetworth.com/richest-celebrities/singers/vitas-net-worth/,20.988521575927734,False,False,"- Singer, Fashion Designer, Actor, Composer, Songwriter
Vitas is a Russian singer and songwriter who has a net worth of $20 million. Vitas was born in Daugavpils, Latvian SSR, Soviet Union in February 1979.
He also plays the accordion and incorporates styles including pop, techno, new-age, easy list"
4,Refuted,Conflicting Evidence/Cherrypicking,supported,5,The fraud allegations covered claims from approximately 2002 to 2013.,not retrieved,VITAS fraud allegations 2002 2013,4,https://www.deseret.com/2013/5/9/20451919/largest-us-hospice-company-sued-for-medicare-fraud,21.332923889160156,False,False,"FORT LAUDERDALE, Fla. — The Department of Justice is suing the hospice company founded by Florida's Senate president, accusing it of submitting tens of millions of dollars in fraudulent Medicare claims for more than a decade, including while Don Gaetz was vice chairman of the board.
Vitas Hospice an"
4,Refuted,Conflicting Evidence/Cherrypicking,supported,6,"During the period of the fraud allegations (2002-2013), Matt Gaetz was a student, lawyer, and state legislator, not a hospice company insider.",not retrieved,Matt Gaetz biography 2002 2013 lawyer legislator,0,https://www.factcheck.org/2019/10/misleading-posts-target-gop-rep-matt-gaetz/,17.011695861816406,False,False,"Social media posts distort the facts around an 11-year-old, dismissed DUI charge against Rep. Matt Gaetz.
They also leave the false impression that he “stole from dying people.”
Posts about Rep. Matt Gaetz circulating on social media in recent days bend the facts to argue that the Florida Republican"
4,Refuted,Conflicting Evidence/Cherrypicking,supported,6,"During the period of the fraud allegations (2002-2013), Matt Gaetz was a student, lawyer, and state legislator, not a hospice company insider.",not retrieved,Matt Gaetz biography 2002 2013 lawyer legislator,1,https://www.gq.com/story/matt-gaetz-trumpiest-congressman-in-washington,17.422470092773438,False,False,"Matt Gaetz did not set out to go drinking, with a journalist, on the record. Nonetheless, here he is, plunked down at the Capitol Hill watering hole Bullfeathers, ordering a pint of beer.
Gaetz, a freshman Congressman, would like the record to reflect that he ""vigorously protested"" this idea.
At 35,"
4,Refuted,Conflicting Evidence/Cherrypicking,supported,6,"During the period of the fraud allegations (2002-2013), Matt Gaetz was a student, lawyer, and state legislator, not a hospice company insider.",not retrieved,Matt Gaetz biography 2002 2013 lawyer legislator,2,https://www.politifact.com/factchecks/2019/nov/01/facebook-posts/post-says-rep-matt-gaetz-has-numerous-duis-wrong/,17.4886474609375,False,False,"Our only agenda is to publish the truth so you can be an informed participant in democracy.
Post that says Florida Rep. Matt Gaetz has 'numerous DUIs' is wrong
U.S. Rep. Matt Gaetz has dominated national TV in defense of President Donald Trump amid the Democratic-led impeachment inquiry.
Now social "
4,Refuted,Conflicting Evidence/Cherrypicking,supported,6,"During the period of the fraud allegations (2002-2013), Matt Gaetz was a student, lawyer, and state legislator, not a hospice company insider.",not retrieved,Matt Gaetz biography 2002 2013 lawyer legislator,3,https://www.heraldtribune.com/story/news/2011/09/19/senates-next-leader-is-set/29045841007/,17.893470764160156,False,False,"Family: Wife, Vicky Gaetz, married since 1981; son, Matt Gaetz, a lawyer and state House member from Fort Walton Beach; daughter, Erin Gaetz, a sports journalist in New York.
Education: Bachelor's degree in religion and political science, Concordia College. Master's degree in public administration, "
4,Refuted,Conflicting Evidence/Cherrypicking,supported,6,"During the period of the fraud allegations (2002-2013), Matt Gaetz was a student, lawyer, and state legislator, not a hospice company insider.",not retrieved,Matt Gaetz biography 2002 2013 lawyer legislator,4,https://www.tampabay.com/news/politics/legislature/florida-rep-matt-gaetz-stands-his-ground-in-defense-of-controversial-law/2151199/,18.351987838745117,False,False,"TALLAHASSEE — Five hours have been set aside for today's ""stand your ground"" hearing in the Florida House, where changes to the law, including its repeal, will be considered.
For many, it will be their first exposure to the chairman of the hearing, Rep. Matt Gaetz, R-Fort Walton Beach, a brash 31-ye"
5,Refuted,Refuted,refuted,0,The OPCW confirmed that the Syrian government used sarin in the 2017 Khan Shaykhun attack.,contradicted by fake,"""Khan Shaykhun"" OPCW ""Syrian government"" sarin attack",0,https://www.theguardian.com/world/2020/apr/08/syrian-regime-blamed-for-using-sarin-gas-in-landmark-opcw-report,15.948514938354492,False,False,"The UN-aligned body that oversees chemical weapons use has for the first time blamed the Syrian regime for using sarin gas on the battlefield in a report hailed by rights groups as a landmark moment with implications for war crimes investigations.
The report, released on Wednesday by the Organisatio"
5,Refuted,Refuted,refuted,0,The OPCW confirmed that the Syrian government used sarin in the 2017 Khan Shaykhun attack.,contradicted by fake,"""Khan Shaykhun"" OPCW ""Syrian government"" sarin attack",1,https://www.theguardian.com/world/2017/oct/26/syria-gas-attack-bashar-al-assad-un-tillerson,16.02629852294922,False,False,"Bashar al-Assad’s forces are responsible for a deadly sarin gas attack on the rebel-held town of Khan Sheikhun that killed scores of people, UN investigators have said, as the United States renewed its warning that the Syrian president has no role in the country’s future.
The expert panel’s report a"
5,Refuted,Refuted,refuted,0,The OPCW confirmed that the Syrian government used sarin in the 2017 Khan Shaykhun attack.,contradicted by fake,"""Khan Shaykhun"" OPCW ""Syrian government"" sarin attack",2,https://www.theguardian.com/world/2017/apr/26/syria-assad-forces-carried-out-sarin-attack-says-french-intelligence,16.56983757019043,False,False,"French intelligence has identified the chemical “signature” of the Syrian government at the site of a nerve agent attack this month, indicating that the sarin used in the bombing came from Bashar al-Assad’s stockpiles.
Samples from the scene of the attack in the town of Khan Sheikhun, contained chem"
5,Refuted,Refuted,refuted,0,The OPCW confirmed that the Syrian government used sarin in the 2017 Khan Shaykhun attack.,contradicted by fake,"""Khan Shaykhun"" OPCW ""Syrian government"" sarin attack",3,https://www.theguardian.com/world/2020/apr/06/report-set-to-blame-syria-chemical-attacks-on-bashar-al-assad,16.61123275756836,False,False,"The UN’s chemical weapons watchdog is expected to release its first report explicitly blaming Bashar al-Assad for sarin and chlorine gas attacks on civilians in Syria as efforts to establish accountability for the use of chemical agents in the nine-year-old conflict gain momentum.
Observers anticipa"
5,Refuted,Refuted,refuted,0,The OPCW confirmed that the Syrian government used sarin in the 2017 Khan Shaykhun attack.,contradicted by fake,"""Khan Shaykhun"" OPCW ""Syrian government"" sarin attack",4,https://web.archive.org/web/20210302193538/https://www.theguardian.com/world/2020/apr/06/report-set-to-blame-syria-chemical-attacks-on-bashar-al-assad,16.61123275756836,True,False,"The UN’s chemical weapons watchdog is expected to release its first report explicitly blaming Bashar al-Assad for sarin and chlorine gas attacks on civilians in Syria as efforts to establish accountability for the use of chemical agents in the nine-year-old conflict gain momentum.
Observers anticipa"
5,Refuted,Refuted,refuted,1,The OPCW investigation concluded that chlorine was used as a chemical weapon in the 2018 Douma incident.,contradicted by fake,OPCW report Douma chlorine chemical weapon 2018,0,https://www.opcw.org/media-centre/news/2019/03/opcw-issues-fact-finding-mission-report-chemical-weapons-use-allegation,13.815774917602539,False,False,"THE HAGUE, Netherlands —1 March 2019—The Fact-Finding Mission (FFM) of the Organisation for the Prohibition of Chemical Weapons (OPCW), issued today the final report on the FFM’s investigation regarding the incident of alleged use of toxic chemicals as a weapon in Douma, Syrian Arab Republic, on 7 A"
5,Refuted,Refuted,refuted,1,The OPCW investigation concluded that chlorine was used as a chemical weapon in the 2018 Douma incident.,contradicted by fake,OPCW report Douma chlorine chemical weapon 2018,1,https://www.opcw.org/media-centre/news/2018/07/opcw-issues-fact-finding-mission-reports-chemical-weapons-use-allegations,15.903314590454102,False,False,"THE HAGUE, Netherlands —6 July 2018—The Fact-Finding Mission (FFM) of the Organisation for the Prohibition of Chemical Weapons (OPCW), issued an interim report on the FFM’s investigation to date regarding the allegations of chemical weapons use in Douma, Syria on 7 April 2018.
The FFM’s activities i"
5,Refuted,Refuted,refuted,1,The OPCW investigation concluded that chlorine was used as a chemical weapon in the 2018 Douma incident.,contradicted by fake,OPCW report Douma chlorine chemical weapon 2018,2,https://www.theguardian.com/world/opcw,16.534940719604492,False,False,"The latest news and comment on the Organisation for the Prohibition of Chemical Weapons
UN watchdog’s investigation rebuts claims it manipulated evidence of Douma incident
Whistleblower claims OPCW’s findings misrepresented some facts over 2018 chlorine attack
Netherlands exposed Moscow’s attempts t"
5,Refuted,Refuted,refuted,1,The OPCW investigation concluded that chlorine was used as a chemical weapon in the 2018 Douma incident.,contradicted by fake,OPCW report Douma chlorine chemical weapon 2018,3,https://www.theguardian.com/world/2020/apr/06/report-set-to-blame-syria-chemical-attacks-on-bashar-al-assad,18.55186653137207,False,False,"The UN’s chemical weapons watchdog is expected to release its first report explicitly blaming Bashar al-Assad for sarin and chlorine gas attacks on civilians in Syria as efforts to establish accountability for the use of chemical agents in the nine-year-old conflict gain momentum.
Observers anticipa"
5,Refuted,Refuted,refuted,1,The OPCW investigation concluded that chlorine was used as a chemical weapon in the 2018 Douma incident.,contradicted by fake,OPCW report Douma chlorine chemical weapon 2018,4,https://web.archive.org/web/20210302193538/https://www.theguardian.com/world/2020/apr/06/report-set-to-blame-syria-chemical-attacks-on-bashar-al-assad,18.55186653137207,True,False,"The UN’s chemical weapons watchdog is expected to release its first report explicitly blaming Bashar al-Assad for sarin and chlorine gas attacks on civilians in Syria as efforts to establish accountability for the use of chemical agents in the nine-year-old conflict gain momentum.
Observers anticipa"
5,Refuted,Refuted,refuted,2,The 2018 Salisbury Novichok attack allegation was supported by OPCW laboratory analysis confirming the nerve agent.,not retrieved,"""OPCW"" ""Salisbury"" Novichok laboratory analysis",0,https://www.justiceinitiative.org/newsroom/justice-initiative-and-syrian-archive-expose-new-information-on-syrias-chemical-weapons-program,21.266220092773438,False,False,"Justice Initiative and Syrian Archive Expose New Information on Syria’s Chemical Weapons Program
NEW YORK—After two years of investigations, the Open Society Justice Initiative and the human rights group Syrian Archive have compiled the most comprehensive investigative report to date on Syria’s Scie"
5,Refuted,Refuted,refuted,2,The 2018 Salisbury Novichok attack allegation was supported by OPCW laboratory analysis confirming the nerve agent.,not retrieved,"""OPCW"" ""Salisbury"" Novichok laboratory analysis",1,https://www.theguardian.com/world/opcw,21.269887924194336,False,False,"The latest news and comment on the Organisation for the Prohibition of Chemical Weapons
UN watchdog’s investigation rebuts claims it manipulated evidence of Douma incident
Whistleblower claims OPCW’s findings misrepresented some facts over 2018 chlorine attack
Netherlands exposed Moscow’s attempts t"
5,Refuted,Refuted,refuted,2,The 2018 Salisbury Novichok attack allegation was supported by OPCW laboratory analysis confirming the nerve agent.,not retrieved,"""OPCW"" ""Salisbury"" Novichok laboratory analysis",2,https://www.acs.org/content/dam/acsorg/events/program-in-a-box/documents/2016-global-security/cw-inspections.pdf,21.711122512817383,False,False,"Working together for a world free of chemical weapons
he Chemical Weapons Convention (CWC) prohibits the development, production, stockpiling, acquisition
and use of chemical weapons and requires States Parties to destroy, within specific time frames, any chemi-
cal weapons and related production fa"
5,Refuted,Refuted,refuted,2,The 2018 Salisbury Novichok attack allegation was supported by OPCW laboratory analysis confirming the nerve agent.,not retrieved,"""OPCW"" ""Salisbury"" Novichok laboratory analysis",3,https://www.opcw.org/media-centre/news/2018/07/opcw-issues-fact-finding-mission-reports-chemical-weapons-use-allegations,21.77352523803711,False,False,"THE HAGUE, Netherlands —6 July 2018—The Fact-Finding Mission (FFM) of the Organisation for the Prohibition of Chemical Weapons (OPCW), issued an interim report on the FFM’s investigation to date regarding the allegations of chemical weapons use in Douma, Syria on 7 April 2018.
The FFM’s activities i"
5,Refuted,Refuted,refuted,2,The 2018 Salisbury Novichok attack allegation was supported by OPCW laboratory analysis confirming the nerve agent.,not retrieved,"""OPCW"" ""Salisbury"" Novichok laboratory analysis",4,https://www.opcw.org/media-centre/news/2019/03/opcw-issues-fact-finding-mission-report-chemical-weapons-use-allegation,21.807119369506836,False,False,"THE HAGUE, Netherlands —1 March 2019—The Fact-Finding Mission (FFM) of the Organisation for the Prohibition of Chemical Weapons (OPCW), issued today the final report on the FFM’s investigation regarding the incident of alleged use of toxic chemicals as a weapon in Douma, Syrian Arab Republic, on 7 A"
5,Refuted,Refuted,refuted,3,Post-2003 investigations into Iraq's WMD intelligence found systemic analytical failures but did not conclude that Western governments deliberately fabricated chemical weapons claims for media dissemination.,not retrieved,"""Iraq WMD"" investigation ""deliberate fabrication"" western governments",0,https://www.sipri.org/sites/default/files/SIPRIYB16c18sIII.pdf,19.412240982055664,False,False,"726   non-proliferation, arms control and disarmament, 2015
III. Investigation of alleged chemical weapon use in Syria 
Allegations of chemical weapon use by state and non-state actors in the 
Middle East and surrounding regions increased substantially in 2015. 
International eff orts to clarify the"
5,Refuted,Refuted,refuted,3,Post-2003 investigations into Iraq's WMD intelligence found systemic analytical failures but did not conclude that Western governments deliberately fabricated chemical weapons claims for media dissemination.,not retrieved,"""Iraq WMD"" investigation ""deliberate fabrication"" western governments",1,https://nsarchive2.gwu.edu/NSAEBB/NSAEBB80/,20.268980026245117,False,False,"Between Iraq's invasion of Kuwait in August 1990, and the
commencement of military action in January 1991, then President George
H.W. Bush raised the specter of the Iraqi pursuit of nuclear weapons
as one justification for taking decisive action against Iraq. In the
then-classified National Security"
5,Refuted,Refuted,refuted,3,Post-2003 investigations into Iraq's WMD intelligence found systemic analytical failures but did not conclude that Western governments deliberately fabricated chemical weapons claims for media dissemination.,not retrieved,"""Iraq WMD"" investigation ""deliberate fabrication"" western governments",2,https://www.cbsnews.com/news/west-says-iran-deceives-world-on-nukes/,20.353885650634766,False,False,"VIENNA - The U.S. and its Western allies bluntly accused Iran on Friday of deceiving the world on nuclear arms, as the U.N. atomic agency passed a new resolution criticizing Tehran's nuclear defiance.
Iran shot back that the West's allegations were based on fabricated American, Israeli, British and "
5,Refuted,Refuted,refuted,3,Post-2003 investigations into Iraq's WMD intelligence found systemic analytical failures but did not conclude that Western governments deliberately fabricated chemical weapons claims for media dissemination.,not retrieved,"""Iraq WMD"" investigation ""deliberate fabrication"" western governments",3,https://2001-2009.state.gov/t/us/rm/33909.htm,20.656898498535156,False,False,"Iran's Continuing Pursuit of Weapons of Mass DestructionJohn R. Bolton, Under Secretary for Arms Control and International Security
Testimony Before the House International Relations Committee Subcommittee on the Middle East and Central Asia
I will cover all of Iran's WMD programs and will provide d"
5,Refuted,Refuted,refuted,3,Post-2003 investigations into Iraq's WMD intelligence found systemic analytical failures but did not conclude that Western governments deliberately fabricated chemical weapons claims for media dissemination.,not retrieved,"""Iraq WMD"" investigation ""deliberate fabrication"" western governments",4,https://www.armscontrol.org/factsheets/cwcglance,20.755107879638672,False,False,"Contact: Daryl G. Kimball, Executive Director, 202-463-8270 x 107
The Chemical Weapons Convention (CWC) is a multilateral treaty that bans chemical weapons and requires their destruction within a specified period of time.
The treaty is of unlimited duration and is far more comprehensive than the 192"
5,Refuted,Refuted,refuted,4,Western media outlets operate with editorial independence and are not state-controlled vehicles for publishing government-fabricated stories.,not retrieved,western media editorial independence government fabricated stories,0,https://misinforeview.hks.harvard.edu/article/misinformation-in-action-fake-news-exposure-is-linked-to-lower-trust-in-media-higher-trust-in-government-when-your-side-is-in-power/,19.600526809692383,False,False,"Misinformation in action: Fake news exposure is linked to lower trust in media, higher trust in government when your side is in power
One major concern about fake news is that it could damage the public trust in democratic institutions.
We examined this possibility using longitudinal survey data com"
5,Refuted,Refuted,refuted,4,Western media outlets operate with editorial independence and are not state-controlled vehicles for publishing government-fabricated stories.,not retrieved,western media editorial independence government fabricated stories,1,https://www.europarl.europa.eu/RegData/etudes/STUD/2020/653621/EXPO_STU(2020)653621_EN.pdf,20.36855125427246,False,False,"Directorate General for External Policies of the Union  
Disinformation is an endemic and ubiquitous part of politics throughout the Western 
Balkans, without exception. A mapping of the disinformation and counter-disinformation 
landscapes in the region in the period from 2018 through 2020 reveals "
5,Refuted,Refuted,refuted,4,Western media outlets operate with editorial independence and are not state-controlled vehicles for publishing government-fabricated stories.,not retrieved,western media editorial independence government fabricated stories,2,https://www.pewresearch.org/journalism/2016/12/15/many-americans-believe-fake-news-is-sowing-confusion/,20.485809326171875,False,False,"In the wake of the 2016 election, everyone from President Obama to Pope Francis has raised concerns about fake news and the potential impact on both political life and innocent individuals.
Some fake news has been widely shared, and so-called “pizzagate” stories led a North Carolina man to bring a g"
5,Refuted,Refuted,refuted,4,Western media outlets operate with editorial independence and are not state-controlled vehicles for publishing government-fabricated stories.,not retrieved,western media editorial independence government fabricated stories,3,https://journals.sagepub.com/doi/10.1177/0022009416643391,20.764196395874023,False,False,"International media coverage of the Arab–Israeli conflict has been the subject of animated public and academic debate.
One much-discussed aspect is the effect of propaganda or censorship on reporting the conflict to global, and especially western, audiences.
This article explores the effect of gover"
5,Refuted,Refuted,refuted,4,Western media outlets operate with editorial independence and are not state-controlled vehicles for publishing government-fabricated stories.,not retrieved,western media editorial independence government fabricated stories,4,https://www.cnbc.com/2016/12/30/read-all-about-it-the-biggest-fake-news-stories-of-2016.html,20.77773094177246,False,False,"This year has been a roller-coaster one for news, full of political upsets and shock outcomes. But while the Brexit vote and the U.S. election were making headlines, so too were apparently genuine stories that Pope Francis had endorsed Donald Trump and Hillary Clinton sold weapons to ISIS.
After bei"
5,Refuted,Refuted,refuted,5,"Russian and Syrian state media routinely allege chemical attacks were false flags, a narrative rejected by the OPCW and UN investigative bodies.",not retrieved,Russia Syria false flag chemical attacks OPCW UN rejection,0,https://www.theguardian.com/world/opcw,16.26951026916504,False,False,"The latest news and comment on the Organisation for the Prohibition of Chemical Weapons
UN watchdog’s investigation rebuts claims it manipulated evidence of Douma incident
Whistleblower claims OPCW’s findings misrepresented some facts over 2018 chlorine attack
Netherlands exposed Moscow’s attempts t"
5,Refuted,Refuted,refuted,5,"Russian and Syrian state media routinely allege chemical attacks were false flags, a narrative rejected by the OPCW and UN investigative bodies.",not retrieved,Russia Syria false flag chemical attacks OPCW UN rejection,1,https://web.archive.org/web/20210302193538/https://www.theguardian.com/world/2020/apr/06/report-set-to-blame-syria-chemical-attacks-on-bashar-al-assad,16.60320281982422,True,False,"The UN’s chemical weapons watchdog is expected to release its first report explicitly blaming Bashar al-Assad for sarin and chlorine gas attacks on civilians in Syria as efforts to establish accountability for the use of chemical agents in the nine-year-old conflict gain momentum.
Observers anticipa"
5,Refuted,Refuted,refuted,5,"Russian and Syrian state media routinely allege chemical attacks were false flags, a narrative rejected by the OPCW and UN investigative bodies.",not retrieved,Russia Syria false flag chemical attacks OPCW UN rejection,2,https://www.theguardian.com/world/2020/apr/06/report-set-to-blame-syria-chemical-attacks-on-bashar-al-assad,16.60320281982422,False,False,"The UN’s chemical weapons watchdog is expected to release its first report explicitly blaming Bashar al-Assad for sarin and chlorine gas attacks on civilians in Syria as efforts to establish accountability for the use of chemical agents in the nine-year-old conflict gain momentum.
Observers anticipa"
5,Refuted,Refuted,refuted,5,"Russian and Syrian state media routinely allege chemical attacks were false flags, a narrative rejected by the OPCW and UN investigative bodies.",not retrieved,Russia Syria false flag chemical attacks OPCW UN rejection,3,https://news.un.org/en/story/2018/06/1013322,16.996538162231445,False,False,"Global chemical weapons watchdog adds new powers to assign blame, following attacks
The United Nations chemical weapons watchdog voted in favour of a United Kingdom-led proposal on Wednesday, allocating itself new powers to assign blame for attacks.
The Organization for the Prohibition of Chemical W"
5,Refuted,Refuted,refuted,5,"Russian and Syrian state media routinely allege chemical attacks were false flags, a narrative rejected by the OPCW and UN investigative bodies.",not retrieved,Russia Syria false flag chemical attacks OPCW UN rejection,4,https://2009-2017.state.gov/r/pa/prs/ps/2013/09/214247.htm,17.12394905090332,False,False,"Framework for Elimination of Syrian Chemical Weapons
Taking into account the decision of the Syrian Arab Republic to accede to the Chemical Weapons Convention and the commitment of the Syrian authorities to provisionally apply the Convention prior to its entry into force, the United States and the R"
5,Refuted,Refuted,refuted,6,"No credible, publicly available evidence exists of a systematic US or allied program to fabricate and plant chemical weapons allegations in media outlets.",contradicted by fake,"""no evidence"" US fabricated chemical weapons allegations media program",0,https://www.csis.org/analysis/unpacking-syrias-chemical-weapons-problem,19.150310516357422,False,False,"A series of three chemical weapons attacks in Syria within a two-week span in August 2016 occurred amidst increased scrutiny and criticism from the international community, which has sought to identify and hold accountable those state and/or nonstate actors perpetrating, organizing, or sponsoring th"
5,Refuted,Refuted,refuted,6,"No credible, publicly available evidence exists of a systematic US or allied program to fabricate and plant chemical weapons allegations in media outlets.",contradicted by fake,"""no evidence"" US fabricated chemical weapons allegations media program",1,https://www.sipri.org/sites/default/files/SIPRIYB16c18sIII.pdf,19.668123245239258,False,False,"726   non-proliferation, arms control and disarmament, 2015
III. Investigation of alleged chemical weapon use in Syria 
Allegations of chemical weapon use by state and non-state actors in the 
Middle East and surrounding regions increased substantially in 2015. 
International eff orts to clarify the"
5,Refuted,Refuted,refuted,6,"No credible, publicly available evidence exists of a systematic US or allied program to fabricate and plant chemical weapons allegations in media outlets.",contradicted by fake,"""no evidence"" US fabricated chemical weapons allegations media program",2,https://www.armscontrol.org/factsheets/cwcglance,19.752561569213867,False,False,"Contact: Daryl G. Kimball, Executive Director, 202-463-8270 x 107
The Chemical Weapons Convention (CWC) is a multilateral treaty that bans chemical weapons and requires their destruction within a specified period of time.
The treaty is of unlimited duration and is far more comprehensive than the 192"
5,Refuted,Refuted,refuted,6,"No credible, publicly available evidence exists of a systematic US or allied program to fabricate and plant chemical weapons allegations in media outlets.",contradicted by fake,"""no evidence"" US fabricated chemical weapons allegations media program",3,https://armscontrolcenter.org/fact-sheet-chemical-weapons/,20.03636360168457,False,False,"A chemical weapon (CW) is a device designed to release a chemical agent(s) to cause physical harm and potentially death.
These chemicals can be divided into categories such as choking, blister, blood, nerve, and riot control agents.
CWs can be dispersed using various delivery systems, including gren"
5,Refuted,Refuted,refuted,6,"No credible, publicly available evidence exists of a systematic US or allied program to fabricate and plant chemical weapons allegations in media outlets.",contradicted by fake,"""no evidence"" US fabricated chemical weapons allegations media program",4,https://www.cma.army.mil/center-for-treaty-implementation-compliance/,20.239334106445312,False,False,"The CMA director acts as the United States Army Implementing Agent for executing the Chemical Weapons Convention (CWC) Treaty.
In accordance with the CWC, CMA carries out Army Regulation 525-92, which states that CMA’s Center for Treaty Implementation and Compliance (CTIC) manages implementation and"
7,Supported,Supported,refuted,0,"During the first 2016 presidential debate, Trump responded to Hillary Clinton's claim that he had paid no federal income tax by saying 'That makes me smart.'",contradicted by fake,"""That makes me smart"" Trump 2016 debate transcript",0,https://www.npr.org/2016/09/27/495576599/fact-check-first-presidential-debate,17.081523895263672,False,False,"Donald Trump and Hillary Clinton went head-to-head Monday night in the first presidential debate.
NPR's politics team, with help from reporters and editors who cover national security, immigration, business, foreign policy and more, live annotated the debate.
Portions of the debate with added analys"
7,Supported,Supported,refuted,0,"During the first 2016 presidential debate, Trump responded to Hillary Clinton's claim that he had paid no federal income tax by saying 'That makes me smart.'",contradicted by fake,"""That makes me smart"" Trump 2016 debate transcript",1,https://jamaica-gleaner.com/article/commentary/20201003/tony-deyal-get-smart-starring-donald-trump,17.48590850830078,False,False,"Lying, cheating, barking, bullying” was Huffington Post’s description of Donald Trump’s behaviour in the first Presidential Debate on Tuesday night, and it forced an unusual and uncharacteristic response from his normally calm opponent, Joe Biden, who snapped, “Will you shut up, man?”
Trump’s antics"
7,Supported,Supported,refuted,0,"During the first 2016 presidential debate, Trump responded to Hillary Clinton's claim that he had paid no federal income tax by saying 'That makes me smart.'",contradicted by fake,"""That makes me smart"" Trump 2016 debate transcript",2,https://www.usatoday.com/story/news/politics/elections/2020/10/23/debate-transcript-trump-biden-final-presidential-debate-nashville/3740152001/,17.521873474121094,False,False,"Debate transcript: Trump, Biden final presidential debate moderated by Kristen Welker
Here is the full transcript of the final presidential debate between President Donald Trump and former Vice President Joe Biden, moderated by Kristen Welker in Nashville on Oct. 22, 2020.
[0:00] Welker: A very good"
7,Supported,Supported,refuted,0,"During the first 2016 presidential debate, Trump responded to Hillary Clinton's claim that he had paid no federal income tax by saying 'That makes me smart.'",contradicted by fake,"""That makes me smart"" Trump 2016 debate transcript",3,https://www.newyorker.com/news/john-cassidy/hillary-clinton-brings-out-the-real-donald-trump,18.678417205810547,False,False,"“Words matter when you run for President,” Hillary Clinton said toward the end of Monday night's happening at Hofstra University, on Long Island.
Clinton was criticizing Donald Trump for his loose language regarding America's allies in Asia, but she could have been summing up the lopsided debate, wh"
7,Supported,Supported,refuted,0,"During the first 2016 presidential debate, Trump responded to Hillary Clinton's claim that he had paid no federal income tax by saying 'That makes me smart.'",contradicted by fake,"""That makes me smart"" Trump 2016 debate transcript",4,https://abcnews.go.com/Politics/week-transcript-donald-trump-vice-president-joe-biden/story?id=41020870,18.679725646972656,False,False,"'This Week' Transcript: Donald Trump, Vice President Joe Biden, and Ret. Gen. John Allen
— -- THIS IS A RUSH TRANSCRIPT FOR 'THIS WEEK' ON July 31, 2016 and it will be updated.
UNIDENTIFIED MALE: Starting right now on THIS WEEK WITH GEORGE STEPHANOPOULOS, making history...
HILLARY CLINTON (D), PRESI"
7,Supported,Supported,refuted,1,Trump has repeatedly said in interviews that he tries to pay as little tax as possible and uses his knowledge of the tax system to his advantage.,not retrieved,"Trump ""pay as little tax as possible"" interview",0,https://www.npr.org/transcripts/918894535,17.00859832763672,False,False,"UNIDENTIFIED PERSON: This is PLANET MONEY from NPR.
GONZALEZ: We are talking about The New York Times article on President Trump's taxes.
GOLDSTEIN: The article that said he's paid little to no federal income tax in many, many years in recent history.
Trump himself has said he is smart for not payin"
7,Supported,Supported,refuted,1,Trump has repeatedly said in interviews that he tries to pay as little tax as possible and uses his knowledge of the tax system to his advantage.,not retrieved,"Trump ""pay as little tax as possible"" interview",1,https://m.usw.org/blog/2016/trump-digs-in-on-why-refusing-to-pay-taxes-makes-him-smart,17.43614387512207,False,False,"Trump Digs in on Why Refusing to Pay Taxes Makes Him ‘Smart’
At the first presidential debate earlier this week, Republican nominee Donald Trump seemed to admit that he doesn’t pay anything in federal income taxes.
But he’s spent the days since lying about what he said.
Speculating about why Trump h"
7,Supported,Supported,refuted,1,Trump has repeatedly said in interviews that he tries to pay as little tax as possible and uses his knowledge of the tax system to his advantage.,not retrieved,"Trump ""pay as little tax as possible"" interview",2,https://www.nbcnews.com/storyline/2016-presidential-debates/presidential-debate-donald-trump-s-remark-about-paying-taxes-raises-n655261,17.935155868530273,False,False,"Hillary Clinton's suggestion Monday that maybe Donald Trump doesn't pay income tax prompted the Republican candidate to interject: ""That makes me smart.""
The remark came in a segment about Trump's refusal to release his tax returns during Monday night's debate.
The Democratic candidate seized on the"
7,Supported,Supported,refuted,1,Trump has repeatedly said in interviews that he tries to pay as little tax as possible and uses his knowledge of the tax system to his advantage.,not retrieved,"Trump ""pay as little tax as possible"" interview",3,https://www.esquire.com/news-politics/a34183748/donald-trump-tax-returns-new-york-times/,17.97451400756836,False,False,"President Donald J Trump paid precisely zero dollars in federal income taxes in 10 of the last 15 years, according to a bombshell report published in The New York Times on Sunday.
And in 2016 and 2017, the president paid a mere $750 in income taxes.
Responding to a question during an evening news co"
7,Supported,Supported,refuted,1,Trump has repeatedly said in interviews that he tries to pay as little tax as possible and uses his knowledge of the tax system to his advantage.,not retrieved,"Trump ""pay as little tax as possible"" interview",4,https://www.cnn.com/2020/09/28/politics/tax-law-101/index.html,18.004653930664062,False,False,"One of the great frustrations about US tax law for a lot of Americans is that everyday wage earners can often pay a higher tax rate than billionaire real estate investors.
The publishing of data about more than a decade of President Donald Trump’s tax returns in The New York Times confirms he often "
7,Supported,Supported,refuted,2,"Trump has used the phrase 'gaming the system' in public remarks, e.g., stating 'I've been gaming the system for years' in a 2016 speech.",contradicted by fake,"""I've been gaming the system"" Trump 2016 speech",0,https://www.dispatch.com/story/news/2016/10/02/charles-krauthammer-commentary-2016-campaign/22523106007/,19.59821128845215,False,False,"Charles Krauthammer commentary: 2016 campaign is now detached from reality
And now, less than six weeks from the election, what is the main event of the day? A fight between the GOP presidential nominee and a former Miss Universe, whom he had 20 years ago called Miss Piggy and other choice pejorativ"
7,Supported,Supported,refuted,2,"Trump has used the phrase 'gaming the system' in public remarks, e.g., stating 'I've been gaming the system for years' in a 2016 speech.",contradicted by fake,"""I've been gaming the system"" Trump 2016 speech",1,https://www.cnbc.com/2017/01/11/transcript-of-president-elect-donald-j-trumps-news-conference.html,19.84628677368164,False,False,"On Wednesday, President-elect Donald Trump held his first news conference since his election in November.
Thank you very much. It's very familiar territory, news conferences, because we used to give them on an almost daily basis.
I think we probably, maybe won the nomination because of news conferen"
7,Supported,Supported,refuted,2,"Trump has used the phrase 'gaming the system' in public remarks, e.g., stating 'I've been gaming the system for years' in a 2016 speech.",contradicted by fake,"""I've been gaming the system"" Trump 2016 speech",2,https://time.com/3923128/donald-trump-announcement-speech/,20.44135856628418,False,False,"Wow. Whoa. That is some group of people. Thousands.
So nice, thank you very much. That’s really nice. Thank you. It’s great to be at Trump Tower. It’s great to be in a wonderful city, New York.
And it’s an honor to have everybody here. This is beyond anybody’s expectations. There’s been no crowd lik"
7,Supported,Supported,refuted,2,"Trump has used the phrase 'gaming the system' in public remarks, e.g., stating 'I've been gaming the system for years' in a 2016 speech.",contradicted by fake,"""I've been gaming the system"" Trump 2016 speech",3,https://trumpwhitehouse.archives.gov/briefings-statements/remarks-president-trump-2019-conservative-political-action-conference/,20.520000457763672,False,False,"THE PRESIDENT: Oh, thank you very much. Thank you very much. And thank you very much also to a man named Matt Schlapp.
What a job he’s done. (Applause.) And to CPAC — I actually started quite a while ago at CPAC, and came here — probably made my first real political speech.
And I enjoyed it so much "
7,Supported,Supported,refuted,2,"Trump has used the phrase 'gaming the system' in public remarks, e.g., stating 'I've been gaming the system for years' in a 2016 speech.",contradicted by fake,"""I've been gaming the system"" Trump 2016 speech",4,https://www.cnbc.com/2018/01/25/trump-interview-with-cnbc-full-transcript.html,20.66592788696289,False,False,"- President Donald Trump gave an interview to CNBC's Joe Kernen in Davos, Switzerland.
- The interview touched on an array of topics, from immigration reform to the strength of the U.S. dollar.
President Donald Trump sat down for an interview with CNBC's Joe Kernen at the World Economic Forum in Dav"
8,Refuted,Refuted,not enough information,0,Multiple state audits and court cases following the 2020 US election found no evidence of widespread fraud or phony ballots that could change the outcome.,only fake evidence,2020 election audits court cases no evidence of widespread fraud,0,https://www.bbc.com/news/54562611,19.160167694091797,False,False,"US election 2020: 'Rigged' votes, body doubles and other false claims
In the final weeks of the US election campaign all manner of false and misleading things are being shared on social media.
Here are some of the most recent - and false - claims.
The Trump campaign has often claimed, without eviden"
8,Refuted,Refuted,not enough information,0,Multiple state audits and court cases following the 2020 US election found no evidence of widespread fraud or phony ballots that could change the outcome.,only fake evidence,2020 election audits court cases no evidence of widespread fraud,1,https://www.npr.org/2020/08/26/906262573/theres-no-evidence-supporting-trump-s-mail-ballot-warnings-fbi-says,19.26466941833496,False,False,"There's No Evidence Supporting Trump's Mail Ballot Warnings, FBI Says
The FBI says it has no evidence of any coordinated fraud schemes related to voting by mail this year, undercutting repeated claims by President Trump and his camp about what they've called security problems.
That disclosure was ma"
8,Refuted,Refuted,not enough information,0,Multiple state audits and court cases following the 2020 US election found no evidence of widespread fraud or phony ballots that could change the outcome.,only fake evidence,2020 election audits court cases no evidence of widespread fraud,2,https://www.electoralcommission.org.uk/research-reports-and-data/electoral-fraud-data,19.488529205322266,False,False,"We take the risk of electoral fraud very seriously.
Throughout the year, all police forces across the UK send us data about allegations of electoral fraud that they receive and investigate.
Every year we report on the number, type, and outcome of these allegations, so that you can understand what’s "
8,Refuted,Refuted,not enough information,0,Multiple state audits and court cases following the 2020 US election found no evidence of widespread fraud or phony ballots that could change the outcome.,only fake evidence,2020 election audits court cases no evidence of widespread fraud,3,https://www.theguardian.com/us-news/2020/aug/21/trump-campaign-voter-fraud-pennsylvania,19.935794830322266,False,False,"Donald Trump’s campaign failed to produce any evidence of vote-by-mail fraud in Pennsylvania after a federal judge ordered it do so, according to a 524-page court filing obtained by the Guardian.
The order came from US district judge Nicholas Ranjan, a Trump appointee, earlier this month amid a laws"
8,Refuted,Refuted,not enough information,0,Multiple state audits and court cases following the 2020 US election found no evidence of widespread fraud or phony ballots that could change the outcome.,only fake evidence,2020 election audits court cases no evidence of widespread fraud,4,https://www.heritage.org/election-integrity/heritage-explains/voter-fraud,19.94666290283203,False,False,"Preserving the great experiment that is the American republic is dependent upon free and fair elections.
When selecting a city councilor or the president of the United States, every American must be able to trust the process and the result, or the democratic system itself breaks down.
Election integ"
8,Refuted,Refuted,not enough information,1,The US Cybersecurity and Infrastructure Security Agency declared the 2020 election 'the most secure in American history'.,only fake evidence,CISA 2020 election most secure in American history,0,https://www.pewresearch.org/politics/2018/10/29/elections-in-america-concerns-over-security-divisions-over-expanding-access-to-voting/,19.6919002532959,False,False,"With a week to go before Election Day, Americans are confident their local election authorities are up to the essential tasks of making sure that elections are run smoothly and that votes are counted accurately.
Nearly nine-in-ten (89%) have confidence in poll workers in their community to do a good"
8,Refuted,Refuted,not enough information,1,The US Cybersecurity and Infrastructure Security Agency declared the 2020 election 'the most secure in American history'.,only fake evidence,CISA 2020 election most secure in American history,1,https://news.uchicago.edu/story/survey-americans-lack-confidence-security-accuracy-voting-system,20.153099060058594,False,False,"Overall public confidence in the election system has changed little since 2016, but there have been significant shifts in the views of Democrats and Republicans.
Many Americans lack confidence in the security and accuracy of the country’s voting system heading into the 2018 midterm elections, accord"
8,Refuted,Refuted,not enough information,1,The US Cybersecurity and Infrastructure Security Agency declared the 2020 election 'the most secure in American history'.,only fake evidence,CISA 2020 election most secure in American history,2,https://www.nbcnews.com/think/opinion/delayed-iowa-caucus-results-erode-trust-elections-really-bad-time-ncna1130216,21.298908233642578,False,False,"This is probably not how the Democratic Party wanted to begin its presidential primary process. The freak-out over the delayed results out of the Iowa caucuses Monday night has revealed just what a wire-and-string effort collecting and tabulating the vote can be, and how little it takes to raise dou"
8,Refuted,Refuted,not enough information,1,The US Cybersecurity and Infrastructure Security Agency declared the 2020 election 'the most secure in American history'.,only fake evidence,CISA 2020 election most secure in American history,3,https://www.fec.gov/introduction-campaign-finance/election-results-and-voting-information/,21.647384643554688,False,False,"The Federal Election Commission (FEC) has compiled the following information about elections and voting.
The FEC administers federal campaign finance laws; however, it has no jurisdiction over the laws relating to voting, voter fraud and intimidation, election results or the Electoral College.
Elect"
8,Refuted,Refuted,not enough information,1,The US Cybersecurity and Infrastructure Security Agency declared the 2020 election 'the most secure in American history'.,only fake evidence,CISA 2020 election most secure in American history,4,https://news.mit.edu/2020/odds-mail-vote-not-count-1019,21.70000457763672,False,False,"This is part 2 of a two-part MIT News series on voting research and the 2020 election. Part 1 focuses on shifts in post-Election Day vote tallies.
In elections, every vote counts. Or should count. But a new study by an MIT professor indicates that in the 2016 U.S. general election, 4 percent of all "
8,Refuted,Refuted,not enough information,2,Many US states legally allow mail-in ballots to be counted if they are postmarked by Election Day and arrive within a certain number of days afterward.,only fake evidence,mail-in ballot deadline postmarked by election day state laws 2020,0,https://bipartisanpolicy.org/blog/by-mail-or-absentee-voting-is-safe-and-easy-and-those-ballots-count/,16.896434783935547,False,False,"Mail-in ballots that meet eligibility and validity requirements are counted in every election. The law requires all valid votes to be counted in every election regardless of how they are cast.
State laws vary on how voters can cast ballots. Generally, voters can cast ballots in person during early v"
8,Refuted,Refuted,not enough information,2,Many US states legally allow mail-in ballots to be counted if they are postmarked by Election Day and arrive within a certain number of days afterward.,only fake evidence,mail-in ballot deadline postmarked by election day state laws 2020,1,https://www.ocfelections.com/vote-by-mail,17.420738220214844,False,False,"Sign up for BallotTrax to get notified (via text or email) of the status of your vote-by-mail ballot, from when it's printed to when it's accepted!
See the progress of your vote-by-mail ballot (if your request has been received, and if your ballot has been mailed, received, accepted).
Vote-by-mail r"
8,Refuted,Refuted,not enough information,2,Many US states legally allow mail-in ballots to be counted if they are postmarked by Election Day and arrive within a certain number of days afterward.,only fake evidence,mail-in ballot deadline postmarked by election day state laws 2020,2,https://headstartca.org/advocacy/voter-education/,17.701154708862305,False,False,"In California, the deadline to register to vote for any election is 15 days before Election Day, so please register early!
- Pre -Register to Vote (for 16- and 17-year olds. You will automatically be registered to vote on your 18th birthday.)
- Vote-by-mail ballots that are mailed must be postmarked"
8,Refuted,Refuted,not enough information,2,Many US states legally allow mail-in ballots to be counted if they are postmarked by Election Day and arrive within a certain number of days afterward.,only fake evidence,mail-in ballot deadline postmarked by election day state laws 2020,3,https://chicagoelections.gov/voting/vote-mail,17.833728790283203,False,False,"You can always sign up for the vote by mail permanent roster. This ensures that you get mailed a ballot for all future elections.
You can edit and opt out too. Click Here to Join the Vote By Mail Permanent Roster
Applications to Vote By Mail for the March 19, 2024 Presidential Primary Election are n"
8,Refuted,Refuted,not enough information,2,Many US states legally allow mail-in ballots to be counted if they are postmarked by Election Day and arrive within a certain number of days afterward.,only fake evidence,mail-in ballot deadline postmarked by election day state laws 2020,4,https://seal.sa.ucsb.edu/civic-community-engagement/voter-registration/important-dates,18.09455680847168,False,False,"The following deadlines apply to the state of California, and might be different from other states within the United States
Postmarked by February 20, 2024, or you can register and vote at your county elections office after the 15-day voter registration deadline.
Conditional Voter Registration is a "
8,Refuted,Refuted,not enough information,3,No credible photographic or video evidence has been produced showing people submitting large numbers of phony ballots.,only fake evidence,no photographic evidence of ballot stuffing 2020 election fact check,0,https://www.bbc.com/news/54562611,17.056365966796875,False,False,"US election 2020: 'Rigged' votes, body doubles and other false claims
In the final weeks of the US election campaign all manner of false and misleading things are being shared on social media.
Here are some of the most recent - and false - claims.
The Trump campaign has often claimed, without eviden"
8,Refuted,Refuted,not enough information,3,No credible photographic or video evidence has been produced showing people submitting large numbers of phony ballots.,only fake evidence,no photographic evidence of ballot stuffing 2020 election fact check,1,https://www.nbcnews.com/politics/donald-trump/twitter-fact-checks-trump-s-misleading-tweet-mail-voting-n1215151,18.063627243041992,False,False,"Twitter slapped a fact check label on a pair of ""misleading"" tweets by President Donald Trump on Tuesday in which he railed against mail-in voting amid the COVID-19 pandemic.
""There is NO WAY (ZERO!) that Mail-In Ballots will be anything less than substantially fraudulent. Mail boxes will be robbed,"
8,Refuted,Refuted,not enough information,3,No credible photographic or video evidence has been produced showing people submitting large numbers of phony ballots.,only fake evidence,no photographic evidence of ballot stuffing 2020 election fact check,2,https://time.com/5887438/trump-mail-in-voting/,18.46573829650879,False,False,"After months of watching commenters flood his office’s social-media posts with voting myths and fielding calls about election conspiracies from constituents, Brian Corley finally got fed up.
In July, the supervisor of elections in Florida’s Pasco County decided to shut down his office’s Facebook and"
8,Refuted,Refuted,not enough information,3,No credible photographic or video evidence has been produced showing people submitting large numbers of phony ballots.,only fake evidence,no photographic evidence of ballot stuffing 2020 election fact check,3,https://www.vox.com/recode/2020/7/30/21348396/facebook-twitter-fact-check-trump-claims-mail-voting-2020-election,18.555593490600586,False,False,"Twitter and Facebook are not fact-checking factually unsupported claims about mail-in voting in the 2020 election posted by President Trump on both platforms Wednesday.
The inaction has angered some critics, who say these companies allow the spread of dangerous misinformation to go unchecked online,"
8,Refuted,Refuted,not enough information,3,No credible photographic or video evidence has been produced showing people submitting large numbers of phony ballots.,only fake evidence,no photographic evidence of ballot stuffing 2020 election fact check,4,https://www.fec.gov/documents/2248/2020-05-27-ELW-Facts-About-Voting-by-Mail.pdf,18.98309898376465,False,False,"The week, I posted 66 tweets setting forth some facts about the safety and integrity of voting by mail.
For ease of reading, I have compiled them into this document. 
https://twitter.com/EllenLWeintraub/status/1265841303012638725 
1/ It’s been claimed that voting by mail leads to massive corruption "
8,Refuted,Refuted,not enough information,4,Independent fact-checkers have consistently rated claims of widespread phony ballots in the 2020 election as false or unsubstantiated.,only fake evidence,fact check phony ballots 2020 election false,0,https://www.bbc.com/news/54562611,15.582289695739746,False,False,"US election 2020: 'Rigged' votes, body doubles and other false claims
In the final weeks of the US election campaign all manner of false and misleading things are being shared on social media.
Here are some of the most recent - and false - claims.
The Trump campaign has often claimed, without eviden"
8,Refuted,Refuted,not enough information,4,Independent fact-checkers have consistently rated claims of widespread phony ballots in the 2020 election as false or unsubstantiated.,only fake evidence,fact check phony ballots 2020 election false,1,https://www.nbcnews.com/politics/donald-trump/twitter-fact-checks-trump-s-misleading-tweet-mail-voting-n1215151,17.736909866333008,False,False,"Twitter slapped a fact check label on a pair of ""misleading"" tweets by President Donald Trump on Tuesday in which he railed against mail-in voting amid the COVID-19 pandemic.
""There is NO WAY (ZERO!) that Mail-In Ballots will be anything less than substantially fraudulent. Mail boxes will be robbed,"
8,Refuted,Refuted,not enough information,4,Independent fact-checkers have consistently rated claims of widespread phony ballots in the 2020 election as false or unsubstantiated.,only fake evidence,fact check phony ballots 2020 election false,2,https://www.vox.com/recode/2020/7/30/21348396/facebook-twitter-fact-check-trump-claims-mail-voting-2020-election,17.977149963378906,False,False,"Twitter and Facebook are not fact-checking factually unsupported claims about mail-in voting in the 2020 election posted by President Trump on both platforms Wednesday.
The inaction has angered some critics, who say these companies allow the spread of dangerous misinformation to go unchecked online,"
8,Refuted,Refuted,not enough information,4,Independent fact-checkers have consistently rated claims of widespread phony ballots in the 2020 election as false or unsubstantiated.,only fake evidence,fact check phony ballots 2020 election false,3,https://time.com/5887438/trump-mail-in-voting/,18.0986270904541,False,False,"After months of watching commenters flood his office’s social-media posts with voting myths and fielding calls about election conspiracies from constituents, Brian Corley finally got fed up.
In July, the supervisor of elections in Florida’s Pasco County decided to shut down his office’s Facebook and"
8,Refuted,Refuted,not enough information,4,Independent fact-checkers have consistently rated claims of widespread phony ballots in the 2020 election as false or unsubstantiated.,only fake evidence,fact check phony ballots 2020 election false,4,https://www.npr.org/2020/05/26/862797418/twitter-points-users-to-fact-checks-of-trump-tweets-for-the-first-time,18.566219329833984,False,False,"Twitter Places Fact-Checking Warning On Trump Tweet For 1st Time
Twitter Places Fact-Checking Warning On Trump Tweet For 1st Time
Twitter has placed a fact-checking warning on a pair of tweets issued by President Trump in which he claims without evidence that mail-in ballots are fraudulent.
Twitter'"
12,Refuted,Refuted,refuted,0,"New Zealand passed the Food Act 2014, previously known as the Food Bill.",Not retrieved; only fake sources referenced the Food Act 2014.,"""Food Act 2014"" New Zealand passed",0,https://en.wikipedia.org/wiki/Food_Act_2014,15.05301284790039,False,False,"The Food Act is a New Zealand Act of Parliament passed in 2014. It came into force on 1 March 2016 and progressively replaced the Food Act 1981 for the next three years.[1]
It was introduced as the Food Bill 160-2 on 26 May 2010 to make some fundamental changes[2] to New Zealand's domestic food regu"
12,Refuted,Refuted,refuted,0,"New Zealand passed the Food Act 2014, previously known as the Food Bill.",Not retrieved; only fake sources referenced the Food Act 2014.,"""Food Act 2014"" New Zealand passed",1,https://www.mpi.govt.nz/legal/legislation-standards-and-reviews/food-safety-legislation/introduction-to-food-safety-legislation/,16.00621223449707,False,False,"The New Zealand food safety system extends from ""farm to fork"". It covers all food and beverages for human consumption, as well as pet foods, animal feed, and agricultural compounds and veterinary medicines (ACVMs).
The Ministry for Primary Industries (MPI) aims to ensure that the health and safety "
12,Refuted,Refuted,refuted,0,"New Zealand passed the Food Act 2014, previously known as the Food Bill.",Not retrieved; only fake sources referenced the Food Act 2014.,"""Food Act 2014"" New Zealand passed",2,https://en.wikipedia.org/wiki/Food_safety_in_New_Zealand,17.026182174682617,False,False,"Food safety in New Zealand is a concern by the general public and the government takes measures to regulate it.
The estimated cost to the country in 2009 of the six foodborne illnesses campylobacteriosis, salmonellosis, norovirus, yersiniosis, STEC and listeriosis was NZ$161 million.[1]
The governme"
12,Refuted,Refuted,refuted,0,"New Zealand passed the Food Act 2014, previously known as the Food Bill.",Not retrieved; only fake sources referenced the Food Act 2014.,"""Food Act 2014"" New Zealand passed",3,https://en.wikipedia.org/wiki/New_Zealand_Food_Safety,17.232114791870117,False,False,"New Zealand Food Safety (NZFS), or Haumaru Kai Aotearoa, is the New Zealand government body responsible for food safety, and is the controlling authority for imports and exports of food and food-related products.
In April 2012 it was merged into the Ministry for Primary Industries.
- primary process"
12,Refuted,Refuted,refuted,0,"New Zealand passed the Food Act 2014, previously known as the Food Bill.",Not retrieved; only fake sources referenced the Food Act 2014.,"""Food Act 2014"" New Zealand passed",4,https://www.mpi.govt.nz/legal/compliance-requirements/food-standards/food-standards-amendments/,17.24868392944336,False,False,"On 26 February 2018, New Zealand adopted the Australia New Zealand Food Standards Code, and all its amendments, as joint food standards (except for the Australia-specific chapters and standards).
This was done under the Adoption of the Joint Food Standards under the Australia New Zealand Food Standa"
12,Refuted,Refuted,refuted,1,The Food Act 2014 regulates commercial food operations and exempts home gardening and non-commercial food sharing.,Not retrieved; fake sources contradicted by claiming the Act imposes permits on home gardeners.,"""Food Act 2014"" home gardening exemption",0,https://knowyourmeme.com/memes/new-zealand-gardening-law-hoax,18.30976676940918,False,False,"PROTIP: Press 'i' to view the image gallery, 'v' to view the video gallery, or 'r' to view a random entry.
This submission is currently being researched & evaluated!
You can help confirm this entry by contributing facts, media, and other evidence of notability and mutation.
New Zealand Gardening Ban"
12,Refuted,Refuted,refuted,1,The Food Act 2014 regulates commercial food operations and exempts home gardening and non-commercial food sharing.,Not retrieved; fake sources contradicted by claiming the Act imposes permits on home gardeners.,"""Food Act 2014"" home gardening exemption",1,https://www.bbc.com/news/blogs-news-from-elsewhere-34571055,19.49222183227539,False,False,"New Zealand: Gardeners dig in over 'verge gardens'
A row is brewing in New Zealand over what residents are allowed to do with the grass verges outside their homes.
Two years ago, Auckland Council announced it would no longer mow the verges, known locally as berms, handing responsibility for maintain"
12,Refuted,Refuted,refuted,1,The Food Act 2014 regulates commercial food operations and exempts home gardening and non-commercial food sharing.,Not retrieved; fake sources contradicted by claiming the Act imposes permits on home gardeners.,"""Food Act 2014"" home gardening exemption",2,https://www.permanentculturenow.com/are-governments-attempting-to-stop-citizens-from-growing-their-own-food/,19.524765014648438,False,False,"I have watched and followed with some worry and considerable concern during the last few years at various Governments attempts to ban people from growing organic food and medicinal plants in their home gardens.
At first glance this looks like something that you would expect to come from conspiracy t"
12,Refuted,Refuted,refuted,1,The Food Act 2014 regulates commercial food operations and exempts home gardening and non-commercial food sharing.,Not retrieved; fake sources contradicted by claiming the Act imposes permits on home gardeners.,"""Food Act 2014"" home gardening exemption",3,https://www.buzzfeed.com/bradesposito/nz-garden-ban,19.68651008605957,False,False,"So there's this rumour going around that it's illegal to grow a garden in New Zealand.
A lot of people seem to think that gardening, growing fruit and vegetables, and basically owning anything to do with horticulture is illegal.
Well, you'll be happy to know that it's absolutely, 100% NOT illegal to"
12,Refuted,Refuted,refuted,1,The Food Act 2014 regulates commercial food operations and exempts home gardening and non-commercial food sharing.,Not retrieved; fake sources contradicted by claiming the Act imposes permits on home gardeners.,"""Food Act 2014"" home gardening exemption",4,https://www.health.vic.gov.au/food-safety/authorised-analysts,19.99095344543457,False,False,"- An authorised analyst is a person authorised to carry out analyses for the purposes of the Food Act 1984 (the Act).
- Analysts test food samples taken by Victorian Councils to ensure that food is safe and suitable for consumption and has been handled correctly.
- A certificate of analysis, signed "
12,Refuted,Refuted,refuted,2,The claim that the Food Bill bans gardening has been debunked by the New Zealand government and fact-checking outlets.,Not retrieved; no real source from government or fact-checkers; only a fake government response and a secondary meme page mentioning news coverage without debunking details.,"""Food Bill"" gardening ban debunked government fact-check",0,https://knowyourmeme.com/memes/new-zealand-gardening-law-hoax,16.662763595581055,False,False,"PROTIP: Press 'i' to view the image gallery, 'v' to view the video gallery, or 'r' to view a random entry.
This submission is currently being researched & evaluated!
You can help confirm this entry by contributing facts, media, and other evidence of notability and mutation.
New Zealand Gardening Ban"
12,Refuted,Refuted,refuted,2,The claim that the Food Bill bans gardening has been debunked by the New Zealand government and fact-checking outlets.,Not retrieved; no real source from government or fact-checkers; only a fake government response and a secondary meme page mentioning news coverage without debunking details.,"""Food Bill"" gardening ban debunked government fact-check",1,https://www.beehive.govt.nz/release/greens-wrong-food-bill,17.556398391723633,True,False,"Food Safety Minister Kate Wilkinson says she is concerned that the Green Party is endorsing misinformation about the impacts of a new Food Bill.
“For some time anonymous agitators have been spreading false information on the internet regarding the Food Bill and despite initially countering their vie"
12,Refuted,Refuted,refuted,2,The claim that the Food Bill bans gardening has been debunked by the New Zealand government and fact-checking outlets.,Not retrieved; no real source from government or fact-checkers; only a fake government response and a secondary meme page mentioning news coverage without debunking details.,"""Food Bill"" gardening ban debunked government fact-check",2,https://www.permanentculturenow.com/are-governments-attempting-to-stop-citizens-from-growing-their-own-food/,17.586502075195312,False,False,"I have watched and followed with some worry and considerable concern during the last few years at various Governments attempts to ban people from growing organic food and medicinal plants in their home gardens.
At first glance this looks like something that you would expect to come from conspiracy t"
12,Refuted,Refuted,refuted,2,The claim that the Food Bill bans gardening has been debunked by the New Zealand government and fact-checking outlets.,Not retrieved; no real source from government or fact-checkers; only a fake government response and a secondary meme page mentioning news coverage without debunking details.,"""Food Bill"" gardening ban debunked government fact-check",3,https://www.beehive.govt.nz/release/food-bill-make-food-safer-%E2%80%93-not-restrict-small-traders,19.206220626831055,False,False,"Food Bill to make food safer – not restrict small tradersFood Safety
Food Safety Minister Kate Wilkinson says opponents of the Government’s draft Food Bill are scaremongering about its impacts.
""Much of what they claim is untrue and causing many people unnecessary concern,"" Ms Wilkinson says.
“The B"
12,Refuted,Refuted,refuted,2,The claim that the Food Bill bans gardening has been debunked by the New Zealand government and fact-checking outlets.,Not retrieved; no real source from government or fact-checkers; only a fake government response and a secondary meme page mentioning news coverage without debunking details.,"""Food Bill"" gardening ban debunked government fact-check",4,https://www.ucsusa.org/resources/food-and-farm-bill,20.12099266052246,False,False,"The massive piece of legislation commonly referred to as the “farm bill” should really be called the “food and farm bill” because of its key role in how we eat.
The first version of the bill, passed during the Great Depression, was mostly concerned with helping farmers stay in business.
But over tim"
16,Refuted,Refuted,not enough information,0,"SARS‑CoV‑2 is transmitted via aerosols, and health authorities such as the WHO have recognized airborne transmission as an important route.",not retrieved,WHO recognizes airborne aerosol transmission of SARS-CoV-2 statement,0,https://source.wustl.edu/2020/07/washu-expert-focused-on-understanding-virus-transmission-by-aerosols/,17.051532745361328,False,False,"On Monday, more than 230 scientists from around the world declared “It’s time to address airborne transmission of COVID-19.”
In a letter signed by Washington University in St. Louis faculty and published in the journal Clinical Infectious Diseases, directed toward “Most public health organizations, "
16,Refuted,Refuted,not enough information,0,"SARS‑CoV‑2 is transmitted via aerosols, and health authorities such as the WHO have recognized airborne transmission as an important route.",not retrieved,WHO recognizes airborne aerosol transmission of SARS-CoV-2 statement,1,https://pubmed.ncbi.nlm.nih.gov/32356927/,17.154706954956055,False,False,"Consideration of the Aerosol Transmission for COVID-19 and Public Health
Consideration of the Aerosol Transmission for COVID-19 and Public Health
This article analyzes the available evidence to address airborne, aerosol transmission of the SARS-CoV-2.
We review and present three lines of evidence: c"
16,Refuted,Refuted,not enough information,0,"SARS‑CoV‑2 is transmitted via aerosols, and health authorities such as the WHO have recognized airborne transmission as an important route.",not retrieved,WHO recognizes airborne aerosol transmission of SARS-CoV-2 statement,2,https://www.ncbi.nlm.nih.gov/pmc/articles/PMC7413047/,17.367891311645508,False,False,"Aerosol transmission of SARS-CoV-2? Evidence, prevention and control
As public health teams respond to the pandemic of coronavirus disease 2019 (COVID-19), containment and understanding of the modes of severe acute respiratory syndrome coronavirus 2 (SARS-CoV-2) transmission is of utmost importance "
16,Refuted,Refuted,not enough information,0,"SARS‑CoV‑2 is transmitted via aerosols, and health authorities such as the WHO have recognized airborne transmission as an important route.",not retrieved,WHO recognizes airborne aerosol transmission of SARS-CoV-2 statement,3,https://www.npr.org/sections/goatsandsoda/2020/07/06/887919633/aerosols-droplets-fomites-what-we-know-about-transmission-of-covid-19,17.75473976135254,False,False,"Aerosols, Droplets, Fomites: What We Know About Transmission Of COVID-19
This story was updated on July 7 at 1:54 p.m. to include WHO's response to the letter.
By now, it's common knowledge that the coronavirus can be spread by being in close contact with someone who's infected and then breathing in"
16,Refuted,Refuted,not enough information,0,"SARS‑CoV‑2 is transmitted via aerosols, and health authorities such as the WHO have recognized airborne transmission as an important route.",not retrieved,WHO recognizes airborne aerosol transmission of SARS-CoV-2 statement,4,https://www.usatoday.com/in-depth/news/2020/04/03/coronavirus-protection-how-masks-might-stop-spread-through-coughs/5086553002/,17.790311813354492,False,False,"On Thursday the World Health Organization (WHO) recognized that aerosolized droplets can lead to infection.
According to the scientific brief ""Transmission of SARS-CoV-2 can occur through direct, indirect, or close contact with infected people through infected secretions such as saliva and respirato"
16,Refuted,Refuted,not enough information,1,"N95 respirators are certified to filter at least 95% of airborne particles as small as 0.3 microns, which includes virus‑carrying aerosols.",not retrieved,N95 respirator certification filters 95% of particles 0.3 microns,0,https://www.cdc.gov/niosh/npptl/topics/respirators/disp_part/default.html,18.602624893188477,False,False,"NIOSH-Approved Particulate Filtering Facepiece Respirators
This site provides a listing of NIOSH-approved particulate filtering facepiece respirators. This type of air-purifying respirators protects by filtering particles out of the air the user is breathing.
There are seven classes of filters for N"
16,Refuted,Refuted,not enough information,1,"N95 respirators are certified to filter at least 95% of airborne particles as small as 0.3 microns, which includes virus‑carrying aerosols.",not retrieved,N95 respirator certification filters 95% of particles 0.3 microns,1,https://multimedia.3m.com/mws/media/409903O/respiratory-protection-against-biohazards.pdf,20.905136108398438,False,False,"This is a general document that is not specific to any particular airborne contaminant, including viruses and bacteria, and that
is intended for a sophisticated occupational audience.
Diseases can be transmitted via many routes, including inhalation of aerosols. When properly fitted, selected, used,"
16,Refuted,Refuted,not enough information,1,"N95 respirators are certified to filter at least 95% of airborne particles as small as 0.3 microns, which includes virus‑carrying aerosols.",not retrieved,N95 respirator certification filters 95% of particles 0.3 microns,2,https://www.nist.gov/news-events/news/2020/06/face-coverings-made-layered-cotton-fabric-likely-slow-spread-covid-19,21.142372131347656,False,False,"Researchers have completed a new study of how well a variety of natural and synthetic fabrics filter particles of a similar size to the virus that causes COVID-19.
Of the 32 cloth materials tested, three of the five most effective at blocking particles were 100% cotton and had a visible raised fiber"
16,Refuted,Refuted,not enough information,1,"N95 respirators are certified to filter at least 95% of airborne particles as small as 0.3 microns, which includes virus‑carrying aerosols.",not retrieved,N95 respirator certification filters 95% of particles 0.3 microns,3,https://academic.oup.com/annweh/article/54/7/789/202744,21.583600997924805,False,False,"Samy Rengasamy, Benjamin Eimer, Ronald E. Shaffer, Simple Respiratory Protection—Evaluation of the Filtration Performance of Cloth Masks and Common Fabric Materials Against 20–1000 nm Size Particles, The Annals of Occupational Hygiene, Volume 54, Issue 7, October 2010, Pages 789–798, https://doi.org"
16,Refuted,Refuted,not enough information,1,"N95 respirators are certified to filter at least 95% of airborne particles as small as 0.3 microns, which includes virus‑carrying aerosols.",not retrieved,N95 respirator certification filters 95% of particles 0.3 microns,4,https://multimedia.3m.com/mws/media/1793279O/3m-anz-2020-respiratory-protection-faqs-general-public.pdf,21.76356315612793,False,False,"During public health events – such as bushfires, times of high air pollution, airborne-transmissible disease outbreaks, etc.
– members of the public may choose to wear a respirator to help reduce their exposure to airborne particulate hazards.
When respiratory protection is recommended for workers a"
16,Refuted,Refuted,not enough information,2,A 2020 study in Nature Medicine found that surgical masks significantly reduced the detection of seasonal coronavirus RNA in exhaled aerosol droplets from infected patients.,not retrieved,Nature Medicine 2020 surgical masks reduce seasonal coronavirus RNA exhaled aerosols,0,https://www.hpci.ch/sites/chuv/files/prevention/efficacy%20face%20mask%20covid%2019%20nature%20medicine.pdf,15.208674430847168,False,False,"1WHO Collaborating Centre for Infectious Disease Epidemiology and Control, School of Public Health, Li Ka Shing Faculty of Medicine, The University
of Hong Kong, Hong Kong, China. 2Department of Microbiology, Li Ka Shing Faculty of Medicine, The University of Hong Kong, Hong Kong, China.
3Department"
16,Refuted,Refuted,not enough information,2,A 2020 study in Nature Medicine found that surgical masks significantly reduced the detection of seasonal coronavirus RNA in exhaled aerosol droplets from infected patients.,not retrieved,Nature Medicine 2020 surgical masks reduce seasonal coronavirus RNA exhaled aerosols,1,https://s3.eu-west-1.amazonaws.com/my.simi/posts/2020/5e89a1e34cd492752288c479/Respiratory-virus-shedding-in-exhaled-breath-and-efficacy-of-face-masks_2020.pdf,15.211077690124512,False,False,"1WHO Collaborating Centre for Infectious Disease Epidemiology and Control, School of Public Health, Li Ka Shing Faculty of Medicine, The University
of Hong Kong, Hong Kong, China. 2Department of Microbiology, Li Ka Shing Faculty of Medicine, The University of Hong Kong, Hong Kong, China.
3Department"
16,Refuted,Refuted,not enough information,2,A 2020 study in Nature Medicine found that surgical masks significantly reduced the detection of seasonal coronavirus RNA in exhaled aerosol droplets from infected patients.,not retrieved,Nature Medicine 2020 surgical masks reduce seasonal coronavirus RNA exhaled aerosols,2,https://pubmed.ncbi.nlm.nih.gov/32371934/,15.786493301391602,False,False,"Respiratory virus shedding in exhaled breath and efficacy of face masks
Respiratory virus shedding in exhaled breath and efficacy of face masks
Author Correction: Respiratory virus shedding in exhaled breath and efficacy of face masks. Nat Med. 2020 Jun;26(6):981.
doi: 10.1038/s41591-020-0946-9. Nat"
16,Refuted,Refuted,not enough information,2,A 2020 study in Nature Medicine found that surgical masks significantly reduced the detection of seasonal coronavirus RNA in exhaled aerosol droplets from infected patients.,not retrieved,Nature Medicine 2020 surgical masks reduce seasonal coronavirus RNA exhaled aerosols,3,https://datadryad.org/stash/dataset/doi:10.5061/dryad.w9ghx3fkt,16.240478515625,False,False,"Respiratory virus shedding in exhaled breath and efficacy of face masks
Leung, Nancy H. L. et al. (2020). Respiratory virus shedding in exhaled breath and efficacy of face masks
[Dataset]. Dryad. https://doi.org/10.5061/dryad.w9ghx3fkt
We identified seasonal human coronaviruses, influenza viruses an"
16,Refuted,Refuted,not enough information,2,A 2020 study in Nature Medicine found that surgical masks significantly reduced the detection of seasonal coronavirus RNA in exhaled aerosol droplets from infected patients.,not retrieved,Nature Medicine 2020 surgical masks reduce seasonal coronavirus RNA exhaled aerosols,4,https://www.paho.org/en/news/7-4-2020-covid-19-research-respiratory-virus-shedding-exhaled-breath-and-efficacy-face-masks,16.489429473876953,False,False,"In its role as WHO Collaborating Centre for Infectious Disease Epidemiology and Control at the School of Public Health at The University of Hong Kong, staff contributed to a published article on the efficacy of face masks for seasonal human coronaviruses, influenza viruses and rhinoviruses.
[ABSTRAC"
16,Refuted,Refuted,not enough information,3,"The U.S. CDC explicitly states that masks with good fit and filtration (e.g., N95) help protect the wearer from inhaling SARS‑CoV‑2 aerosols.",not retrieved,CDC mask fit filtration protect wearer from inhaling SARS-CoV-2 aerosols,0,https://pubmed.ncbi.nlm.nih.gov/33087517/,18.448400497436523,False,False,"Guidelines from the CDC and the WHO recommend the wearing of face masks to prevent the spread of coronavirus (CoV) disease 2019 (COVID-19); however, the protective efficiency of such masks against airborne transmission of infectious severe acute respiratory syndrome CoV-2 (SARS-CoV-2) droplets/
aero"
16,Refuted,Refuted,not enough information,3,"The U.S. CDC explicitly states that masks with good fit and filtration (e.g., N95) help protect the wearer from inhaling SARS‑CoV‑2 aerosols.",not retrieved,CDC mask fit filtration protect wearer from inhaling SARS-CoV-2 aerosols,1,https://www.nist.gov/news-events/news/2020/06/face-coverings-made-layered-cotton-fabric-likely-slow-spread-covid-19,19.470687866210938,False,False,"Researchers have completed a new study of how well a variety of natural and synthetic fabrics filter particles of a similar size to the virus that causes COVID-19.
Of the 32 cloth materials tested, three of the five most effective at blocking particles were 100% cotton and had a visible raised fiber"
16,Refuted,Refuted,not enough information,3,"The U.S. CDC explicitly states that masks with good fit and filtration (e.g., N95) help protect the wearer from inhaling SARS‑CoV‑2 aerosols.",not retrieved,CDC mask fit filtration protect wearer from inhaling SARS-CoV-2 aerosols,2,https://doh.wa.gov/emergencies/covid-19/masks-and-face-coverings,19.816864013671875,False,False,"Wearing a well-fitted mask or respirator helps to protect you and those around you by preventing the spread of COVID-19.
When combined with good ventilation, staying current with vaccines, and other precautions, wearing a mask can reduce the chances of serious illness and the disruptions that COVID-"
16,Refuted,Refuted,not enough information,3,"The U.S. CDC explicitly states that masks with good fit and filtration (e.g., N95) help protect the wearer from inhaling SARS‑CoV‑2 aerosols.",not retrieved,CDC mask fit filtration protect wearer from inhaling SARS-CoV-2 aerosols,3,https://www.mass.gov/info-details/mask-recommendations,20.02349090576172,False,False,"Wearing a mask provides protection against COVID and other viruses, especially when indoors or in crowded spaces.
Consider wearing a mask especially if you have a weakened immune system, if you are at increased risk for severe disease because of your age or an underlying medical condition, or if som"
16,Refuted,Refuted,not enough information,3,"The U.S. CDC explicitly states that masks with good fit and filtration (e.g., N95) help protect the wearer from inhaling SARS‑CoV‑2 aerosols.",not retrieved,CDC mask fit filtration protect wearer from inhaling SARS-CoV-2 aerosols,4,https://www.ncbi.nlm.nih.gov/pmc/articles/PMC7321045/,20.477249145507812,False,False,"Fundamental protective mechanisms of face masks against droplet infections
- mmc1.flv (53M)GUID: 37C20D0E-AC66-45AF-B760-022B1B935A4Bmmc2.flv (71M)GUID: 51873469-768C-4CEC-A5E9-987E81DB950A
Many governments have instructed the population to wear simple mouth-and-nose covers or surgical face masks to"
16,Refuted,Refuted,not enough information,4,A 2021 systematic review and meta‑analysis published in The BMJ reported that mask wearing was associated with a 53% reduction in the incidence of COVID‑19.,not retrieved,"""BMJ"" 2021 systematic review meta-analysis masks 53% reduction COVID-19",0,https://www.niid.go.jp/niid/en/from-lab-e/from-idsc-e/2482-corona/10349-covid19-pickup-list.html,20.911117553710938,False,False,"Edson D Moreira Jr, Nicholas Kitchin, Xia Xu et al.
N Engl J Med. 2022 Mar 23. doi: 10.1056/NEJMoa2200674.
Annika Rössler, Ludwig Knabl, Dorothee von Laer, Janine Kimpel
N Engl J Med. 2022 Mar 23. doi: 10.1056/NEJMc2201607.
Maaike C Swets, Clark D Russell, Ewen M Harrison et al.
Lancet. 2022 Mar 25;"
16,Refuted,Refuted,not enough information,4,A 2021 systematic review and meta‑analysis published in The BMJ reported that mask wearing was associated with a 53% reduction in the incidence of COVID‑19.,not retrieved,"""BMJ"" 2021 systematic review meta-analysis masks 53% reduction COVID-19",1,https://hgic.clemson.edu/factsheet/covid-19-the-science-behind-the-mask/,21.087844848632812,False,False,"COVID-19 is the disease that is caused by the SARS-CoV-2 virus. SARS-CoV-2 is a new virus that scientists are working hard to understand.
The origin of the virus, how it is spread, and strategies that can be taken to limit the spread are just a few of the things being studied.
With so much new infor"
16,Refuted,Refuted,not enough information,4,A 2021 systematic review and meta‑analysis published in The BMJ reported that mask wearing was associated with a 53% reduction in the incidence of COVID‑19.,not retrieved,"""BMJ"" 2021 systematic review meta-analysis masks 53% reduction COVID-19",2,https://training.cochrane.org/handbook/current/chapter-10,21.263368606567383,False,False,"Jonathan J Deeks, Julian PT Higgins, Douglas G Altman; on behalf of the Cochrane Statistical Methods Group
- Meta-analysis is the statistical combination of results from two or more separate studies.
- Potential advantages of meta-analyses include an improvement in precision, the ability to answer q"
16,Refuted,Refuted,not enough information,4,A 2021 systematic review and meta‑analysis published in The BMJ reported that mask wearing was associated with a 53% reduction in the incidence of COVID‑19.,not retrieved,"""BMJ"" 2021 systematic review meta-analysis masks 53% reduction COVID-19",3,https://www.medrxiv.org/content/10.1101/2020.04.01.20049528v1,21.451448440551758,False,False,"The current pandemic of COVID-19 has lead to conflicting opinions on whether wearing facemasks outside of health care facilities protects against the infection.
To better understand the value of wearing facemasks we undertook a rapid systematic review of existing scientific evidence about developmen"
16,Refuted,Refuted,not enough information,4,A 2021 systematic review and meta‑analysis published in The BMJ reported that mask wearing was associated with a 53% reduction in the incidence of COVID‑19.,not retrieved,"""BMJ"" 2021 systematic review meta-analysis masks 53% reduction COVID-19",4,https://www.frontiersin.org/articles/10.3389/frma.2020.571886,22.01824188232422,False,False,"Volume 5 - 2020 | https://doi.org/10.3389/frma.2020.571886
Does Peer Reviewing for COVID-19-Related Papers Still Work?
- 1Millennium Nucleus of Ion Channel-Associated Diseases (MiNICAD), Instituto de Ciencias Biomédicas, Facultad de Medicina, Universidad de Chile, Santiago, Chile
- 2Laboratorio de M"
19,Refuted,Refuted,not enough information,0,"In April 2023, armed conflict erupted between the Sudanese army and the Rapid Support Forces with heavy fighting in Khartoum.",contradicted by fake; no real source retrieved,April 2023 Sudan armed conflict Khartoum Rapid Support Forces,0,https://www.hrw.org/report/2004/05/06/darfur-destroyed/ethnic-cleansing-government-and-militia-forces-western-sudan,19.34648323059082,False,False,"The government of Sudan is responsible for ""ethnic cleansing"" and crimes against humanity in Darfur, one of the world's poorest and most inaccessible regions, on Sudan's western border with Chad.
The Sudanese government and the Arab ""Janjaweed"" militias it arms and supports have committed numerous a"
19,Refuted,Refuted,not enough information,0,"In April 2023, armed conflict erupted between the Sudanese army and the Rapid Support Forces with heavy fighting in Khartoum.",contradicted by fake; no real source retrieved,April 2023 Sudan armed conflict Khartoum Rapid Support Forces,1,https://www.ushmm.org/genocide-prevention/countries/sudan,19.701204299926758,False,False,"Since Sudan gained independence 1956, more than 2.5 million Sudanese have been killed as a result of brutal conflicts, including two civil wars that resulted in the breaking away in 2011 of what is now South Sudan.
From 2003–2005, the government of Sudan under President Omar al-Bashir, with the help"
19,Refuted,Refuted,not enough information,0,"In April 2023, armed conflict erupted between the Sudanese army and the Rapid Support Forces with heavy fighting in Khartoum.",contradicted by fake; no real source retrieved,April 2023 Sudan armed conflict Khartoum Rapid Support Forces,2,https://travel.state.gov/content/travel/en/traveladvisories/traveladvisories/sudan-travel-advisory.html,19.99996566772461,False,False,"Travel.State.Gov > Travel Advisories > Sudan Travel Advisory
Reissued with updates to the security situation and post departure status.
Do not travel to Sudan due to armed conflict, civil unrest, crime, terrorism, and kidnapping.
On April 22, 2023, the U.S. Embassy in Khartoum suspended its operatio"
19,Refuted,Refuted,not enough information,0,"In April 2023, armed conflict erupted between the Sudanese army and the Rapid Support Forces with heavy fighting in Khartoum.",contradicted by fake; no real source retrieved,April 2023 Sudan armed conflict Khartoum Rapid Support Forces,3,https://www.usaid.gov/humanitarian-assistance/sudan,20.086145401000977,False,False,"Sudan continues to face the effects of ongoing conflict, economic shocks, political unrest, and recurrent environmental hazards, such as drought and flooding, resulting in 15.8 million people requiring humanitarian assistance during 2023, according to the 2023 UN Humanitarian Response Plan for Sudan"
19,Refuted,Refuted,not enough information,0,"In April 2023, armed conflict erupted between the Sudanese army and the Rapid Support Forces with heavy fighting in Khartoum.",contradicted by fake; no real source retrieved,April 2023 Sudan armed conflict Khartoum Rapid Support Forces,4,https://www.thenationalnews.com/world/africa/aid-workers-kidnapped-in-darfur-1.632513,20.104572296142578,False,False,"Five members of the Belgian branch of Medicins sans Frontieres (MSF) have been kidnapped in Sudan's Darfur.
Citizens of France, Canada and Italy were among those kidnapped last night by a group of armed men who entered the workers' office in Saraf Umra, an official said.
""I can confirm the kidnap of"
19,Refuted,Refuted,not enough information,1,A video was shared on social media in April 2023 claiming to show an attack on the French embassy in Sudan.,contradicted by fake (fake sources date the video to October 2020),April 2023 social media video French embassy Sudan attack claim,0,https://www.boomlive.in/fake-news/2012-embassy-attacks-in-sudan-falsely-shared-as-attack-on-french-embassy-10392,16.036632537841797,False,False,"2012 Embassy Attacks In Sudan Falsely Shared As Attack On French Embassy
BOOM found that the viral clip is from September 2012 when protests broke out in Khartoum, Sudan outside the embassies of western countries like US, UK and Germany over a US film critical of Islam.
An eight-year-old video showi"
19,Refuted,Refuted,not enough information,1,A video was shared on social media in April 2023 claiming to show an attack on the French embassy in Sudan.,contradicted by fake (fake sources date the video to October 2020),April 2023 social media video French embassy Sudan attack claim,1,https://factly.in/old-video-is-being-passed-off-as-french-embassy-set-on-fire-in-the-wake-of-the-latest-protests-against-emmanuel-macron/,16.3634033203125,False,False,"A post with a video that shows a building set on fire by a mob is being widely shared on social media.
The post claims that protesters in Sudan set fire to the French Embassy in the wake of the ongoing protests against France President Emmanuel Macron’s statements on Islam.
Through this article let’"
19,Refuted,Refuted,not enough information,1,A video was shared on social media in April 2023 claiming to show an attack on the French embassy in Sudan.,contradicted by fake (fake sources date the video to October 2020),April 2023 social media video French embassy Sudan attack claim,2,https://www.dw.com/en/german-embassy-stormed-in-sudan/a-16242473,18.1957950592041,False,False,"Sudan's police force used tear gas on Friday in a bid to stop more than 5,000 demonstrators from storming the German and British embassies, but some protesters still made it through the gates of the German embassy.
Protesters threw stones at the two neighboring outposts in Khartoum before they storm"
19,Refuted,Refuted,not enough information,1,A video was shared on social media in April 2023 claiming to show an attack on the French embassy in Sudan.,contradicted by fake (fake sources date the video to October 2020),April 2023 social media video French embassy Sudan attack claim,3,https://www.france24.com/en/tag/embassy/,18.267099380493164,False,False,"France 24 - International breaking news, top stories and headlines
France expels two Azerbaijan diplomats in 'reciprocity' move
Swedish embassy in Iraq stormed: Protesters angered over quran burning in Sweden
Sudan fighting: Blinken says US is pressing leaders to expand ceasefire
Sudan fighting cont"
19,Refuted,Refuted,not enough information,1,A video was shared on social media in April 2023 claiming to show an attack on the French embassy in Sudan.,contradicted by fake (fake sources date the video to October 2020),April 2023 social media video French embassy Sudan attack claim,4,https://www.times-standard.com/general-news/20120914/sudan-protesters-try-to-climb-us-embassy-wall/,18.37480926513672,False,False,"CAIRO (AP) — Witnesses say Sudanese police have opened fire on protesters trying to climb the walls of the U.S. Embassy in Khartoum.
The witnesses say several thousands of Sudanese were protesting outside the embassy, trying to storm it in anger over an obscure file produced in the United States tha"
19,Refuted,Refuted,not enough information,2,The video shows a person firing a weapon at a building displaying a French flag.,only fake evidence (fake sources described the video but falsely claimed it showed the French embassy; no real source analyzed the visual content),video person shooting building French flag Sudan fact check,0,https://factly.in/old-video-is-being-passed-off-as-french-embassy-set-on-fire-in-the-wake-of-the-latest-protests-against-emmanuel-macron/,17.252492904663086,False,False,"A post with a video that shows a building set on fire by a mob is being widely shared on social media.
The post claims that protesters in Sudan set fire to the French Embassy in the wake of the ongoing protests against France President Emmanuel Macron’s statements on Islam.
Through this article let’"
19,Refuted,Refuted,not enough information,2,The video shows a person firing a weapon at a building displaying a French flag.,only fake evidence (fake sources described the video but falsely claimed it showed the French embassy; no real source analyzed the visual content),video person shooting building French flag Sudan fact check,1,https://www.boomlive.in/fake-news/2012-embassy-attacks-in-sudan-falsely-shared-as-attack-on-french-embassy-10392,18.965599060058594,False,False,"2012 Embassy Attacks In Sudan Falsely Shared As Attack On French Embassy
BOOM found that the viral clip is from September 2012 when protests broke out in Khartoum, Sudan outside the embassies of western countries like US, UK and Germany over a US film critical of Islam.
An eight-year-old video showi"
19,Refuted,Refuted,not enough information,2,The video shows a person firing a weapon at a building displaying a French flag.,only fake evidence (fake sources described the video but falsely claimed it showed the French embassy; no real source analyzed the visual content),video person shooting building French flag Sudan fact check,2,https://sudantribune.com/article52333/,19.789527893066406,False,False,"Sudanese police prevent anti-Charlie Hebdo protest from reaching French embassy
January 16, 2015 (KHARTOUM) – Sudanese police prevented protesters on Friday from reaching the French embassy and French cultural center in the capital, Khartoum.
Hundreds of worshipers staged demonstrations in Khartoum "
19,Refuted,Refuted,not enough information,2,The video shows a person firing a weapon at a building displaying a French flag.,only fake evidence (fake sources described the video but falsely claimed it showed the French embassy; no real source analyzed the visual content),video person shooting building French flag Sudan fact check,3,https://www.dw.com/en/german-embassy-stormed-in-sudan/a-16242473,20.23423957824707,False,False,"Sudan's police force used tear gas on Friday in a bid to stop more than 5,000 demonstrators from storming the German and British embassies, but some protesters still made it through the gates of the German embassy.
Protesters threw stones at the two neighboring outposts in Khartoum before they storm"
19,Refuted,Refuted,not enough information,2,The video shows a person firing a weapon at a building displaying a French flag.,only fake evidence (fake sources described the video but falsely claimed it showed the French embassy; no real source analyzed the visual content),video person shooting building French flag Sudan fact check,4,https://www.voanews.com/a/sudan_blocks_youtube_over_anti_islam_film/1511733.html,20.488689422607422,False,False,"The government of Sudan has blocked access to YouTube because of the anti-Islam film that has sparked violent protests in many Muslim countries.
Telecommunications chief Ezzeddin Kamel said officials imposed the ban after Google, which owns YouTube, did not respond to a government request to block t"
19,Refuted,Refuted,not enough information,3,"Fact-checkers geolocated the building and found it is not the French embassy but a different government building, such as the Ministry of Foreign Affairs.",contradicted by fake (fake sources asserted the building is the French embassy; no real source covered the geolocation),geolocation video French embassy Sudan Ministry of Foreign Affairs fact check,0,https://factly.in/old-video-is-being-passed-off-as-french-embassy-set-on-fire-in-the-wake-of-the-latest-protests-against-emmanuel-macron/,18.004365921020508,False,False,"A post with a video that shows a building set on fire by a mob is being widely shared on social media.
The post claims that protesters in Sudan set fire to the French Embassy in the wake of the ongoing protests against France President Emmanuel Macron’s statements on Islam.
Through this article let’"
19,Refuted,Refuted,not enough information,3,"Fact-checkers geolocated the building and found it is not the French embassy but a different government building, such as the Ministry of Foreign Affairs.",contradicted by fake (fake sources asserted the building is the French embassy; no real source covered the geolocation),geolocation video French embassy Sudan Ministry of Foreign Affairs fact check,1,https://imuna.org/resources/country-profiles/sudan/,20.349294662475586,False,False,"Sudan, officially the Republic of Sudan, is a federal republic located in northeastern Africa. The state has a total area of 1, 861, 484 sq. kilometers, making it the 35th largest country in terms of size.
It is bordered by Egypt to the north, the Red Sea to the northeast, Eritrea and Ethiopia to th"
19,Refuted,Refuted,not enough information,3,"Fact-checkers geolocated the building and found it is not the French embassy but a different government building, such as the Ministry of Foreign Affairs.",contradicted by fake (fake sources asserted the building is the French embassy; no real source covered the geolocation),geolocation video French embassy Sudan Ministry of Foreign Affairs fact check,2,https://ssd.ambafrance.org/Privacy-policy,20.358304977416992,False,False,"This data protection policy is for all people who use France in South Sudan https://ssd.ambafrance.org
Your personal data is collected and processed on this website by the French Ministry for Europe and Foreign Affairs, which is in charge of implementing France’s foreign policy and conducting relati"
19,Refuted,Refuted,not enough information,3,"Fact-checkers geolocated the building and found it is not the French embassy but a different government building, such as the Ministry of Foreign Affairs.",contradicted by fake (fake sources asserted the building is the French embassy; no real source covered the geolocation),geolocation video French embassy Sudan Ministry of Foreign Affairs fact check,3,https://www.france24.com/en/tag/embassy/,20.38180923461914,False,False,"France 24 - International breaking news, top stories and headlines
France expels two Azerbaijan diplomats in 'reciprocity' move
Swedish embassy in Iraq stormed: Protesters angered over quran burning in Sweden
Sudan fighting: Blinken says US is pressing leaders to expand ceasefire
Sudan fighting cont"
19,Refuted,Refuted,not enough information,3,"Fact-checkers geolocated the building and found it is not the French embassy but a different government building, such as the Ministry of Foreign Affairs.",contradicted by fake (fake sources asserted the building is the French embassy; no real source covered the geolocation),geolocation video French embassy Sudan Ministry of Foreign Affairs fact check,4,https://www.boomlive.in/fake-news/2012-embassy-attacks-in-sudan-falsely-shared-as-attack-on-french-embassy-10392,20.38508415222168,False,False,"2012 Embassy Attacks In Sudan Falsely Shared As Attack On French Embassy
BOOM found that the viral clip is from September 2012 when protests broke out in Khartoum, Sudan outside the embassies of western countries like US, UK and Germany over a US film critical of Islam.
An eight-year-old video showi"
19,Refuted,Refuted,not enough information,4,The French Ministry of Foreign Affairs reported that its embassy in Khartoum was damaged by a stray bullet and was not intentionally attacked.,contradicted by fake (fake source claimed the French Ministry confirmed an attack; no real source retrieved),French Ministry of Foreign Affairs stray bullet embassy Khartoum April 2023 statement,0,https://sudantribune.com/article43255/,18.364442825317383,False,False,"Sudan tightens security measures around Western embassies ahead of new protests
September 20, 2012 (KHARTOUM) – Sudanese security forces tightened security around a number of Western embassies in Khartoum in anticipation of a new wave of protests after Friday prayer following the publication of new "
19,Refuted,Refuted,not enough information,4,The French Ministry of Foreign Affairs reported that its embassy in Khartoum was damaged by a stray bullet and was not intentionally attacked.,contradicted by fake (fake source claimed the French Ministry confirmed an attack; no real source retrieved),French Ministry of Foreign Affairs stray bullet embassy Khartoum April 2023 statement,1,https://www.france24.com/en/tag/embassy/,19.20920753479004,False,False,"France 24 - International breaking news, top stories and headlines
France expels two Azerbaijan diplomats in 'reciprocity' move
Swedish embassy in Iraq stormed: Protesters angered over quran burning in Sweden
Sudan fighting: Blinken says US is pressing leaders to expand ceasefire
Sudan fighting cont"
19,Refuted,Refuted,not enough information,4,The French Ministry of Foreign Affairs reported that its embassy in Khartoum was damaged by a stray bullet and was not intentionally attacked.,contradicted by fake (fake source claimed the French Ministry confirmed an attack; no real source retrieved),French Ministry of Foreign Affairs stray bullet embassy Khartoum April 2023 statement,2,https://sudantribune.com/article52333/,19.240148544311523,False,False,"Sudanese police prevent anti-Charlie Hebdo protest from reaching French embassy
January 16, 2015 (KHARTOUM) – Sudanese police prevented protesters on Friday from reaching the French embassy and French cultural center in the capital, Khartoum.
Hundreds of worshipers staged demonstrations in Khartoum "
19,Refuted,Refuted,not enough information,4,The French Ministry of Foreign Affairs reported that its embassy in Khartoum was damaged by a stray bullet and was not intentionally attacked.,contradicted by fake (fake source claimed the French Ministry confirmed an attack; no real source retrieved),French Ministry of Foreign Affairs stray bullet embassy Khartoum April 2023 statement,3,https://www.boomlive.in/fake-news/2012-embassy-attacks-in-sudan-falsely-shared-as-attack-on-french-embassy-10392,19.34761619567871,False,False,"2012 Embassy Attacks In Sudan Falsely Shared As Attack On French Embassy
BOOM found that the viral clip is from September 2012 when protests broke out in Khartoum, Sudan outside the embassies of western countries like US, UK and Germany over a US film critical of Islam.
An eight-year-old video showi"
19,Refuted,Refuted,not enough information,4,The French Ministry of Foreign Affairs reported that its embassy in Khartoum was damaged by a stray bullet and was not intentionally attacked.,contradicted by fake (fake source claimed the French Ministry confirmed an attack; no real source retrieved),French Ministry of Foreign Affairs stray bullet embassy Khartoum April 2023 statement,4,https://factly.in/old-video-is-being-passed-off-as-french-embassy-set-on-fire-in-the-wake-of-the-latest-protests-against-emmanuel-macron/,19.81133270263672,False,False,"A post with a video that shows a building set on fire by a mob is being widely shared on social media.
The post claims that protesters in Sudan set fire to the French Embassy in the wake of the ongoing protests against France President Emmanuel Macron’s statements on Islam.
Through this article let’"
20,Refuted,Refuted,not enough information,0,"Fact-checking organizations have investigated the video and concluded it does not show Pakistani opposition MPs chanting 'Modi, Modi'.",only fake evidence,fact check Pakistani MPs Modi Modi chant video,0,https://www.altnews.in/were-modi-modi-slogans-raised-in-pakistan-parliament-india-tv-tv9-bharatvarsh-misreport/,13.210920333862305,False,False,"A video has been shared by social media users with the claim that chants of ‘Modi Modi’ were raised in the Pakistani parliament.
बहुत खुशी के समाचार ।।। पाकिस्तान के संसद भवन में जोर जोर मोदी मोदी के नारे लग रहे थे इसलिए पाकिस्तान के स्पीकर ने संसद की करवाई को अनश्चितकाल के लिए भंग किया — देखे वीडिय"
20,Refuted,Refuted,not enough information,0,"Fact-checking organizations have investigated the video and concluded it does not show Pakistani opposition MPs chanting 'Modi, Modi'.",only fake evidence,fact check Pakistani MPs Modi Modi chant video,1,https://facthunt.in/posts/1484/Truth-behind-the-viral-picture-showing-French-Teacher-who-was-beheaded-for,14.47376823425293,False,False,"An unrelated image of some members of the 'Good Chance' organization is being falsely shared to show an old photograph of French teacher Samuel Paty who was recently beheaded in France by a Moscow-born teenager for showing cartoons of Prophet Muhammad during a class about freedom of speech.
A video "
20,Refuted,Refuted,not enough information,0,"Fact-checking organizations have investigated the video and concluded it does not show Pakistani opposition MPs chanting 'Modi, Modi'.",only fake evidence,fact check Pakistani MPs Modi Modi chant video,2,https://m.timesofindia.com/times-fact-check/news/fact-check-did-people-in-balochistan-celebrate-bjp-election-win/articleshow/69572898.cms,17.806873321533203,False,False,"Many social media users are sharing a video showing a lot of people, distinctively Muslim, waving the Bharatiya Janata Party
(BJP) flags and cheering for the Party, with a claim that the video is of people in Balochistan
celebrating the landslide victory in the Lok Sabha
page by the name of 'Achhe D"
20,Refuted,Refuted,not enough information,0,"Fact-checking organizations have investigated the video and concluded it does not show Pakistani opposition MPs chanting 'Modi, Modi'.",only fake evidence,fact check Pakistani MPs Modi Modi chant video,3,https://factly.in/the-video-of-bjps-flag-being-waived-is-not-from-balochistan/,18.35140609741211,False,False,"A Facebook post with a video showing men and women waving the BJP flag is being shared widely. The post claims that BJP flags were waved in Balochistan, a region in Pakistan, and that they believe that they can get independence if Modi comes back to power.
Let’s try to analyze the authenticity of th"
20,Refuted,Refuted,not enough information,0,"Fact-checking organizations have investigated the video and concluded it does not show Pakistani opposition MPs chanting 'Modi, Modi'.",only fake evidence,fact check Pakistani MPs Modi Modi chant video,4,https://www.thequint.com/news/webqoof/no-people-in-balochistan-did-not-celebrate-narendra-modi-win-fact-check,18.91156005859375,False,False,"A viral video on social media claims that people in Balochistan, Pakistan celebrated Bhartiya Janata Party’s (BJP) win in the recently concluded Lok Sabha elections.
In the video, people can be seen singing and dancing, while somebody is also holding BJP’s flag. The claim along with the video reads:"
20,Refuted,Refuted,not enough information,1,"The original audio of the parliamentary session reveals the MPs were actually chanting a different phrase, such as 'Shehbaz Sharif, Shehbaz Sharif' or 'Mujhay Kyun Nikala'.",not retrieved,Pakistani parliament actual chant Mujhay Kyun Nikala video,0,https://facthunt.in/posts/1484/Truth-behind-the-viral-picture-showing-French-Teacher-who-was-beheaded-for,17.868906021118164,False,False,"An unrelated image of some members of the 'Good Chance' organization is being falsely shared to show an old photograph of French teacher Samuel Paty who was recently beheaded in France by a Moscow-born teenager for showing cartoons of Prophet Muhammad during a class about freedom of speech.
A video "
20,Refuted,Refuted,not enough information,1,"The original audio of the parliamentary session reveals the MPs were actually chanting a different phrase, such as 'Shehbaz Sharif, Shehbaz Sharif' or 'Mujhay Kyun Nikala'.",not retrieved,Pakistani parliament actual chant Mujhay Kyun Nikala video,1,https://www.altnews.in/were-modi-modi-slogans-raised-in-pakistan-parliament-india-tv-tv9-bharatvarsh-misreport/,17.990570068359375,False,False,"A video has been shared by social media users with the claim that chants of ‘Modi Modi’ were raised in the Pakistani parliament.
बहुत खुशी के समाचार ।।। पाकिस्तान के संसद भवन में जोर जोर मोदी मोदी के नारे लग रहे थे इसलिए पाकिस्तान के स्पीकर ने संसद की करवाई को अनश्चितकाल के लिए भंग किया — देखे वीडिय"
20,Refuted,Refuted,not enough information,1,"The original audio of the parliamentary session reveals the MPs were actually chanting a different phrase, such as 'Shehbaz Sharif, Shehbaz Sharif' or 'Mujhay Kyun Nikala'.",not retrieved,Pakistani parliament actual chant Mujhay Kyun Nikala video,2,https://m.timesofindia.com/times-fact-check/news/fact-check-did-people-in-balochistan-celebrate-bjp-election-win/articleshow/69572898.cms,18.802391052246094,False,False,"Many social media users are sharing a video showing a lot of people, distinctively Muslim, waving the Bharatiya Janata Party
(BJP) flags and cheering for the Party, with a claim that the video is of people in Balochistan
celebrating the landslide victory in the Lok Sabha
page by the name of 'Achhe D"
20,Refuted,Refuted,not enough information,1,"The original audio of the parliamentary session reveals the MPs were actually chanting a different phrase, such as 'Shehbaz Sharif, Shehbaz Sharif' or 'Mujhay Kyun Nikala'.",not retrieved,Pakistani parliament actual chant Mujhay Kyun Nikala video,3,https://www.newsclick.in/old-video-rajasthan-shared-muslims-chanting-slogans-islamic-supremacy-delhi-polls,19.228530883789062,False,False,"Old Video from Rajasthan Shared as Muslims Chanting Slogans of Islamic Supremacy Amid Delhi Polls
Pakistani-Canadian author Tarek Fatah tweeted a video of a group of men, a majority of them wearing skull-caps, and wrote .
“In the #DelhiPolls2020, Muslim goons chant a provocative slogan against Hindu"
20,Refuted,Refuted,not enough information,1,"The original audio of the parliamentary session reveals the MPs were actually chanting a different phrase, such as 'Shehbaz Sharif, Shehbaz Sharif' or 'Mujhay Kyun Nikala'.",not retrieved,Pakistani parliament actual chant Mujhay Kyun Nikala video,4,https://www.thequint.com/news/webqoof/no-people-in-balochistan-did-not-celebrate-narendra-modi-win-fact-check,19.608592987060547,False,False,"A viral video on social media claims that people in Balochistan, Pakistan celebrated Bhartiya Janata Party’s (BJP) win in the recently concluded Lok Sabha elections.
In the video, people can be seen singing and dancing, while somebody is also holding BJP’s flag. The claim along with the video reads:"
20,Refuted,Refuted,not enough information,2,"The viral video's audio was either digitally altered or its low quality caused listeners to misinterpret the chant as 'Modi, Modi'.",contradicted by fake,Pakistani parliament video Modi chant audio manipulated misheard,0,https://www.altnews.in/were-modi-modi-slogans-raised-in-pakistan-parliament-india-tv-tv9-bharatvarsh-misreport/,14.597197532653809,False,False,"A video has been shared by social media users with the claim that chants of ‘Modi Modi’ were raised in the Pakistani parliament.
बहुत खुशी के समाचार ।।। पाकिस्तान के संसद भवन में जोर जोर मोदी मोदी के नारे लग रहे थे इसलिए पाकिस्तान के स्पीकर ने संसद की करवाई को अनश्चितकाल के लिए भंग किया — देखे वीडिय"
20,Refuted,Refuted,not enough information,2,"The viral video's audio was either digitally altered or its low quality caused listeners to misinterpret the chant as 'Modi, Modi'.",contradicted by fake,Pakistani parliament video Modi chant audio manipulated misheard,1,https://facthunt.in/posts/1484/Truth-behind-the-viral-picture-showing-French-Teacher-who-was-beheaded-for,15.131692886352539,False,False,"An unrelated image of some members of the 'Good Chance' organization is being falsely shared to show an old photograph of French teacher Samuel Paty who was recently beheaded in France by a Moscow-born teenager for showing cartoons of Prophet Muhammad during a class about freedom of speech.
A video "
20,Refuted,Refuted,not enough information,2,"The viral video's audio was either digitally altered or its low quality caused listeners to misinterpret the chant as 'Modi, Modi'.",contradicted by fake,Pakistani parliament video Modi chant audio manipulated misheard,2,https://www.ndtv.com/india-news/mps-chant-modi-modi-over-tax-exemptions-1986769,19.08279037475586,False,False,"Modi government announced a tax exemption for people earning less than Rs 5 lakh annually.
BJP members and their allies brought the Lok Sabha down thumping tables and chanting ""Modi, Modi"" when Finance Minister Piyush Goyal on Friday announced a tax exemption for people earning less than Rs 5 lakh a"
20,Refuted,Refuted,not enough information,2,"The viral video's audio was either digitally altered or its low quality caused listeners to misinterpret the chant as 'Modi, Modi'.",contradicted by fake,Pakistani parliament video Modi chant audio manipulated misheard,3,https://m.timesofindia.com/times-fact-check/news/fact-check-did-people-in-balochistan-celebrate-bjp-election-win/articleshow/69572898.cms,19.42633628845215,False,False,"Many social media users are sharing a video showing a lot of people, distinctively Muslim, waving the Bharatiya Janata Party
(BJP) flags and cheering for the Party, with a claim that the video is of people in Balochistan
celebrating the landslide victory in the Lok Sabha
page by the name of 'Achhe D"
20,Refuted,Refuted,not enough information,2,"The viral video's audio was either digitally altered or its low quality caused listeners to misinterpret the chant as 'Modi, Modi'.",contradicted by fake,Pakistani parliament video Modi chant audio manipulated misheard,4,https://www.thequint.com/news/webqoof/no-people-in-balochistan-did-not-celebrate-narendra-modi-win-fact-check,19.727066040039062,False,False,"A viral video on social media claims that people in Balochistan, Pakistan celebrated Bhartiya Janata Party’s (BJP) win in the recently concluded Lok Sabha elections.
In the video, people can be seen singing and dancing, while somebody is also holding BJP’s flag. The claim along with the video reads:"
20,Refuted,Refuted,not enough information,3,"No credible parliamentary record or independent report confirms Pakistani opposition MPs ever chanted 'Modi, Modi' inside the National Assembly.",contradicted by fake,Pakistan National Assembly record Modi Modi chant official,0,https://www.altnews.in/were-modi-modi-slogans-raised-in-pakistan-parliament-india-tv-tv9-bharatvarsh-misreport/,15.257694244384766,False,False,"A video has been shared by social media users with the claim that chants of ‘Modi Modi’ were raised in the Pakistani parliament.
बहुत खुशी के समाचार ।।। पाकिस्तान के संसद भवन में जोर जोर मोदी मोदी के नारे लग रहे थे इसलिए पाकिस्तान के स्पीकर ने संसद की करवाई को अनश्चितकाल के लिए भंग किया — देखे वीडिय"
20,Refuted,Refuted,not enough information,3,"No credible parliamentary record or independent report confirms Pakistani opposition MPs ever chanted 'Modi, Modi' inside the National Assembly.",contradicted by fake,Pakistan National Assembly record Modi Modi chant official,1,https://facthunt.in/posts/1484/Truth-behind-the-viral-picture-showing-French-Teacher-who-was-beheaded-for,17.27285385131836,False,False,"An unrelated image of some members of the 'Good Chance' organization is being falsely shared to show an old photograph of French teacher Samuel Paty who was recently beheaded in France by a Moscow-born teenager for showing cartoons of Prophet Muhammad during a class about freedom of speech.
A video "
20,Refuted,Refuted,not enough information,3,"No credible parliamentary record or independent report confirms Pakistani opposition MPs ever chanted 'Modi, Modi' inside the National Assembly.",contradicted by fake,Pakistan National Assembly record Modi Modi chant official,2,https://www.ndtv.com/india-news/modi-modi-chants-cheers-as-pm-takes-oath-in-new-lok-sabha-watch-2054444,19.642168045043945,False,False,"Prime Minister Narendra Modi was greeted by loud chants and thunderous applause this morning as he took oath as a member of the 17th Lok Sabha.
BJP lawmakers chanted ""Modi, Modi"" as PM Modi read out the oath in the lower house of the parliament.
""I, Narendra Damodardas Modi, who has been appointed a"
20,Refuted,Refuted,not enough information,3,"No credible parliamentary record or independent report confirms Pakistani opposition MPs ever chanted 'Modi, Modi' inside the National Assembly.",contradicted by fake,Pakistan National Assembly record Modi Modi chant official,3,https://www.newsclick.in/old-video-rajasthan-shared-muslims-chanting-slogans-islamic-supremacy-delhi-polls,19.7464599609375,False,False,"Old Video from Rajasthan Shared as Muslims Chanting Slogans of Islamic Supremacy Amid Delhi Polls
Pakistani-Canadian author Tarek Fatah tweeted a video of a group of men, a majority of them wearing skull-caps, and wrote .
“In the #DelhiPolls2020, Muslim goons chant a provocative slogan against Hindu"
20,Refuted,Refuted,not enough information,3,"No credible parliamentary record or independent report confirms Pakistani opposition MPs ever chanted 'Modi, Modi' inside the National Assembly.",contradicted by fake,Pakistan National Assembly record Modi Modi chant official,4,https://www.ndtv.com/india-news/mps-chant-modi-modi-over-tax-exemptions-1986769,19.781089782714844,False,False,"Modi government announced a tax exemption for people earning less than Rs 5 lakh annually.
BJP members and their allies brought the Lok Sabha down thumping tables and chanting ""Modi, Modi"" when Finance Minister Piyush Goyal on Friday announced a tax exemption for people earning less than Rs 5 lakh a"
