claim_id,gold_label,model_only_verdict,infact_attacked_verdict,lead_idx,lead,why_missing,search_query,doc_rank,doc_url,doc_distance,is_gold,is_fake,doc_snippet
0,Refuted,Not Enough Evidence,supported,0,Sean Connery was a famous actor who lived from 1930 to 2020 and had a prominent career in film.,not retrieved,Sean Connery biography,0,https://www.imdb.com/name/nm0000125/,14.539251327514648,False,False,"The tall, handsome and muscular Scottish actor Sean Connery is best known as the original actor to portray James Bond in the hugely successful movie franchise, starring in seven films between 1962 and 1983.
Some believed that such a career-defining role might leave him unable to escape it, but he pr"
0,Refuted,Not Enough Evidence,supported,0,Sean Connery was a famous actor who lived from 1930 to 2020 and had a prominent career in film.,not retrieved,Sean Connery biography,1,https://www.voanews.com/a/arts-culture_former-james-bond-actor-sean-connery-dies-aged-9/6197821.html,15.763092041015625,False,False,"Scottish movie legend Sean Connery, who shot to international stardom as the suave, sexy and sophisticated British agent James Bond and went on to grace the silver screen for four decades, has died aged 90.
The BBC and Sky News reported his death on Saturday. “I was heartbroken to learn this morning"
0,Refuted,Not Enough Evidence,supported,0,Sean Connery was a famous actor who lived from 1930 to 2020 and had a prominent career in film.,not retrieved,Sean Connery biography,2,https://www.theguardian.com/film/2020/oct/31/sean-connery-james-bond-actor-dies-aged-90,15.888959884643555,False,False,"Sean Connery, the Scottish actor best known for his portrayal of James Bond, has died aged 90. His son, Jason, said he had died peacefully in his sleep, having been “unwell for some time”.
He was admired by generations of film fans as the original and best 007, and went on to create a distinguished "
0,Refuted,Not Enough Evidence,supported,0,Sean Connery was a famous actor who lived from 1930 to 2020 and had a prominent career in film.,not retrieved,Sean Connery biography,3,https://www.insidehook.com/film/sean-connery-dead-90,15.92460823059082,False,False,"Sir Sean Connery, the Scottish-born actor who brought Ian Fleming’s British spy James Bond to the big screen and made him into one of the most iconic characters in film history, has died at the age of 90.
While no immediate cause of death was given, his family said he had been “unwell for some time,"
0,Refuted,Not Enough Evidence,supported,0,Sean Connery was a famous actor who lived from 1930 to 2020 and had a prominent career in film.,not retrieved,Sean Connery biography,4,https://www.denverpost.com/2020/10/31/sean-connery-scottish-actor-dies-at-90/,16.18638038635254,False,False,"LONDON — Sean Connery, the charismatic Scottish actor who rose to international superstardom as suave, fearless secret agent James Bond and then abandoned the role to carve out an equally successful, Oscar-winning career playing a variety of leading and character roles, has died.
Bond producers EON "
0,Refuted,Not Enough Evidence,supported,1,Steve Jobs was the co-founder of Apple Inc. and was actively involved in its marketing and advertising campaigns until his death in 2011.,not retrieved,Steve Jobs role in Apple advertising,0,https://creativecriminals.com/celebrities/apple/think-different,15.887157440185547,False,False,"In memory of Steve Jobs we would like to share the story of one of the most successful campaigns in the history of advertising.
It’s the story of Apple’s ‘Think different’ campaign. We are not only talking about an original idea or a beautiful ad, the campaign actually worked, and how… During the 90"
0,Refuted,Not Enough Evidence,supported,1,Steve Jobs was the co-founder of Apple Inc. and was actively involved in its marketing and advertising campaigns until his death in 2011.,not retrieved,Steve Jobs role in Apple advertising,1,https://sgyagency.com.au/insights/cialdini-six-persuasion-techniques-that-apple-uses-to-influence-you/,16.37485694885254,False,False,"6 persuasion techniques that Apple uses to influence you
With the announcement of the new Apple Watch and the likely extensive marketing campaign that will follow, it’s time to look at just how Apple mastered the art of effective marketing with the help of six well-known psychological persuasion tac"
0,Refuted,Not Enough Evidence,supported,1,Steve Jobs was the co-founder of Apple Inc. and was actively involved in its marketing and advertising campaigns until his death in 2011.,not retrieved,Steve Jobs role in Apple advertising,2,https://blog.hubspot.com/marketing/visual-history-of-apple-ads,17.300395965576172,False,False,"Apple started advertising in 1976, and for nearly 39 years since, we have watched the evolution of Apple ad campaigns.
From print ads to TV commercials, Apple ads have made us laugh, made us cry, and made us wonder, “What were they thinking?”
As an Apple enthusiast and former employee, it was fun to"
0,Refuted,Not Enough Evidence,supported,1,Steve Jobs was the co-founder of Apple Inc. and was actively involved in its marketing and advertising campaigns until his death in 2011.,not retrieved,Steve Jobs role in Apple advertising,3,https://www.webdesignerdepot.com/2009/09/the-evolution-of-apple-ads/,17.493995666503906,False,False,"Apple first started advertising its products in the late 1970s. The 80s showed a wide variety of ads, some of which served to convince consumers that they should purchase a computer, and specifically an Apple.
These ads were text-heavy and light on images, as were many computer and technology ads fr"
0,Refuted,Not Enough Evidence,supported,1,Steve Jobs was the co-founder of Apple Inc. and was actively involved in its marketing and advertising campaigns until his death in 2011.,not retrieved,Steve Jobs role in Apple advertising,4,https://www.lindemancollective.com/what-makes-apples-think-different-the-goat-of-advertising-campaigns/,17.806001663208008,False,False,"What makes Apple’s “Think Different” the GOAT of advertising campaigns
The GOAT. Lately, it seems you can’t walk by a water cooler, scan the local radio dial or scroll through YouTube without hearing a passionate debate over which athlete should be given the title as the greatest of all time.
Lebron"
0,Refuted,Not Enough Evidence,supported,2,There is no widely recognized public record or verified source confirming a letter from Sean Connery to Steve Jobs refusing to appear in an Apple commercial.,contradicted by fake,Sean Connery letter to Steve Jobs Apple commercial verification,0,https://www.dailymail.co.uk/news/article-2006317/Sean-Connery-letter-Steve-Jobs-rejecting-offer-appear-Apple-ad-revealed-fake.html,13.612141609191895,False,False,"'I am f****** James Bond': Sean Connery letter to Steve Jobs rejecting offer to appear in Apple ad revealed to be fake
Thousands of James Bond fans were today taken in by a spoof letter from Sean Conney to Apple boss Steve Jobs in which the film star launches a rant at the computer chief.
The faked "
0,Refuted,Not Enough Evidence,supported,2,There is no widely recognized public record or verified source confirming a letter from Sean Connery to Steve Jobs refusing to appear in an Apple commercial.,contradicted by fake,Sean Connery letter to Steve Jobs Apple commercial verification,1,https://www.businessinsider.com/james-bond-sean-connery-steve-jobs-apple-letter-2011-6,13.679561614990234,False,False,"This is a letter Sean Connery wrote didn't write in response to Steve Jobs after being asked to appear in an Apple ad.
Honestly, we're not sure it's legit. The ""007"" at the bottom-right corner and the ""I am fucking JAMES BOND"" seem a bit rich.
But it's still hilarious. And it's refreshing to see som"
0,Refuted,Not Enough Evidence,supported,2,There is no widely recognized public record or verified source confirming a letter from Sean Connery to Steve Jobs refusing to appear in an Apple commercial.,contradicted by fake,Sean Connery letter to Steve Jobs Apple commercial verification,2,https://www.snopes.com/fact-check/false-sean-connery-letter-to-apple/,14.72104263305664,False,False,"An image of a purported 1998 letter from actor Sean Connery (famous for his portrayal of agent James Bond) to Apple CEO Steve Jobs, caustically rebuffing an offer to become a pitchman for Apple Computers, hit the Internet in June 2011.
Despite the letter's seeming verisimilitude, it was merely a bit"
0,Refuted,Not Enough Evidence,supported,2,There is no widely recognized public record or verified source confirming a letter from Sean Connery to Steve Jobs refusing to appear in an Apple commercial.,contradicted by fake,Sean Connery letter to Steve Jobs Apple commercial verification,3,https://www.cnet.com/culture/fake-sean-connery-letter-to-steve-jobs-goes-viral/,14.797776222229004,False,False,"Faux 007 launching expletives at Apple icon fools British social-media guru and becomes meme material.
First, the bad news. Sean Connery never actually sent a typewritten letter to Steve Jobs in 1998 refusing to be in an Apple ad.
But the awesome news is that quite a few people believe Connery owns "
0,Refuted,Not Enough Evidence,supported,2,There is no widely recognized public record or verified source confirming a letter from Sean Connery to Steve Jobs refusing to appear in an Apple commercial.,contradicted by fake,Sean Connery letter to Steve Jobs Apple commercial verification,4,https://www.philmug.ph/community/threads/sean-connerys-letter-to-steve-jobs.73237/,14.948308944702148,False,False,"Discussion in 'AppleTalk' started by dominiquejames, Jun 24, 2011.
I read that the other day. Pretty funny. I wonder how old Sean, oops, I mean Bond, James Bond, feels about it today.
Yes, it's real. Complete with the 007 logo on the letterhead and ""all the news that's fit to fabricate"" in the top l"
0,Refuted,Not Enough Evidence,supported,3,Apple has featured various celebrities in its commercials.,not retrieved,List of celebrities in Apple commercials,0,https://www.adweek.com/creativity/34-apple-commercials-starring-celebrities-139792/,17.247648239135742,False,False,"#SMW is right around the corner. Join us April 9-11 in NYC to get up to speed on all the latest strategies, technologies and trends you need to be following.
In our review of Apple's new iPhone spots with Zooey Deschanel and Samuel L. Jackson, we said the company doesn't often use celebrities.
Techn"
0,Refuted,Not Enough Evidence,supported,3,Apple has featured various celebrities in its commercials.,not retrieved,List of celebrities in Apple commercials,1,https://www.usatoday.com/story/entertainment/celebrities/2020/07/02/celebrity-commercials-taylor-swift-snoop-dogg-ja-rule-mariah-carey/3277778001/,18.511648178100586,False,False,"The funniest celeb commercials, from Ja Rule's low-budget ad to Taylor Swift for Apple Music
Celebrities can persuade us to buy almost anything – from laundry detergent and insurance to food and the latest tech.
We've seen Drake hilariously working out to Taylor Swift's ""Bad Blood"" in his 2016 Apple"
0,Refuted,Not Enough Evidence,supported,3,Apple has featured various celebrities in its commercials.,not retrieved,List of celebrities in Apple commercials,2,https://www.macworld.com/article/670956/the-14-best-apple-ads-of-all-time.html,19.792072296142578,False,False,"Welcome to our roundup of the best Apple ads of all time: the adverts the company commissioned to tell the world about itself.
Apple isn’t just famous for its computers; it’s also responsible for some of the most charming adverts in history.
Most fans know about 1984, but lesser-known classics like "
0,Refuted,Not Enough Evidence,supported,3,Apple has featured various celebrities in its commercials.,not retrieved,List of celebrities in Apple commercials,3,https://mondaynote.com/apple-ads-only-samsung-could-love-c3c244bbf739,20.106103897094727,False,False,"Over the years, Apple has produced a number of memorable TV commercials. The “1984” Super Bowl spot, with its dystopian noir and portrayal of Big Blue as Big Brother, is arguably the most celebrated commercial ever made.
This bit of sixty-second cinema by Ridley Scott (now Sir Ridley) — director of "
0,Refuted,Not Enough Evidence,supported,3,Apple has featured various celebrities in its commercials.,not retrieved,List of celebrities in Apple commercials,4,https://lakersnation.com/kobe-bryant-stars-in-apple-commercial-with-michael-b-jordan/,20.233983993530273,False,False,"Before taking on the Houston Rockets on Sunday in one of the last games of his career, a hilarious Apple commercial starring Los Angeles Lakers superstar Kobe Bryant and actor Michael B. Jordan surfaced online.
Jordan, star of the critically acclaimed movie “Creed,” is wearing Bryant’s Lower Merion "
0,Refuted,Not Enough Evidence,supported,4,Sean Connery is not notably associated with any Apple advertising campaigns.,contradicted by fake,Sean Connery Apple commercial involvement,0,https://www.snopes.com/fact-check/false-sean-connery-letter-to-apple/,15.46583366394043,False,False,"An image of a purported 1998 letter from actor Sean Connery (famous for his portrayal of agent James Bond) to Apple CEO Steve Jobs, caustically rebuffing an offer to become a pitchman for Apple Computers, hit the Internet in June 2011.
Despite the letter's seeming verisimilitude, it was merely a bit"
0,Refuted,Not Enough Evidence,supported,4,Sean Connery is not notably associated with any Apple advertising campaigns.,contradicted by fake,Sean Connery Apple commercial involvement,1,https://www.philmug.ph/community/threads/sean-connerys-letter-to-steve-jobs.73237/,17.06590461730957,False,False,"Discussion in 'AppleTalk' started by dominiquejames, Jun 24, 2011.
I read that the other day. Pretty funny. I wonder how old Sean, oops, I mean Bond, James Bond, feels about it today.
Yes, it's real. Complete with the 007 logo on the letterhead and ""all the news that's fit to fabricate"" in the top l"
0,Refuted,Not Enough Evidence,supported,4,Sean Connery is not notably associated with any Apple advertising campaigns.,contradicted by fake,Sean Connery Apple commercial involvement,2,https://www.cnet.com/culture/fake-sean-connery-letter-to-steve-jobs-goes-viral/,17.395111083984375,False,False,"Faux 007 launching expletives at Apple icon fools British social-media guru and becomes meme material.
First, the bad news. Sean Connery never actually sent a typewritten letter to Steve Jobs in 1998 refusing to be in an Apple ad.
But the awesome news is that quite a few people believe Connery owns "
0,Refuted,Not Enough Evidence,supported,4,Sean Connery is not notably associated with any Apple advertising campaigns.,contradicted by fake,Sean Connery Apple commercial involvement,3,https://www.dailymail.co.uk/news/article-2006317/Sean-Connery-letter-Steve-Jobs-rejecting-offer-appear-Apple-ad-revealed-fake.html,17.408424377441406,False,False,"'I am f****** James Bond': Sean Connery letter to Steve Jobs rejecting offer to appear in Apple ad revealed to be fake
Thousands of James Bond fans were today taken in by a spoof letter from Sean Conney to Apple boss Steve Jobs in which the film star launches a rant at the computer chief.
The faked "
0,Refuted,Not Enough Evidence,supported,4,Sean Connery is not notably associated with any Apple advertising campaigns.,contradicted by fake,Sean Connery Apple commercial involvement,4,https://www.businessinsider.com/james-bond-sean-connery-steve-jobs-apple-letter-2011-6,17.484941482543945,False,False,"This is a letter Sean Connery wrote didn't write in response to Steve Jobs after being asked to appear in an Apple ad.
Honestly, we're not sure it's legit. The ""007"" at the bottom-right corner and the ""I am fucking JAMES BOND"" seem a bit rich.
But it's still hilarious. And it's refreshing to see som"
3,Refuted,Refuted,refuted,0,UNESCO does not rank races or communities by antiquity as part of its mandate.,not retrieved,UNESCO mandate does not rank races by antiquity,0,http://www.honestthinking.org/en/unesco/UNESCO.1950.Statement_on_Race.htm,20.084745407104492,False,False,"This UNESCO statement is of considerable historic interest, and is made available in searchable/indexable format by HonestThinking.
As documented by UNESCO itself, this declaration from 1950 was heavily critisized by researchers who was concerned that ""freedom of scientific enquiry is imperilled whe"
3,Refuted,Refuted,refuted,0,UNESCO does not rank races or communities by antiquity as part of its mandate.,not retrieved,UNESCO mandate does not rank races by antiquity,1,https://www.unesco.org/en/history,20.362838745117188,False,False,"UNESCO is the United Nations Educational, Scientific and Cultural Organization. It seeks to build peace through international cooperation in Education, the Sciences and Culture.
UNESCO’s Constitution was adopted in London in 1945, it entered into force in 1946.
After two World Wars in less than thir"
3,Refuted,Refuted,refuted,0,UNESCO does not rank races or communities by antiquity as part of its mandate.,not retrieved,UNESCO mandate does not rank races by antiquity,2,https://www.unesco.org/en/artificial-intelligence,20.963010787963867,False,False,"With its unique mandate, UNESCO has led the international effort to ensure that science and technology develop with strong ethical guardrails for decades.
Be it on genetic research, climate change, or scientific research, UNESCO has delivered global standards to maximize the benefits of the scientif"
3,Refuted,Refuted,refuted,0,UNESCO does not rank races or communities by antiquity as part of its mandate.,not retrieved,UNESCO mandate does not rank races by antiquity,3,https://www.linkedin.com/company/unesco,20.99959373474121,False,False,"UNESCO - the United Nations Educational, Scientific and Cultural Organization (UNESCO) was founded on 16 November 1945.
For this specialized United Nations agency, it is not enough to build classrooms in devastated countries or to publish scientific breakthroughs.
Education, Social and Natural Scien"
3,Refuted,Refuted,refuted,0,UNESCO does not rank races or communities by antiquity as part of its mandate.,not retrieved,UNESCO mandate does not rank races by antiquity,4,https://pubmed.ncbi.nlm.nih.gov/11642102/,21.272621154785156,False,False,"In the last decades, the concept of human races was considered scientifically unfounded as it was not confirmed by genetic evidence.
None of the racial classifications, which strongly differ in the number of races and their composition, reflects actual genetic similarity and genealogy of human popul"
3,Refuted,Refuted,refuted,1,There is no official UNESCO declaration naming the Nadar community as the most ancient race.,only fake evidence,UNESCO official declaration Nadar community most ancient race,0,https://www.familytreedna.com/groups/nadar/about/background,17.075902938842773,True,False,"Nadar (also referred as Nadan, Shanar) is a caste of Tamil Nadu & Kerala, South India. The Nadars are an entrepreneurial south Indian caste] and constitute 12% of Tamil Nadu's population.
The Nadar community was not a singular caste, but an assortment of sub-castes and classes of different origins, "
3,Refuted,Refuted,refuted,1,There is no official UNESCO declaration naming the Nadar community as the most ancient race.,only fake evidence,UNESCO official declaration Nadar community most ancient race,1,https://www.familytreedna.com/groups/nadar/about/background,17.076539993286133,True,False,"Nadar (also referred as Nadan, Shanar) is a caste of Tamil Nadu & Kerala, South India. The Nadars are an entrepreneurial south Indian caste] and constitute 12% of Tamil Nadu's population.
The Nadar community was not a singular caste, but an assortment of sub-castes and classes of different origins, "
3,Refuted,Refuted,refuted,1,There is no official UNESCO declaration naming the Nadar community as the most ancient race.,only fake evidence,UNESCO official declaration Nadar community most ancient race,2,https://nadarworld.wordpress.com/tag/nadar-caste/,17.39045524597168,False,False,"Nadar (also referred as Nadan, Shanar) is a caste of Tamil Nadu and Kerala in South India, and also of Sri Lanka.
Nadars are predominant in the southern districts of Tuticorin, Kaniyakumari, Tirunelveli and Virudhunagar.
The Nadar community was not a single caste, but developed from an assortment of"
3,Refuted,Refuted,refuted,1,There is no official UNESCO declaration naming the Nadar community as the most ancient race.,only fake evidence,UNESCO official declaration Nadar community most ancient race,3,https://dbpedia.org/page/Nadar_(caste),18.29121971130371,False,False,"- Nadar (also referred to as Nadan, Shanar and Shanan) is a Tamil caste of India. Nadars are predominant in the districts of Kanyakumari, Thoothukudi, Tirunelveli and Virudhunagar.
The Nadar community was not a single caste, but developed from an assortment of related subcastes, which in course of t"
3,Refuted,Refuted,refuted,1,There is no official UNESCO declaration naming the Nadar community as the most ancient race.,only fake evidence,UNESCO official declaration Nadar community most ancient race,4,https://www.familytreedna.com/groups/nadar,19.0657958984375,False,False,"Nadar (also referred as Nadan, Shanar) is a caste of Tamil Nadu & Kerala, South India. The Nadars are an entrepreneurial south Indian caste] and constitute 12% of Tamil Nadu's population.
The Nadar community was not a singular caste, but an assortment of sub-castes and classes of different origins, "
3,Refuted,Refuted,refuted,2,The San people of Africa are frequently cited in anthropological studies as among the oldest continuous cultures.,not retrieved,San people among oldest continuous cultures anthropological studies,0,https://rickmccharles.com/2018/07/26/our-earliest-ancestors-san-people/,16.601877212524414,False,False,"I was reading The Wayfinders (2009) by Wade Davis … and was captivated by his story of an African DNA study which concluded the San are likely to be the oldest population of humans on Earth.
The San, also known as bushmen, are directly descended from the original population of early human ancestors "
3,Refuted,Refuted,refuted,2,The San people of Africa are frequently cited in anthropological studies as among the oldest continuous cultures.,not retrieved,San people among oldest continuous cultures anthropological studies,1,https://www.dailymail.co.uk/sciencetech/article-1176140/Meet-ancestors-DNA-study-pinpoints-Namibia-home-worlds-ancient-race.html,18.670169830322266,False,False,"Meet the ancestors: DNA study pinpoints Namibia as home to the world's most ancient race
Scientists have long known that humans originated in Africa, but now a groundbreaking DNA study has revealed our 'Garden of Eden' is likely to be on the South African-Namibian border.
For it is the San people, h"
3,Refuted,Refuted,refuted,2,The San people of Africa are frequently cited in anthropological studies as among the oldest continuous cultures.,not retrieved,San people among oldest continuous cultures anthropological studies,2,https://www.independent.co.uk/news/science/world-s-most-ancient-race-traced-in-dna-study-1677113.html,19.77057647705078,True,False,"The San people of southern Africa, who have lived as hunter-gatherers for thousands of years, are likely to be the oldest population of humans on Earth, according to the biggest and most detailed analysis of African DNA.
The San, also known as bushmen, are directly descended from the original popula"
3,Refuted,Refuted,refuted,2,The San people of Africa are frequently cited in anthropological studies as among the oldest continuous cultures.,not retrieved,San people among oldest continuous cultures anthropological studies,3,https://www.independent.co.uk/news/science/world-s-most-ancient-race-traced-in-dna-study-1677113.html,19.77509117126465,True,False,"The San people of southern Africa, who have lived as hunter-gatherers for thousands of years, are likely to be the oldest population of humans on Earth, according to the biggest and most detailed analysis of African DNA.
The San, also known as bushmen, are directly descended from the original popula"
3,Refuted,Refuted,refuted,2,The San people of Africa are frequently cited in anthropological studies as among the oldest continuous cultures.,not retrieved,San people among oldest continuous cultures anthropological studies,4,https://www.krugerpark.co.za/africa_bushmen.html,20.397197723388672,False,False,"This term was given to the San during their long battle against the colonists. The San interpreted this as a proud and respected reference to their brave fight for freedom from domination and colonization.
Many now accept the terms Bushmen or San. Like the first people to inhabit other countries in "
3,Refuted,Refuted,refuted,3,Aboriginal Australians are frequently cited in anthropological studies as among the oldest continuous cultures.,not retrieved,Aboriginal Australians oldest continuous cultures anthropological studies,0,https://www.cnn.com/2016/09/22/asia/indigenous-australians-earths-oldest-civilization/index.html,16.795013427734375,False,False,"Genomic data was collected on 83 Aboriginal Australians and 25 Highland Papuans
The study reveals just how ancient Indigenous Australian civilizations are
A new genomic study has revealed that Aboriginal Australians are the oldest known civilization on Earth, with ancestries stretching back roughly "
3,Refuted,Refuted,refuted,3,Aboriginal Australians are frequently cited in anthropological studies as among the oldest continuous cultures.,not retrieved,Aboriginal Australians oldest continuous cultures anthropological studies,1,https://www.australiangeographic.com.au/news/2011/09/dna-confirms-aboriginal-culture-one-of-earths-oldest/,17.98825454711914,False,False,"DNA confirms Aboriginal culture one of Earth’s oldest
ABORIGINAL AUSTRALIANS ARE descendents of the first people to leave Africa up to 75,000 years ago, a genetic study has found, confirming they may have the oldest continuous culture on the planet.
Professor Eske Willerslev of the University of Cop"
3,Refuted,Refuted,refuted,3,Aboriginal Australians are frequently cited in anthropological studies as among the oldest continuous cultures.,not retrieved,Aboriginal Australians oldest continuous cultures anthropological studies,2,https://www.cam.ac.uk/research/news/unprecedented-study-of-aboriginal-australians-points-to-one-shared-out-of-africa-migration-for,18.277631759643555,False,False,"The first significant investigation into the genomics of Aboriginal Australians has uncovered several major findings about early human populations.
These include evidence of a single “Out of Africa” migration event, and of a previously unidentified, “ghost-like” population spread which provided a ba"
3,Refuted,Refuted,refuted,3,Aboriginal Australians are frequently cited in anthropological studies as among the oldest continuous cultures.,not retrieved,Aboriginal Australians oldest continuous cultures anthropological studies,3,https://www.sanger.ac.uk/news_item/genetic-history-aboriginal-australians-and-papuans/,18.753704071044922,False,False,"The genetic history of Aboriginal Australians and Papuans
Evidence found for a single major 'Out of Africa' migration event
The first major genomic study of Aboriginal Australians has provided several new pieces in the puzzle of how modern humans spread across the world.
Published in Nature along wi"
3,Refuted,Refuted,refuted,3,Aboriginal Australians are frequently cited in anthropological studies as among the oldest continuous cultures.,not retrieved,Aboriginal Australians oldest continuous cultures anthropological studies,4,https://www.history.com/news/dna-study-finds-aboriginal-australians-worlds-oldest-civilization,19.745630264282227,False,False,"The newly published paper is the first extensive DNA study of Aboriginal Australians, according to the University of Cambridge.
Working in close collaboration with indigenous Australian elders and leaders, an international team of researchers obtained permission to extract DNA from the saliva of 83 "
3,Refuted,Refuted,refuted,4,"The Nadar community is known for traditional occupations and later socio-economic developments in Tamil Nadu, India.",not retrieved,Nadar community traditional occupations socio-economic developments Tamil Nadu,0,https://nadarworld.wordpress.com/tag/nadar-caste/,15.479538917541504,False,False,"Nadar (also referred as Nadan, Shanar) is a caste of Tamil Nadu and Kerala in South India, and also of Sri Lanka.
Nadars are predominant in the southern districts of Tuticorin, Kaniyakumari, Tirunelveli and Virudhunagar.
The Nadar community was not a single caste, but developed from an assortment of"
3,Refuted,Refuted,refuted,4,"The Nadar community is known for traditional occupations and later socio-economic developments in Tamil Nadu, India.",not retrieved,Nadar community traditional occupations socio-economic developments Tamil Nadu,1,http://www.nadar.org/about-us/,15.895044326782227,False,False,"The Nadars are a hardworking community and became successful after some struggles early on because of the caste system.
One of their occupations was toddy (a kind of liquor) gathering from Palm trees. The 19th century saw the Nadars embracing Christianity in large numbers some out of will and some d"
3,Refuted,Refuted,refuted,4,"The Nadar community is known for traditional occupations and later socio-economic developments in Tamil Nadu, India.",not retrieved,Nadar community traditional occupations socio-economic developments Tamil Nadu,2,https://www.familytreedna.com/groups/nadar/about/background,16.00675392150879,True,False,"Nadar (also referred as Nadan, Shanar) is a caste of Tamil Nadu & Kerala, South India. The Nadars are an entrepreneurial south Indian caste] and constitute 12% of Tamil Nadu's population.
The Nadar community was not a singular caste, but an assortment of sub-castes and classes of different origins, "
3,Refuted,Refuted,refuted,4,"The Nadar community is known for traditional occupations and later socio-economic developments in Tamil Nadu, India.",not retrieved,Nadar community traditional occupations socio-economic developments Tamil Nadu,3,https://www.familytreedna.com/groups/nadar/about/background,16.00690460205078,True,False,"Nadar (also referred as Nadan, Shanar) is a caste of Tamil Nadu & Kerala, South India. The Nadars are an entrepreneurial south Indian caste] and constitute 12% of Tamil Nadu's population.
The Nadar community was not a singular caste, but an assortment of sub-castes and classes of different origins, "
3,Refuted,Refuted,refuted,4,"The Nadar community is known for traditional occupations and later socio-economic developments in Tamil Nadu, India.",not retrieved,Nadar community traditional occupations socio-economic developments Tamil Nadu,4,https://en.wikipedia.org/wiki/Nadar_(caste),16.243711471557617,False,False,"|Chennai, Kanyakumari, Kollam, Madurai, Thanjavur, Thiruvananthapuram, Thoothukudi, Tiruchendur, Tirunelveli, Virudhunagar
Nadar (also referred to as Nadan, Shanar and Shanan) is a Tamil caste of India. Nadars are predominant in the districts of Kanyakumari, Thoothukudi, Tirunelveli and Virudhunagar"
4,Refuted,Supported,not enough information,0,Matt Gaetz is a Republican member of the U.S. House of Representatives.,not retrieved,Matt Gaetz U.S. Representative Republican,0,https://www.motherjones.com/politics/2019/07/how-matt-gaetz-used-daddys-money-to-become-trumps-favorite-congressman/,15.446353912353516,False,False,"What’s the benefit of being the president’s most sycophantic fanboy in Congress? If you ask the office of Rep. Matt Gaetz, a Republican from the Florida Panhandle, what the congressman’s unquestioning defense of Donald Trump has brought his district, you will receive a list titled “President Trump W"
4,Refuted,Supported,not enough information,0,Matt Gaetz is a Republican member of the U.S. House of Representatives.,not retrieved,Matt Gaetz U.S. Representative Republican,1,https://www.reddit.com/r/Pensacola/comments/jbtm91/whats_the_deal_with_matt_gaetz_why_is_he_so_awful/,15.553008079528809,False,False,"What’s the deal with Matt Gaetz? Why is he so awful? Can someone give me the TLDR?
I’m new-ish here. See lots of Gaetz hate. What’s the deal? What happened? Am genuinely curious!
Edit: Other than the fact that he’s a republican, of course. What atrocious things has he said/done?
2nd Edit: Ok. Y’all "
4,Refuted,Supported,not enough information,0,Matt Gaetz is a Republican member of the U.S. House of Representatives.,not retrieved,Matt Gaetz U.S. Representative Republican,2,https://voterly.com/politicians/WaPxi8pUbk/don-gaetz,15.860737800598145,False,False,"Donald Jay Gaetz (GAYTS; born January 22, 1948) is an American businessman and Republican politician who served as a member of the Florida State Senate from 2006 to 2016, representing parts of Northwest Florida.
He was Senate president from 2012 to 2014. Gaetz is currently running for the 1st Senate"
4,Refuted,Supported,not enough information,0,Matt Gaetz is a Republican member of the U.S. House of Representatives.,not retrieved,Matt Gaetz U.S. Representative Republican,3,https://www.gq.com/story/matt-gaetz-trumpiest-congressman-in-washington,16.91379165649414,False,False,"Matt Gaetz did not set out to go drinking, with a journalist, on the record. Nonetheless, here he is, plunked down at the Capitol Hill watering hole Bullfeathers, ordering a pint of beer.
Gaetz, a freshman Congressman, would like the record to reflect that he ""vigorously protested"" this idea.
At 35,"
4,Refuted,Supported,not enough information,0,Matt Gaetz is a Republican member of the U.S. House of Representatives.,not retrieved,Matt Gaetz U.S. Representative Republican,4,https://ballotpedia.org/Don_Gaetz,17.82727813720703,False,False,"Don Gaetz (Republican Party) is running for election to the Florida State Senate to represent District 1.
He declared candidacy for the Republican primary scheduled on August 20, 2024.
Gaetz (Republican Party) was a member of the Florida State Senate, representing District 1. He assumed office in 20"
4,Refuted,Supported,not enough information,1,"Matt Gaetz's father, Don Gaetz, co-founded VITAS Healthcare.",not retrieved,Don Gaetz co-founder VITAS Healthcare,0,https://www.deseret.com/2013/5/9/20451919/largest-us-hospice-company-sued-for-medicare-fraud,13.987861633300781,False,False,"FORT LAUDERDALE, Fla. — The Department of Justice is suing the hospice company founded by Florida's Senate president, accusing it of submitting tens of millions of dollars in fraudulent Medicare claims for more than a decade, including while Don Gaetz was vice chairman of the board.
Vitas Hospice an"
4,Refuted,Supported,not enough information,1,"Matt Gaetz's father, Don Gaetz, co-founded VITAS Healthcare.",not retrieved,Don Gaetz co-founder VITAS Healthcare,1,https://www.celebritynetworth.com/richest-politicians/republicans/don-gaetz-net-worth/,16.853734970092773,True,False,"Don Gaetz is an American politician who has a net worth of $30 million. He is a former member of the Florida State Senate but is probably best-known or being the father of politician Matt Gaetz.
Don Gaetz was born in Rugby, North Dakota on January 22, 1948. His father Jerry Gaetz was a one-time mayo"
4,Refuted,Supported,not enough information,1,"Matt Gaetz's father, Don Gaetz, co-founded VITAS Healthcare.",not retrieved,Don Gaetz co-founder VITAS Healthcare,2,https://www.celebritynetworth.com/richest-politicians/republicans/don-gaetz-net-worth/,16.853986740112305,True,False,"Don Gaetz is an American politician who has a net worth of $30 million. He is a former member of the Florida State Senate but is probably best-known or being the father of politician Matt Gaetz.
Don Gaetz was born in Rugby, North Dakota on January 22, 1948. His father Jerry Gaetz was a one-time mayo"
4,Refuted,Supported,not enough information,1,"Matt Gaetz's father, Don Gaetz, co-founded VITAS Healthcare.",not retrieved,Don Gaetz co-founder VITAS Healthcare,3,https://www.newsherald.com/story/news/crime/2013/05/09/1-140101/33953963007/,17.187284469604492,False,False,"Largest US hospice company sued for Medicare fraud
A lawsuit filed by the U.S. Department of Justice asserts that Vitas Hospice Services, a company founded in 1983 by a group that included state Senate President Don Gaetz, submitted fraudulent bills for Medicare payment.
The lawsuit alleges that for"
4,Refuted,Supported,not enough information,1,"Matt Gaetz's father, Don Gaetz, co-founded VITAS Healthcare.",not retrieved,Don Gaetz co-founder VITAS Healthcare,4,https://www.tampabay.com/news/politics/legislature/senate-president-don-gaetzs-former-company-sued-for-medicaid-fraud/2120026/,18.612653732299805,False,False,"TALLAHASSEE — The U.S. Department of Justice has sued the hospice company founded by Florida Senate President Don Gaetz, accusing the company of engaging in Medicare fraud for more than 11 years, including during the time Gaetz was vice chairman.
The lawsuit, filed May 2 in the district court for th"
4,Refuted,Supported,not enough information,2,The fraud involved submitting false claims to Medicare for hospice services that were medically unnecessary or not provided by VITAS Healthcare.,only fake evidence,VITAS Healthcare Medicare fraud false claims medically unnecessary,0,https://homehealthcarenews.com/2017/11/75-million-settlement-reached-in-hospice-false-claims-case/,17.63519287109375,False,False,"The largest for-profit hospice chain in the nation and its parent company have agreed to pay $75 million to resolve false claims allegations for hospice services, the Department of Justice announced.
The resolution is the largest amount recovered from a provider of hospice services under the False C"
4,Refuted,Supported,not enough information,2,The fraud involved submitting false claims to Medicare for hospice services that were medically unnecessary or not provided by VITAS Healthcare.,only fake evidence,VITAS Healthcare Medicare fraud false claims medically unnecessary,1,https://www.newsherald.com/story/news/crime/2013/05/09/1-140101/33953963007/,18.022005081176758,False,False,"Largest US hospice company sued for Medicare fraud
A lawsuit filed by the U.S. Department of Justice asserts that Vitas Hospice Services, a company founded in 1983 by a group that included state Senate President Don Gaetz, submitted fraudulent bills for Medicare payment.
The lawsuit alleges that for"
4,Refuted,Supported,not enough information,2,The fraud involved submitting false claims to Medicare for hospice services that were medically unnecessary or not provided by VITAS Healthcare.,only fake evidence,VITAS Healthcare Medicare fraud false claims medically unnecessary,2,https://bergermontague.com/nations-largest-hospice-chain-faces-false-claims-act-lawsuit-for-medicare-fraud/,18.023609161376953,False,False,"Nation’s Largest Hospice Chain Faces False Claims Act Lawsuit for Medicare Fraud
The U.S. Department of Justice (DOJ) announced a False Claims Act lawsuit earlier this month against the nation’s largest for-profit hospice chain.
Vitas Hospice Services LLC and Vitas Healthcare Corporation, both owned"
4,Refuted,Supported,not enough information,2,The fraud involved submitting false claims to Medicare for hospice services that were medically unnecessary or not provided by VITAS Healthcare.,only fake evidence,VITAS Healthcare Medicare fraud false claims medically unnecessary,3,https://www.justice.gov/opa/pr/chemed-corp-and-vitas-hospice-services-agree-pay-75-million-resolve-false-claims-act,18.599077224731445,False,False,"Chemed Corporation and various wholly-owned subsidiaries, including Vitas Hospice Services LLC and Vitas Healthcare Corporation, have agreed to pay $75 million to resolve a government lawsuit alleging that defendants violated the False Claims Act (FCA) by submitting false claims for hospice services"
4,Refuted,Supported,not enough information,2,The fraud involved submitting false claims to Medicare for hospice services that were medically unnecessary or not provided by VITAS Healthcare.,only fake evidence,VITAS Healthcare Medicare fraud false claims medically unnecessary,4,https://www.whistleblowers.org/faq/medicare-and-medicaid-fraud/,18.712373733520508,False,False,"The False Claims Act permits whistleblowers complaints regarding Medicare or Medicaid Fraud. These cases can be filed to anyone who directly or indirectly causes fraud in these health care programs.
This also includes fraud in state-administered health care programs, based on federal matching money "
4,Refuted,Supported,not enough information,3,"Matt Gaetz is associated with VITAS Healthcare through family ties, as his father co-founded the company.",not retrieved,Matt Gaetz father Don Gaetz VITAS Healthcare association,0,https://www.pnj.com/story/opinion/2019/07/20/marlette-mother-jones-kicks-open-gaetz/1761716001/,16.5004825592041,False,False,"In recent months, a national writer for Mother Jones magazine named Stephanie Mencimer has been digging into a story about the local roots of FloridaMan and U.S. Congressman Matt Gaetz.
It finally dropped last week. And it should be mandatory reading for residents of the Panhandle who need to unders"
4,Refuted,Supported,not enough information,3,"Matt Gaetz is associated with VITAS Healthcare through family ties, as his father co-founded the company.",not retrieved,Matt Gaetz father Don Gaetz VITAS Healthcare association,1,https://www.celebritynetworth.com/richest-politicians/republicans/don-gaetz-net-worth/,17.284120559692383,True,False,"Don Gaetz is an American politician who has a net worth of $30 million. He is a former member of the Florida State Senate but is probably best-known or being the father of politician Matt Gaetz.
Don Gaetz was born in Rugby, North Dakota on January 22, 1948. His father Jerry Gaetz was a one-time mayo"
4,Refuted,Supported,not enough information,3,"Matt Gaetz is associated with VITAS Healthcare through family ties, as his father co-founded the company.",not retrieved,Matt Gaetz father Don Gaetz VITAS Healthcare association,2,https://www.celebritynetworth.com/richest-politicians/republicans/don-gaetz-net-worth/,17.28445816040039,True,False,"Don Gaetz is an American politician who has a net worth of $30 million. He is a former member of the Florida State Senate but is probably best-known or being the father of politician Matt Gaetz.
Don Gaetz was born in Rugby, North Dakota on January 22, 1948. His father Jerry Gaetz was a one-time mayo"
4,Refuted,Supported,not enough information,3,"Matt Gaetz is associated with VITAS Healthcare through family ties, as his father co-founded the company.",not retrieved,Matt Gaetz father Don Gaetz VITAS Healthcare association,3,https://www.heraldtribune.com/story/news/2011/09/19/senates-next-leader-is-set/29045841007/,17.6623477935791,False,False,"Family: Wife, Vicky Gaetz, married since 1981; son, Matt Gaetz, a lawyer and state House member from Fort Walton Beach; daughter, Erin Gaetz, a sports journalist in New York.
Education: Bachelor's degree in religion and political science, Concordia College. Master's degree in public administration, "
4,Refuted,Supported,not enough information,3,"Matt Gaetz is associated with VITAS Healthcare through family ties, as his father co-founded the company.",not retrieved,Matt Gaetz father Don Gaetz VITAS Healthcare association,4,https://www.deseret.com/2013/5/9/20451919/largest-us-hospice-company-sued-for-medicare-fraud,18.16703224182129,False,False,"FORT LAUDERDALE, Fla. — The Department of Justice is suing the hospice company founded by Florida's Senate president, accusing it of submitting tens of millions of dollars in fraudulent Medicare claims for more than a decade, including while Don Gaetz was vice chairman of the board.
Vitas Hospice an"
5,Refuted,Conflicting Evidence/Cherrypicking,not enough information,0,The Chemical Weapons Convention (CWC) is an international treaty prohibiting chemical weapons with widespread ratification.,not retrieved,Chemical Weapons Convention signatories list widespread ratification OPCW,0,https://en.wikipedia.org/wiki/List_of_parties_to_the_Chemical_Weapons_Convention,16.10094451904297,False,False,"List of parties to the Chemical Weapons Convention
Parties to the Chemical Weapons Convention encompasses the states that have ratified or acceded to the Chemical Weapons Convention, a multilateral treaty outlawing the production, stockpiling, and use of chemical weapons.
In addition, these states a"
5,Refuted,Conflicting Evidence/Cherrypicking,not enough information,0,The Chemical Weapons Convention (CWC) is an international treaty prohibiting chemical weapons with widespread ratification.,not retrieved,Chemical Weapons Convention signatories list widespread ratification OPCW,1,https://www.armscontrol.org/factsheets/cwcglance,16.202878952026367,False,False,"Contact: Daryl G. Kimball, Executive Director, 202-463-8270 x 107
The Chemical Weapons Convention (CWC) is a multilateral treaty that bans chemical weapons and requires their destruction within a specified period of time.
The treaty is of unlimited duration and is far more comprehensive than the 192"
5,Refuted,Conflicting Evidence/Cherrypicking,not enough information,0,The Chemical Weapons Convention (CWC) is an international treaty prohibiting chemical weapons with widespread ratification.,not retrieved,Chemical Weapons Convention signatories list widespread ratification OPCW,2,https://www.icrc.org/en/document/twenty-second-session-conference-states-parties-chemical-weapons-convention,16.953269958496094,False,False,"Conference of the States Parties to the Chemical Weapons Convention - 2017
Twenty-Second Session of the Conference of the States Parties to the Chemical Weapons Convention, The Hague, the Netherlands.
This year marks the 20th anniversary of the entry into force of the Chemical Weapons Convention, wh"
5,Refuted,Conflicting Evidence/Cherrypicking,not enough information,0,The Chemical Weapons Convention (CWC) is an international treaty prohibiting chemical weapons with widespread ratification.,not retrieved,Chemical Weapons Convention signatories list widespread ratification OPCW,3,https://www.nti.org/education-center/treaties-and-regimes/organization-for-the-prohibition-of-chemical-weapons/,17.27947425842285,False,False,"Organization for the Prohibition of Chemical Weapons (OPCW)
The Organization for the Prohibition of Chemical Weapons (OPCW) is the implementing body of the Chemical Weapons Convention (CWC).
The Organization for the Prohibition of Chemical Weapons (OPCW), based in The Hague, the Netherlands, came in"
5,Refuted,Conflicting Evidence/Cherrypicking,not enough information,0,The Chemical Weapons Convention (CWC) is an international treaty prohibiting chemical weapons with widespread ratification.,not retrieved,Chemical Weapons Convention signatories list widespread ratification OPCW,4,https://www.opcw.org/media-centre/news/2019/11/conference-states-parties-adopts-decisions-amend-chemical-weapons,17.287790298461914,False,False,"THE HAGUE, Netherlands — 27 November 2019 — The Chemical Weapons Convention (CWC), banning the development, production, use, stockpiling and transfer of chemical weapons, entered into force in 1997.
Today, the Twenty-Fourth Session of the Conference of the States Parties to the CWC has adopted two d"
5,Refuted,Conflicting Evidence/Cherrypicking,not enough information,1,Media outlets in the US and Western countries have published articles reporting allegations of CWC non-compliance.,only fake evidence,Reuters or BBC or New York Times report on Syria chemical weapons allegations CWC violation,0,https://armscontrollaw.com/2020/07/21/syria-stands-formally-accused-of-violating-the-chemical-weapons-convention/,18.34362030029297,False,False,"Syria stands formally accused of violating the Chemical Weapons ConventionPosted: July 21, 2020 Filed under: Chemical | Tags: Chemical warfare, Chlorine, Compliance, CWC, international law, Investigation of use, Nerve agent, OPCW, Syria, War crime 1 Comment
The Executive Council of the Organisation "
5,Refuted,Conflicting Evidence/Cherrypicking,not enough information,1,Media outlets in the US and Western countries have published articles reporting allegations of CWC non-compliance.,only fake evidence,Reuters or BBC or New York Times report on Syria chemical weapons allegations CWC violation,1,https://www.justiceinitiative.org/newsroom/justice-initiative-and-syrian-archive-expose-new-information-on-syrias-chemical-weapons-program,18.611906051635742,False,False,"Justice Initiative and Syrian Archive Expose New Information on Syria’s Chemical Weapons Program
NEW YORK—After two years of investigations, the Open Society Justice Initiative and the human rights group Syrian Archive have compiled the most comprehensive investigative report to date on Syria’s Scie"
5,Refuted,Conflicting Evidence/Cherrypicking,not enough information,1,Media outlets in the US and Western countries have published articles reporting allegations of CWC non-compliance.,only fake evidence,Reuters or BBC or New York Times report on Syria chemical weapons allegations CWC violation,2,https://www.csis.org/analysis/unpacking-syrias-chemical-weapons-problem,18.698951721191406,False,False,"A series of three chemical weapons attacks in Syria within a two-week span in August 2016 occurred amidst increased scrutiny and criticism from the international community, which has sought to identify and hold accountable those state and/or nonstate actors perpetrating, organizing, or sponsoring th"
5,Refuted,Conflicting Evidence/Cherrypicking,not enough information,1,Media outlets in the US and Western countries have published articles reporting allegations of CWC non-compliance.,only fake evidence,Reuters or BBC or New York Times report on Syria chemical weapons allegations CWC violation,3,https://www.armscontrol.org/factsheets/cwcglance,18.715770721435547,False,False,"Contact: Daryl G. Kimball, Executive Director, 202-463-8270 x 107
The Chemical Weapons Convention (CWC) is a multilateral treaty that bans chemical weapons and requires their destruction within a specified period of time.
The treaty is of unlimited duration and is far more comprehensive than the 192"
5,Refuted,Conflicting Evidence/Cherrypicking,not enough information,1,Media outlets in the US and Western countries have published articles reporting allegations of CWC non-compliance.,only fake evidence,Reuters or BBC or New York Times report on Syria chemical weapons allegations CWC violation,4,https://web.archive.org/web/20210302193538/https://www.theguardian.com/world/2020/apr/06/report-set-to-blame-syria-chemical-attacks-on-bashar-al-assad,19.165565490722656,True,False,"The UN’s chemical weapons watchdog is expected to release its first report explicitly blaming Bashar al-Assad for sarin and chlorine gas attacks on civilians in Syria as efforts to establish accountability for the use of chemical agents in the nine-year-old conflict gain momentum.
Observers anticipa"
5,Refuted,Conflicting Evidence/Cherrypicking,not enough information,2,"Significant disputes and investigations into the accuracy of some CWC allegations, particularly regarding the alleged chemical attack in Douma, Syria, in 2018.",not retrieved,Douma Syria 2018 chemical attack investigation OPCW disputes evidence accuracy,0,https://www.opcw.org/media-centre/news/2019/03/opcw-issues-fact-finding-mission-report-chemical-weapons-use-allegation,14.241365432739258,False,False,"THE HAGUE, Netherlands —1 March 2019—The Fact-Finding Mission (FFM) of the Organisation for the Prohibition of Chemical Weapons (OPCW), issued today the final report on the FFM’s investigation regarding the incident of alleged use of toxic chemicals as a weapon in Douma, Syrian Arab Republic, on 7 A"
5,Refuted,Conflicting Evidence/Cherrypicking,not enough information,2,"Significant disputes and investigations into the accuracy of some CWC allegations, particularly regarding the alleged chemical attack in Douma, Syria, in 2018.",not retrieved,Douma Syria 2018 chemical attack investigation OPCW disputes evidence accuracy,1,https://www.theguardian.com/world/opcw,14.379276275634766,False,False,"The latest news and comment on the Organisation for the Prohibition of Chemical Weapons
UN watchdog’s investigation rebuts claims it manipulated evidence of Douma incident
Whistleblower claims OPCW’s findings misrepresented some facts over 2018 chlorine attack
Netherlands exposed Moscow’s attempts t"
5,Refuted,Conflicting Evidence/Cherrypicking,not enough information,2,"Significant disputes and investigations into the accuracy of some CWC allegations, particularly regarding the alleged chemical attack in Douma, Syria, in 2018.",not retrieved,Douma Syria 2018 chemical attack investigation OPCW disputes evidence accuracy,2,https://www.opcw.org/media-centre/news/2018/07/opcw-issues-fact-finding-mission-reports-chemical-weapons-use-allegations,14.881660461425781,False,False,"THE HAGUE, Netherlands —6 July 2018—The Fact-Finding Mission (FFM) of the Organisation for the Prohibition of Chemical Weapons (OPCW), issued an interim report on the FFM’s investigation to date regarding the allegations of chemical weapons use in Douma, Syria on 7 April 2018.
The FFM’s activities i"
5,Refuted,Conflicting Evidence/Cherrypicking,not enough information,2,"Significant disputes and investigations into the accuracy of some CWC allegations, particularly regarding the alleged chemical attack in Douma, Syria, in 2018.",not retrieved,Douma Syria 2018 chemical attack investigation OPCW disputes evidence accuracy,3,https://www.theguardian.com/world/2020/apr/06/report-set-to-blame-syria-chemical-attacks-on-bashar-al-assad,16.92137908935547,False,False,"The UN’s chemical weapons watchdog is expected to release its first report explicitly blaming Bashar al-Assad for sarin and chlorine gas attacks on civilians in Syria as efforts to establish accountability for the use of chemical agents in the nine-year-old conflict gain momentum.
Observers anticipa"
5,Refuted,Conflicting Evidence/Cherrypicking,not enough information,2,"Significant disputes and investigations into the accuracy of some CWC allegations, particularly regarding the alleged chemical attack in Douma, Syria, in 2018.",not retrieved,Douma Syria 2018 chemical attack investigation OPCW disputes evidence accuracy,4,https://web.archive.org/web/20210302193538/https://www.theguardian.com/world/2020/apr/06/report-set-to-blame-syria-chemical-attacks-on-bashar-al-assad,16.92137908935547,True,False,"The UN’s chemical weapons watchdog is expected to release its first report explicitly blaming Bashar al-Assad for sarin and chlorine gas attacks on civilians in Syria as efforts to establish accountability for the use of chemical agents in the nine-year-old conflict gain momentum.
Observers anticipa"
5,Refuted,Conflicting Evidence/Cherrypicking,not enough information,3,"The Organisation for the Prohibition of Chemical Weapons (OPCW) investigations have faced criticism, including whistleblower allegations of suppressed data or biased reporting.",not retrieved,OPCW whistleblower Douma report suppressed data allegations,0,https://www.opcw.org/media-centre/news/2019/03/opcw-issues-fact-finding-mission-report-chemical-weapons-use-allegation,18.022653579711914,False,False,"THE HAGUE, Netherlands —1 March 2019—The Fact-Finding Mission (FFM) of the Organisation for the Prohibition of Chemical Weapons (OPCW), issued today the final report on the FFM’s investigation regarding the incident of alleged use of toxic chemicals as a weapon in Douma, Syrian Arab Republic, on 7 A"
5,Refuted,Conflicting Evidence/Cherrypicking,not enough information,3,"The Organisation for the Prohibition of Chemical Weapons (OPCW) investigations have faced criticism, including whistleblower allegations of suppressed data or biased reporting.",not retrieved,OPCW whistleblower Douma report suppressed data allegations,1,https://www.theguardian.com/world/opcw,18.624103546142578,False,False,"The latest news and comment on the Organisation for the Prohibition of Chemical Weapons
UN watchdog’s investigation rebuts claims it manipulated evidence of Douma incident
Whistleblower claims OPCW’s findings misrepresented some facts over 2018 chlorine attack
Netherlands exposed Moscow’s attempts t"
5,Refuted,Conflicting Evidence/Cherrypicking,not enough information,3,"The Organisation for the Prohibition of Chemical Weapons (OPCW) investigations have faced criticism, including whistleblower allegations of suppressed data or biased reporting.",not retrieved,OPCW whistleblower Douma report suppressed data allegations,2,https://www.opcw.org/media-centre/news/2018/07/opcw-issues-fact-finding-mission-reports-chemical-weapons-use-allegations,18.684864044189453,False,False,"THE HAGUE, Netherlands —6 July 2018—The Fact-Finding Mission (FFM) of the Organisation for the Prohibition of Chemical Weapons (OPCW), issued an interim report on the FFM’s investigation to date regarding the allegations of chemical weapons use in Douma, Syria on 7 April 2018.
The FFM’s activities i"
5,Refuted,Conflicting Evidence/Cherrypicking,not enough information,3,"The Organisation for the Prohibition of Chemical Weapons (OPCW) investigations have faced criticism, including whistleblower allegations of suppressed data or biased reporting.",not retrieved,OPCW whistleblower Douma report suppressed data allegations,3,https://www.csis.org/analysis/unpacking-syrias-chemical-weapons-problem,21.60725975036621,False,False,"A series of three chemical weapons attacks in Syria within a two-week span in August 2016 occurred amidst increased scrutiny and criticism from the international community, which has sought to identify and hold accountable those state and/or nonstate actors perpetrating, organizing, or sponsoring th"
5,Refuted,Conflicting Evidence/Cherrypicking,not enough information,3,"The Organisation for the Prohibition of Chemical Weapons (OPCW) investigations have faced criticism, including whistleblower allegations of suppressed data or biased reporting.",not retrieved,OPCW whistleblower Douma report suppressed data allegations,4,https://www.justiceinitiative.org/newsroom/justice-initiative-and-syrian-archive-expose-new-information-on-syrias-chemical-weapons-program,21.664764404296875,False,False,"Justice Initiative and Syrian Archive Expose New Information on Syria’s Chemical Weapons Program
NEW YORK—After two years of investigations, the Open Society Justice Initiative and the human rights group Syrian Archive have compiled the most comprehensive investigative report to date on Syria’s Scie"
5,Refuted,Conflicting Evidence/Cherrypicking,not enough information,4,Some media reports and government statements on CWC non-compliance have been accused of being misleading or based on flawed intelligence.,only fake evidence,criticism Western intelligence on Syria chemical weapons claims inaccurate,0,https://www.theguardian.com/world/2013/sep/16/syrian-chemical-attack-sarin-says-un,18.003150939941406,False,False,"The UN has confirmed that the worst chemical weapons attack in 25 years took place in eastern Damascus last month, involving specially designed rockets that spread sarin nerve agent over rebel-held suburbs of the Syrian capital.
The report did not assign blame for the attack but the US, Britain and "
5,Refuted,Conflicting Evidence/Cherrypicking,not enough information,4,Some media reports and government statements on CWC non-compliance have been accused of being misleading or based on flawed intelligence.,only fake evidence,criticism Western intelligence on Syria chemical weapons claims inaccurate,1,https://www.csis.org/analysis/unpacking-syrias-chemical-weapons-problem,18.277944564819336,False,False,"A series of three chemical weapons attacks in Syria within a two-week span in August 2016 occurred amidst increased scrutiny and criticism from the international community, which has sought to identify and hold accountable those state and/or nonstate actors perpetrating, organizing, or sponsoring th"
5,Refuted,Conflicting Evidence/Cherrypicking,not enough information,4,Some media reports and government statements on CWC non-compliance have been accused of being misleading or based on flawed intelligence.,only fake evidence,criticism Western intelligence on Syria chemical weapons claims inaccurate,2,https://www.euronews.com/2013/08/28/false-flag-operations-a-history-of-controversial-military-decisions,18.314708709716797,False,False,"While Western countries debate their next move in response to the suspected chemical weapons use in Syria, the Bashar al-Assad regime continues to deny the allegations.
Last Saturday, Syrian state TV broadcast images of what the government claims were chemical agents discovered by soldiers in tunnel"
5,Refuted,Conflicting Evidence/Cherrypicking,not enough information,4,Some media reports and government statements on CWC non-compliance have been accused of being misleading or based on flawed intelligence.,only fake evidence,criticism Western intelligence on Syria chemical weapons claims inaccurate,3,https://www.theguardian.com/world/2016/oct/22/white-house-condemns-chemical-weapons-syria-government-forces,18.40291976928711,False,False,"The White House on Saturday condemned the use of chemical weapons by the Syrian government, after an international inquiry found its forces responsible for a third toxic gas attack in Syria’s civil war.
The fourth report from the 13-month-long inquiry by the United Nations and the Organization for t"
5,Refuted,Conflicting Evidence/Cherrypicking,not enough information,4,Some media reports and government statements on CWC non-compliance have been accused of being misleading or based on flawed intelligence.,only fake evidence,criticism Western intelligence on Syria chemical weapons claims inaccurate,4,https://www.theguardian.com/world/2013/sep/08/syria-chemical-weapons-not-assad-bild,18.48096466064453,False,False,"President Bashar al-Assad did not personally order last month's chemical weapons attack near Damascus that has triggered calls for US military intervention, and blocked numerous requests from his military commanders to use chemical weapons against regime opponents in recent months, a German newspape"
6,Supported,Conflicting Evidence/Cherrypicking,not enough information,0,"By late October 2020, the United States had reported over 225,000 deaths from COVID-19.",only fake evidence,US COVID-19 deaths October 2020 reported count,0,https://injuryfacts.nsc.org/home-and-community/safety-topics/covid-19-cases-in-the-united-states/,19.442819595336914,True,False,"As of April 30, 2022 data on this page is no longer being updated.
The data source (https://www.tableau.com/covid-19-coronavirus-data-resources ) used for the estimates on this page is currently not being maintained.
COVID-19 cases and death trends have changed dramatically over the last year. Durin"
6,Supported,Conflicting Evidence/Cherrypicking,not enough information,0,"By late October 2020, the United States had reported over 225,000 deaths from COVID-19.",only fake evidence,US COVID-19 deaths October 2020 reported count,1,https://injuryfacts.nsc.org/home-and-community/safety-topics/covid-19-cases-in-the-united-states/,19.443782806396484,True,False,"As of April 30, 2022 data on this page is no longer being updated.
The data source (https://www.tableau.com/covid-19-coronavirus-data-resources ) used for the estimates on this page is currently not being maintained.
COVID-19 cases and death trends have changed dramatically over the last year. Durin"
6,Supported,Conflicting Evidence/Cherrypicking,not enough information,0,"By late October 2020, the United States had reported over 225,000 deaths from COVID-19.",only fake evidence,US COVID-19 deaths October 2020 reported count,2,https://www.canada.ca/content/dam/phac-aspc/documents/services/surveillance/human-emerging-respiratory-pathogens-bulletin/2020-10/erp-issue-46-eng.pdf,19.56780242919922,False,False,"No new H7N9 cases were reported to the WHO in October 2020. 
The last case was reported by China in April 2019. Two travel-
related cases were reported in Canada in January 2015. A total of 
1,568 human cases of avian influenza A(H7N9), including at least 
615 deaths, have been reported globally sin"
6,Supported,Conflicting Evidence/Cherrypicking,not enough information,0,"By late October 2020, the United States had reported over 225,000 deaths from COVID-19.",only fake evidence,US COVID-19 deaths October 2020 reported count,3,https://www.politico.eu/article/us-coronavirus-death-toll-tops-100000-as-trump-pushes-to-reopen/,20.186840057373047,False,False,"U.S. coronavirus deaths surged past 100,000 Wednesday, even as President Donald Trump continues urging states across the country to reopen.
The U.S. leads the world in reported confirmed coronavirus cases, with more than 1.6 million American cases since January, according to a Johns Hopkins Universi"
6,Supported,Conflicting Evidence/Cherrypicking,not enough information,0,"By late October 2020, the United States had reported over 225,000 deaths from COVID-19.",only fake evidence,US COVID-19 deaths October 2020 reported count,4,https://www.healthdata.org/news-events/newsroom/news-releases/new-ihme-forecast-projects-nearly-135000-covid-19-deaths-us,20.31366729736328,False,False,"New IHME Forecast Projects Nearly 135,000 COVID-19 Deaths in US
Rising Mobility in Most States and the Easing of Social Distancing Point to
Increases in Personal Contact that Promote Transmission of the Disease
SEATTLE (May 4, 2020) – New COVID-19 forecasts for the US project nearly 135,000 deaths t"
6,Supported,Conflicting Evidence/Cherrypicking,not enough information,1,"Research studies have indicated that earlier or better public health measures could have reduced COVID-19 deaths, with estimates varying widely.",only fake evidence,studies on preventable COVID-19 deaths United States public health measures,0,https://www.ishn.com/articles/112644-nsc-covid-19-on-pace-to-become-third-leading-cause-of-death-in-2020,18.854768753051758,False,False,"The National Safety Council is highly alarmed to see that the mortality numbers for COVID-19 already have surpassed the total annual number of preventable, accidental deaths in 2018, the most recent year of final data – and it is only August.
At this pace, COVID-19 likely will be the third leading c"
6,Supported,Conflicting Evidence/Cherrypicking,not enough information,1,"Research studies have indicated that earlier or better public health measures could have reduced COVID-19 deaths, with estimates varying widely.",only fake evidence,studies on preventable COVID-19 deaths United States public health measures,1,https://www.prnewswire.com/news-releases/national-safety-council-covid-19-on-pace-to-become-third-leading-cause-of-death-in-2020--surpasses-the-total-number-of-preventable-accidental-deaths-301114362.html,19.121761322021484,False,False,"ITASCA, Ill., Aug. 18, 2020 /PRNewswire/ -- The National Safety Council is highly alarmed to see that the mortality numbers for COVID-19 already have surpassed the total annual number of preventable, accidental deaths in 2018, the most recent year of final data – and it is only August.
At this pace,"
6,Supported,Conflicting Evidence/Cherrypicking,not enough information,1,"Research studies have indicated that earlier or better public health measures could have reduced COVID-19 deaths, with estimates varying widely.",only fake evidence,studies on preventable COVID-19 deaths United States public health measures,2,https://injuryfacts.nsc.org/home-and-community/safety-topics/covid-19-cases-in-the-united-states/,19.735023498535156,True,False,"As of April 30, 2022 data on this page is no longer being updated.
The data source (https://www.tableau.com/covid-19-coronavirus-data-resources ) used for the estimates on this page is currently not being maintained.
COVID-19 cases and death trends have changed dramatically over the last year. Durin"
6,Supported,Conflicting Evidence/Cherrypicking,not enough information,1,"Research studies have indicated that earlier or better public health measures could have reduced COVID-19 deaths, with estimates varying widely.",only fake evidence,studies on preventable COVID-19 deaths United States public health measures,3,https://injuryfacts.nsc.org/home-and-community/safety-topics/covid-19-cases-in-the-united-states/,19.73703384399414,True,False,"As of April 30, 2022 data on this page is no longer being updated.
The data source (https://www.tableau.com/covid-19-coronavirus-data-resources ) used for the estimates on this page is currently not being maintained.
COVID-19 cases and death trends have changed dramatically over the last year. Durin"
6,Supported,Conflicting Evidence/Cherrypicking,not enough information,1,"Research studies have indicated that earlier or better public health measures could have reduced COVID-19 deaths, with estimates varying widely.",only fake evidence,studies on preventable COVID-19 deaths United States public health measures,4,https://jamanetwork.com/journals/jamainternalmedicine/fullarticle/2767980,19.79913330078125,False,False,"Did more all-cause deaths occur during the first months of the coronavirus disease 2019 (COVID-19) pandemic in the United States compared with the same months during previous years?
In this cohort study, the number of deaths due to any cause increased by approximately 122 000 from March 1 to May 30,"
6,Supported,Conflicting Evidence/Cherrypicking,not enough information,2,"Specific estimates of preventable COVID-19 deaths in the U.S. range from tens of thousands to over 100,000, but the figure of 160,000 fewer is not consistently supported across analyses.",only fake evidence,range of estimates preventable COVID-19 deaths United States 160000 Columbia University study validation,0,https://ncdp.columbia.edu/custom-content/uploads/2020/10/Avoidable-COVID-19-Deaths-US-NCDP.pdf,16.64591407775879,False,False,"NATIONAL CENTER FOR DISASTER PREPAREDNESS, COLUMBIA UNIVERSITY
“130,000 – 210,000 Avoidable COVID-19 Deaths – and Counting – in the U.S.”
By Irwin Redlener, MD; Jeffrey D. Sachs, PhD; Sean Hansen, MPA; Nathaniel Hupert, MD, MPH
NATIONAL CENTER FOR DISASTER PREPAREDNESS, COLUMBIA UNIVERSITY
“130,000 "
6,Supported,Conflicting Evidence/Cherrypicking,not enough information,2,"Specific estimates of preventable COVID-19 deaths in the U.S. range from tens of thousands to over 100,000, but the figure of 160,000 fewer is not consistently supported across analyses.",only fake evidence,range of estimates preventable COVID-19 deaths United States 160000 Columbia University study validation,1,https://www.worldometers.info/coronavirus/coronavirus-death-rate/,19.44059944152832,False,False,"Considering that a large number of cases are asymptomatic (or present with very mild symptoms) and that testing has not been performed on the entire population, only a fraction of the SARS-CoV-2 infected population is detected, confirmed through a laboratory test, and officially reported as a COVID-"
6,Supported,Conflicting Evidence/Cherrypicking,not enough information,2,"Specific estimates of preventable COVID-19 deaths in the U.S. range from tens of thousands to over 100,000, but the figure of 160,000 fewer is not consistently supported across analyses.",only fake evidence,range of estimates preventable COVID-19 deaths United States 160000 Columbia University study validation,2,https://injuryfacts.nsc.org/home-and-community/safety-topics/covid-19-cases-in-the-united-states/,19.706687927246094,True,False,"As of April 30, 2022 data on this page is no longer being updated.
The data source (https://www.tableau.com/covid-19-coronavirus-data-resources ) used for the estimates on this page is currently not being maintained.
COVID-19 cases and death trends have changed dramatically over the last year. Durin"
6,Supported,Conflicting Evidence/Cherrypicking,not enough information,2,"Specific estimates of preventable COVID-19 deaths in the U.S. range from tens of thousands to over 100,000, but the figure of 160,000 fewer is not consistently supported across analyses.",only fake evidence,range of estimates preventable COVID-19 deaths United States 160000 Columbia University study validation,3,https://injuryfacts.nsc.org/home-and-community/safety-topics/covid-19-cases-in-the-united-states/,19.70975685119629,True,False,"As of April 30, 2022 data on this page is no longer being updated.
The data source (https://www.tableau.com/covid-19-coronavirus-data-resources ) used for the estimates on this page is currently not being maintained.
COVID-19 cases and death trends have changed dramatically over the last year. Durin"
6,Supported,Conflicting Evidence/Cherrypicking,not enough information,2,"Specific estimates of preventable COVID-19 deaths in the U.S. range from tens of thousands to over 100,000, but the figure of 160,000 fewer is not consistently supported across analyses.",only fake evidence,range of estimates preventable COVID-19 deaths United States 160000 Columbia University study validation,4,https://www.prnewswire.com/news-releases/national-safety-council-covid-19-on-pace-to-become-third-leading-cause-of-death-in-2020--surpasses-the-total-number-of-preventable-accidental-deaths-301114362.html,19.818614959716797,False,False,"ITASCA, Ill., Aug. 18, 2020 /PRNewswire/ -- The National Safety Council is highly alarmed to see that the mortality numbers for COVID-19 already have surpassed the total annual number of preventable, accidental deaths in 2018, the most recent year of final data – and it is only August.
At this pace,"
8,Refuted,Refuted,refuted,0,Allegations of widespread voter fraud in U.S. elections have been investigated and found unsubstantiated.,only fake evidence,investigations into widespread voter fraud allegations U.S. elections official findings,0,https://www.nbcnews.com/politics/politics-news/president-donald-trump-says-he-will-ask-major-investigation-allegations-n711956,17.60748291015625,False,False,"President Donald Trump continued to perpetuate unsubstantiated claims of election irregularities Wednesday by promising a ""major investigation"" into what he described as ""voter fraud.""
The announcement came after questions over Trump's repetition of a widely unproven claim that millions of ""illegal"""
8,Refuted,Refuted,refuted,0,Allegations of widespread voter fraud in U.S. elections have been investigated and found unsubstantiated.,only fake evidence,investigations into widespread voter fraud allegations U.S. elections official findings,1,https://apnews.com/article/f5f6a73b2af546ee97816bb35e82c18d,17.88896942138672,False,False,"Report: Trump commission did not find widespread voter fraud
PORTLAND, Maine (AP) — The now-disbanded voting integrity commission launched by the Trump administration uncovered no evidence to support claims of widespread voter fraud, according to an analysis of administration documents released Frid"
8,Refuted,Refuted,refuted,0,Allegations of widespread voter fraud in U.S. elections have been investigated and found unsubstantiated.,only fake evidence,investigations into widespread voter fraud allegations U.S. elections official findings,2,https://abcnews.go.com/Politics/trumps-ballot-fraud-allegations-embellished-widespread-experts/story?id=73701060,18.120994567871094,False,False,"Trump's ballot fraud allegations embellished and not widespread: Experts
Widespread voter fraud claims are unsubstantiated, experts say
President Donald Trump has made the possibility of widespread voter fraud -- an unsubstantiated assertion that even members of law enforcement in his administration"
8,Refuted,Refuted,refuted,0,Allegations of widespread voter fraud in U.S. elections have been investigated and found unsubstantiated.,only fake evidence,investigations into widespread voter fraud allegations U.S. elections official findings,3,https://www.bbc.com/news/54562611,18.723724365234375,False,False,"US election 2020: 'Rigged' votes, body doubles and other false claims
In the final weeks of the US election campaign all manner of false and misleading things are being shared on social media.
Here are some of the most recent - and false - claims.
The Trump campaign has often claimed, without eviden"
8,Refuted,Refuted,refuted,0,Allegations of widespread voter fraud in U.S. elections have been investigated and found unsubstantiated.,only fake evidence,investigations into widespread voter fraud allegations U.S. elections official findings,4,https://www.brennancenter.org/our-work/research-reports/debunking-voter-fraud-myth,18.922813415527344,False,False,"Sensationalist claims have circulated this election season about the extent of voter fraud, with some politicians going so far as to tell voters to fear that this November’s election will be “rigged.”
Because electoral integrity is one of the elements necessary to making America the greatest democra"
8,Refuted,Refuted,refuted,1,"Election results certification timelines in the U.S. are determined by law, and delays occur due to administrative processes, not fraudulent intent.",not retrieved,U.S. election results certification timeline legal requirements administrative delays,0,https://www.fec.gov/introduction-campaign-finance/election-results-and-voting-information/,18.420454025268555,False,False,"The Federal Election Commission (FEC) has compiled the following information about elections and voting.
The FEC administers federal campaign finance laws; however, it has no jurisdiction over the laws relating to voting, voter fraud and intimidation, election results or the Electoral College.
Elect"
8,Refuted,Refuted,refuted,1,"Election results certification timelines in the U.S. are determined by law, and delays occur due to administrative processes, not fraudulent intent.",not retrieved,U.S. election results certification timeline legal requirements administrative delays,1,https://bipartisanpolicy.org/report/counting-the-vote-during-the-2020-election/,19.25031852722168,False,False,"On the evening of November 3, 2020 when the last votes are cast and polling places officially close, hundreds of millions of Americans will tune into news coverage to find out who won the presidential election—except they will not find their answer.
Viewers may have to wait days or longer for enough"
8,Refuted,Refuted,refuted,1,"Election results certification timelines in the U.S. are determined by law, and delays occur due to administrative processes, not fraudulent intent.",not retrieved,U.S. election results certification timeline legal requirements administrative delays,2,https://www.ncsl.org/elections-and-campaigns/canvass-certification-and-contested-election-deadlines-and-voter-intent-laws,19.977245330810547,False,False,"An election isn’t over when the polls close. It’s over when election administrators complete their postelection activities and the election results are certified.
As with everything else related to elections, state law governs these postelection processes—and there are 51 models.
This webpage review"
8,Refuted,Refuted,refuted,1,"Election results certification timelines in the U.S. are determined by law, and delays occur due to administrative processes, not fraudulent intent.",not retrieved,U.S. election results certification timeline legal requirements administrative delays,3,https://www.timesofisrael.com/us-election-results-may-be-delayed-but-not-because-of-fraud/,20.220739364624023,False,False,"US election results may be delayed — but not because of fraud
With expected surge in mail-in ballots, counting of votes in American presidential race could extend beyond election day, pushing off declaration of a winner
WASHINGTON (AP) — A shift to mail voting is increasing the chances that American"
8,Refuted,Refuted,refuted,1,"Election results certification timelines in the U.S. are determined by law, and delays occur due to administrative processes, not fraudulent intent.",not retrieved,U.S. election results certification timeline legal requirements administrative delays,4,https://www.lwv.org/blog/democracy-worth-waiting,20.268184661865234,False,False,"There are a lot of predictions about how the 2020 election will play out this November, but one thing is almost certain: we are not going to have results on election night.
With the increase in mail-in ballots in every state this year due to COVID-19 risks, immediate results are not possible on Nove"
8,Refuted,Refuted,refuted,2,"In the 2020 U.S. election, numerous lawsuits alleging voter fraud were dismissed by courts due to lack of evidence.",only fake evidence,2020 U.S. presidential election voter fraud lawsuits dismissed lack of evidence court rulings,0,https://www.forbes.com/sites/alisondurkee/2020/10/23/trump-mail-in-voter-fraud-claims-have-no-merit-courts-rule-new-jersey/,17.414804458618164,False,False,"President Donald Trump’s central argument against mail-in voting and his claim it will lead to widespread voter fraud has now been struck down in every state where it’s been challenged, as a federal judge on Thursday dismissed the Trump campaign’s lawsuit against New Jersey sending mailed ballots to"
8,Refuted,Refuted,refuted,2,"In the 2020 U.S. election, numerous lawsuits alleging voter fraud were dismissed by courts due to lack of evidence.",only fake evidence,2020 U.S. presidential election voter fraud lawsuits dismissed lack of evidence court rulings,1,https://www.theguardian.com/us-news/2020/aug/21/trump-campaign-voter-fraud-pennsylvania,17.623619079589844,False,False,"Donald Trump’s campaign failed to produce any evidence of vote-by-mail fraud in Pennsylvania after a federal judge ordered it do so, according to a 524-page court filing obtained by the Guardian.
The order came from US district judge Nicholas Ranjan, a Trump appointee, earlier this month amid a laws"
8,Refuted,Refuted,refuted,2,"In the 2020 U.S. election, numerous lawsuits alleging voter fraud were dismissed by courts due to lack of evidence.",only fake evidence,2020 U.S. presidential election voter fraud lawsuits dismissed lack of evidence court rulings,2,https://www.bbc.com/news/54562611,18.355388641357422,False,False,"US election 2020: 'Rigged' votes, body doubles and other false claims
In the final weeks of the US election campaign all manner of false and misleading things are being shared on social media.
Here are some of the most recent - and false - claims.
The Trump campaign has often claimed, without eviden"
8,Refuted,Refuted,refuted,2,"In the 2020 U.S. election, numerous lawsuits alleging voter fraud were dismissed by courts due to lack of evidence.",only fake evidence,2020 U.S. presidential election voter fraud lawsuits dismissed lack of evidence court rulings,3,https://apnews.com/article/f5f6a73b2af546ee97816bb35e82c18d,18.956064224243164,False,False,"Report: Trump commission did not find widespread voter fraud
PORTLAND, Maine (AP) — The now-disbanded voting integrity commission launched by the Trump administration uncovered no evidence to support claims of widespread voter fraud, according to an analysis of administration documents released Frid"
8,Refuted,Refuted,refuted,2,"In the 2020 U.S. election, numerous lawsuits alleging voter fraud were dismissed by courts due to lack of evidence.",only fake evidence,2020 U.S. presidential election voter fraud lawsuits dismissed lack of evidence court rulings,4,https://www.nbcnews.com/politics/politics-news/president-donald-trump-says-he-will-ask-major-investigation-allegations-n711956,19.186065673828125,False,False,"President Donald Trump continued to perpetuate unsubstantiated claims of election irregularities Wednesday by promising a ""major investigation"" into what he described as ""voter fraud.""
The announcement came after questions over Trump's repetition of a widely unproven claim that millions of ""illegal"""
8,Refuted,Refuted,refuted,3,"Mail-in voting systems have safeguards to prevent fraud, and instances of voter fraud are statistically rare.",not retrieved,mail-in voting safeguards against fraud voter fraud statistics rarity U.S. elections,0,https://abcnews.go.com/Politics/election-officials-dozens-states-dispute-president-trumps-claim/story?id=71833120,17.581514358520508,False,False,"Election officials from dozens of states dispute President Trump's claim mail-in voting will result in rampant fraud
The president and attorney general continue to push mail-in voting fraud claims.
Elections officials in dozens of states are standing firm in expressing confidence that they'll be abl"
8,Refuted,Refuted,refuted,3,"Mail-in voting systems have safeguards to prevent fraud, and instances of voter fraud are statistically rare.",not retrieved,mail-in voting safeguards against fraud voter fraud statistics rarity U.S. elections,1,https://www.cnn.com/2020/09/03/politics/election-threat-trump-mail-in-voting-claims-invs/index.html,17.96579933166504,False,False,"President Donald Trump has been claiming that the upcoming election will see “the greatest scam in the history of politics.”
But the scam has nothing to do with the kinds of skullduggery Trump and his allies claim we should expect as a record number of Americans vote by mail due to the pandemic: sup"
8,Refuted,Refuted,refuted,3,"Mail-in voting systems have safeguards to prevent fraud, and instances of voter fraud are statistically rare.",not retrieved,mail-in voting safeguards against fraud voter fraud statistics rarity U.S. elections,2,https://whyy.org/articles/fact-checking-president-trumps-charges-about-voter-fraud-and-mail-in-ballots-in-n-j/,18.076026916503906,False,False,"Fact-checking President Trump’s charges about voter fraud and mail-in ballots in N.J.
The system isn’t perfect, but voting by mail in New Jersey is far, far safer than the president’s ‘evidence’ suggests.
In last week’s presidential debate and in numerous rallies, President Donald Trump has cherry-p"
8,Refuted,Refuted,refuted,3,"Mail-in voting systems have safeguards to prevent fraud, and instances of voter fraud are statistically rare.",not retrieved,mail-in voting safeguards against fraud voter fraud statistics rarity U.S. elections,3,https://www.nbcnews.com/politics/donald-trump/trump-pushes-false-claims-about-mail-vote-fraud-here-are-n1180566,18.13095474243164,False,False,"As Democrats rally behind mail-in voting as a way to ensure Americans will be safe as they cast a ballot in November, President Donald Trump has begun arguing that an election conducted via the postal service would be riddled with fraud — an allegation based on a number of false or misleading claims"
8,Refuted,Refuted,refuted,3,"Mail-in voting systems have safeguards to prevent fraud, and instances of voter fraud are statistically rare.",not retrieved,mail-in voting safeguards against fraud voter fraud statistics rarity U.S. elections,4,https://www.npr.org/sections/coronavirus-live-updates/2020/04/07/829323152/fact-check-is-mail-ballot-fraud-as-rampant-as-president-trump-says-it-is,18.441394805908203,False,False,"Fact Check: Is Mail Ballot Fraud As Rampant As President Trump Says It Is?
Voting rights groups and many Democrats are ratcheting up pressure to make mail voting more available nationwide in response to the coronavirus pandemic, but President Trump is standing in opposition.
""Mail ballots are a very"
12,Refuted,Conflicting Evidence/Cherrypicking,refuted,0,Critics of the New Zealand Food Bill 2010 argued that its definitions could potentially regulate or penalize home gardeners for sharing seeds and produce.,only fake evidence,New Zealand Food Bill 2010 criticism home gardening seeds sharing regulations,0,https://knowyourmeme.com/memes/new-zealand-gardening-law-hoax,16.246936798095703,False,False,"PROTIP: Press 'i' to view the image gallery, 'v' to view the video gallery, or 'r' to view a random entry.
This submission is currently being researched & evaluated!
You can help confirm this entry by contributing facts, media, and other evidence of notability and mutation.
New Zealand Gardening Ban"
12,Refuted,Conflicting Evidence/Cherrypicking,refuted,0,Critics of the New Zealand Food Bill 2010 argued that its definitions could potentially regulate or penalize home gardeners for sharing seeds and produce.,only fake evidence,New Zealand Food Bill 2010 criticism home gardening seeds sharing regulations,1,https://www.beehive.govt.nz/release/food-bill-make-food-safer-%E2%80%93-not-restrict-small-traders,17.814390182495117,False,False,"Food Bill to make food safer – not restrict small tradersFood Safety
Food Safety Minister Kate Wilkinson says opponents of the Government’s draft Food Bill are scaremongering about its impacts.
""Much of what they claim is untrue and causing many people unnecessary concern,"" Ms Wilkinson says.
“The B"
12,Refuted,Conflicting Evidence/Cherrypicking,refuted,0,Critics of the New Zealand Food Bill 2010 argued that its definitions could potentially regulate or penalize home gardeners for sharing seeds and produce.,only fake evidence,New Zealand Food Bill 2010 criticism home gardening seeds sharing regulations,2,https://www.beehive.govt.nz/release/greens-wrong-food-bill,18.140079498291016,True,False,"Food Safety Minister Kate Wilkinson says she is concerned that the Green Party is endorsing misinformation about the impacts of a new Food Bill.
“For some time anonymous agitators have been spreading false information on the internet regarding the Food Bill and despite initially countering their vie"
12,Refuted,Conflicting Evidence/Cherrypicking,refuted,0,Critics of the New Zealand Food Bill 2010 argued that its definitions could potentially regulate or penalize home gardeners for sharing seeds and produce.,only fake evidence,New Zealand Food Bill 2010 criticism home gardening seeds sharing regulations,3,https://en.wikipedia.org/wiki/Gardening_in_New_Zealand,18.205955505371094,False,False,"Gardening is a popular pastime in New Zealand. A 2007/2008 survey of physical activities found that 43% of New Zealanders had participated in gardening in the previous 12 months.[1]
A range of books, magazines and television programmes are dedicated to the topic.
New Zealand has restrictions on trad"
12,Refuted,Conflicting Evidence/Cherrypicking,refuted,0,Critics of the New Zealand Food Bill 2010 argued that its definitions could potentially regulate or penalize home gardeners for sharing seeds and produce.,only fake evidence,New Zealand Food Bill 2010 criticism home gardening seeds sharing regulations,4,https://thespinoff.co.nz/media/18-06-2016/new-zealands-absurd-gardening-ban-once-again-makes-us-the-laughing-stock-of-the-internet-2,18.326885223388672,False,False,"The internet rediscovered New Zealand’s longstanding ban on personal gardens, and it collectively lost its mind.
Joshua Drummond argues that the ban has had its day.
Well, it happened again. We should be used to it by now. It’s only a year since the topic of New Zealand’s gardening ban last exploded"
12,Refuted,Conflicting Evidence/Cherrypicking,refuted,1,"The Food Bill 2010 was primarily aimed at regulating food businesses and improving food safety, not at banning gardening for personal use.",contradicted by fake,New Zealand Food Act 2014 does not apply to private gardening personal use exemption,0,https://knowyourmeme.com/memes/new-zealand-gardening-law-hoax,15.728166580200195,False,False,"PROTIP: Press 'i' to view the image gallery, 'v' to view the video gallery, or 'r' to view a random entry.
This submission is currently being researched & evaluated!
You can help confirm this entry by contributing facts, media, and other evidence of notability and mutation.
New Zealand Gardening Ban"
12,Refuted,Conflicting Evidence/Cherrypicking,refuted,1,"The Food Bill 2010 was primarily aimed at regulating food businesses and improving food safety, not at banning gardening for personal use.",contradicted by fake,New Zealand Food Act 2014 does not apply to private gardening personal use exemption,1,https://thespinoff.co.nz/media/18-06-2016/new-zealands-absurd-gardening-ban-once-again-makes-us-the-laughing-stock-of-the-internet-2,17.061019897460938,False,False,"The internet rediscovered New Zealand’s longstanding ban on personal gardens, and it collectively lost its mind.
Joshua Drummond argues that the ban has had its day.
Well, it happened again. We should be used to it by now. It’s only a year since the topic of New Zealand’s gardening ban last exploded"
12,Refuted,Conflicting Evidence/Cherrypicking,refuted,1,"The Food Bill 2010 was primarily aimed at regulating food businesses and improving food safety, not at banning gardening for personal use.",contradicted by fake,New Zealand Food Act 2014 does not apply to private gardening personal use exemption,2,https://www.buzzfeed.com/bradesposito/nz-garden-ban,17.66718292236328,False,False,"So there's this rumour going around that it's illegal to grow a garden in New Zealand.
A lot of people seem to think that gardening, growing fruit and vegetables, and basically owning anything to do with horticulture is illegal.
Well, you'll be happy to know that it's absolutely, 100% NOT illegal to"
12,Refuted,Conflicting Evidence/Cherrypicking,refuted,1,"The Food Bill 2010 was primarily aimed at regulating food businesses and improving food safety, not at banning gardening for personal use.",contradicted by fake,New Zealand Food Act 2014 does not apply to private gardening personal use exemption,3,https://en.wikipedia.org/wiki/Gardening_in_New_Zealand,18.109542846679688,False,False,"Gardening is a popular pastime in New Zealand. A 2007/2008 survey of physical activities found that 43% of New Zealanders had participated in gardening in the previous 12 months.[1]
A range of books, magazines and television programmes are dedicated to the topic.
New Zealand has restrictions on trad"
12,Refuted,Conflicting Evidence/Cherrypicking,refuted,1,"The Food Bill 2010 was primarily aimed at regulating food businesses and improving food safety, not at banning gardening for personal use.",contradicted by fake,New Zealand Food Act 2014 does not apply to private gardening personal use exemption,4,https://www.huffpost.com/entry/new-zealand-gardening-ban_n_57696251e4b0a75709b7d6ac,18.327550888061523,False,False,"New Zealand can seem like a magical and perplexing place to North Americans. Are there like, hobbits and elves there?
(Only sort of.) Do the toilets flush the other way? (No.)
Another thing it’s probably important to clear up: Gardening is not banned in New Zealand.
Sooo.. why are some people either"
12,Refuted,Conflicting Evidence/Cherrypicking,refuted,2,"Public campaigns and petitions claimed the Food Bill would make gardening illegal, which was a contested interpretation not supported by the bill's text.",only fake evidence,New Zealand Food Bill gardening ban petitions public campaigns protests,0,https://knowyourmeme.com/memes/new-zealand-gardening-law-hoax,15.638192176818848,False,False,"PROTIP: Press 'i' to view the image gallery, 'v' to view the video gallery, or 'r' to view a random entry.
This submission is currently being researched & evaluated!
You can help confirm this entry by contributing facts, media, and other evidence of notability and mutation.
New Zealand Gardening Ban"
12,Refuted,Conflicting Evidence/Cherrypicking,refuted,2,"Public campaigns and petitions claimed the Food Bill would make gardening illegal, which was a contested interpretation not supported by the bill's text.",only fake evidence,New Zealand Food Bill gardening ban petitions public campaigns protests,1,https://www.bbc.com/news/blogs-news-from-elsewhere-34571055,17.212047576904297,False,False,"New Zealand: Gardeners dig in over 'verge gardens'
A row is brewing in New Zealand over what residents are allowed to do with the grass verges outside their homes.
Two years ago, Auckland Council announced it would no longer mow the verges, known locally as berms, handing responsibility for maintain"
12,Refuted,Conflicting Evidence/Cherrypicking,refuted,2,"Public campaigns and petitions claimed the Food Bill would make gardening illegal, which was a contested interpretation not supported by the bill's text.",only fake evidence,New Zealand Food Bill gardening ban petitions public campaigns protests,2,https://en.wikipedia.org/wiki/Gardening_in_New_Zealand,17.361732482910156,False,False,"Gardening is a popular pastime in New Zealand. A 2007/2008 survey of physical activities found that 43% of New Zealanders had participated in gardening in the previous 12 months.[1]
A range of books, magazines and television programmes are dedicated to the topic.
New Zealand has restrictions on trad"
12,Refuted,Conflicting Evidence/Cherrypicking,refuted,2,"Public campaigns and petitions claimed the Food Bill would make gardening illegal, which was a contested interpretation not supported by the bill's text.",only fake evidence,New Zealand Food Bill gardening ban petitions public campaigns protests,3,https://thespinoff.co.nz/media/18-06-2016/new-zealands-absurd-gardening-ban-once-again-makes-us-the-laughing-stock-of-the-internet-2,17.41326332092285,False,False,"The internet rediscovered New Zealand’s longstanding ban on personal gardens, and it collectively lost its mind.
Joshua Drummond argues that the ban has had its day.
Well, it happened again. We should be used to it by now. It’s only a year since the topic of New Zealand’s gardening ban last exploded"
12,Refuted,Conflicting Evidence/Cherrypicking,refuted,2,"Public campaigns and petitions claimed the Food Bill would make gardening illegal, which was a contested interpretation not supported by the bill's text.",only fake evidence,New Zealand Food Bill gardening ban petitions public campaigns protests,4,https://www.buzzfeed.com/bradesposito/nz-garden-ban,17.45416831970215,False,False,"So there's this rumour going around that it's illegal to grow a garden in New Zealand.
A lot of people seem to think that gardening, growing fruit and vegetables, and basically owning anything to do with horticulture is illegal.
Well, you'll be happy to know that it's absolutely, 100% NOT illegal to"
14,Refuted,Refuted,refuted,0,The UN Security Council maintains an agenda item on the Kashmir dispute known as 'The India-Pakistan Question.',only fake evidence,UN Security Council India-Pakistan Question agenda item,0,https://www.aa.com.tr/en/analysis/kashmir-and-the-un-security-council/1971039,13.826932907104492,False,False,"India, China conflict; India, Pakistan hostilities will lead whole region to nuclear catastrophe if Kashmir issue goes unresolved
The writer is the secretary general of Washington-based World Kashmir Awareness Forum.
India’s Ambassador to the United Nations T. S. Tirumurti has asked the Security Cou"
14,Refuted,Refuted,refuted,0,The UN Security Council maintains an agenda item on the Kashmir dispute known as 'The India-Pakistan Question.',only fake evidence,UN Security Council India-Pakistan Question agenda item,1,https://www.ndtv.com/india-news/india-calls-for-removing-j-k-issue-from-un-security-council-outdated-agenda-item-2288953,16.105987548828125,False,False,"The Council had held closed consultations on the issue of Jammu and Kashmir on August 16 last year.
India at the UN has called for permanently removing the issue of Jammu and Kashmir under the ""outdated agenda item"" of the ""India-Pakistan question'' from the Security Council's agenda, saying such ""i"
14,Refuted,Refuted,refuted,0,The UN Security Council maintains an agenda item on the Kashmir dispute known as 'The India-Pakistan Question.',only fake evidence,UN Security Council India-Pakistan Question agenda item,2,https://www.dawn.com/news/1578012,16.37417221069336,False,False,"UNITED NATIONS: Pakistan reminded India on Friday that Kashmir cannot be removed from the agenda of the UN Security Council (UNSC), which was committed to resolving the issue according to the wishes of the Kashmiri people.
“Indian representatives are either deluding themselves, or deluding their pub"
14,Refuted,Refuted,refuted,0,The UN Security Council maintains an agenda item on the Kashmir dispute known as 'The India-Pakistan Question.',only fake evidence,UN Security Council India-Pakistan Question agenda item,3,https://www.indiatoday.in/india/story/india-calls-for-permanently-removing-jammu-and-kashmir-issue-under-outdated-agenda-item-from-unsc-1717641-2020-09-02,16.534221649169922,False,False,"India calls for permanently removing Jammu and Kashmir issue under 'outdated agenda item' from UNSC
India at the UN has called for permanently removing the issue of Jammu and Kashmir under the outdated agenda item of the India-Pakistan question from the Security Council's agenda.
India at the UN has"
14,Refuted,Refuted,refuted,0,The UN Security Council maintains an agenda item on the Kashmir dispute known as 'The India-Pakistan Question.',only fake evidence,UN Security Council India-Pakistan Question agenda item,4,https://www.france24.com/en/20190814-pakistan-india-kashmir-united-nations-security-council-special-status,16.779516220092773,False,False,"Pakistan asks UN Security Council to meet over India's revocation of Kashmir special status
Pakistan on Tuesday asked the United Nations Security Council to meet over India's decision to revoke the special status of Jammu and Kashmir, the Himalayan region that has long been a flashpoint in ties betw"
14,Refuted,Refuted,refuted,1,The UN Security Council's agenda item on Kashmir has been present since 1948.,not retrieved,history of UN Security Council India-Pakistan Question 1948,0,https://peacekeeping.un.org/mission/past/unipombackgr.html,16.63687515258789,False,False,"In August 1947, India and Pakistan became independent. Under the scheme of partition provided by the Indian Independence Act of 1947, Kashmir was free to accede to India or Pakistan.
Its accession to India became a matter of dispute between the two countries and fighting broke out later that year.
I"
14,Refuted,Refuted,refuted,1,The UN Security Council's agenda item on Kashmir has been present since 1948.,not retrieved,history of UN Security Council India-Pakistan Question 1948,1,https://www.thoughtco.com/un-resolution-referendum-on-kashmir-2353455,16.85755157470703,False,False,"Humanities › Issues Text of 1949 UN Resolution Calling for Referendum on Kashmir Print Sirintra Pumsopa/Getty Images Issues The Middle East Basics
The U. S. Government U.S. Foreign Policy U.S. Liberal Politics U.S. Conservative Politics Women's Issues Civil Liberties Race Relations Immigration Crime"
14,Refuted,Refuted,refuted,1,The UN Security Council's agenda item on Kashmir has been present since 1948.,not retrieved,history of UN Security Council India-Pakistan Question 1948,2,https://www.pakungeneva.pk/ContentPage.aspx?ID=39,17.685348510742188,False,False,"Since 1948, the UN Security Council has adopted over a dozen resolutions on the Jammu & Kashmir dispute.
Following India’s illegal moves of 05 August 2019, a number of communications, sent by Pakistan, has been issued as official documents of the Security Council under the agenda item “India-Pakista"
14,Refuted,Refuted,refuted,1,The UN Security Council's agenda item on Kashmir has been present since 1948.,not retrieved,history of UN Security Council India-Pakistan Question 1948,3,https://m.timesofindia.com/india/unsc-doesnt-list-jk-as-dispute/articleshow/6931920.cms,17.702348709106445,False,False,"NEW DELHI: An annual report of the UN Security Council
has once again dropped mention of Jammu and Kashmir, in keeping with a trend that started in 2006, leaving Pakistani diplomats crying foul.
On Monday, Pakistan's envoy Amjad Sial told the General Assembly debating the annual report of the UNSC t"
14,Refuted,Refuted,refuted,1,The UN Security Council's agenda item on Kashmir has been present since 1948.,not retrieved,history of UN Security Council India-Pakistan Question 1948,4,https://search.archives.un.org/downloads/united-nations-commission-for-india-and-pakistan-uncip-1948-1950.pdf,17.70401954650879,False,False,"Summary of AG-046 United Nations Commission for India
United Nations Commission for India and Pakistan (UNCIP) (1948-1950)
The United Nations Commission for India and Pakistan's (UNCIP) task was to investigate and mediate the
India/Pakistan dispute over the future of the state of Jammu and Kashmir. "
14,Refuted,Refuted,refuted,2,"The Kashmir dispute is still considered unresolved by the United Nations, with no formal removal from any relevant lists.",contradicted by fake,UN Kashmir dispute unresolved no removal from list,0,https://www.thehindu.com/news/national/Jammu-and-Kashmir-out-of-U.N.-list-of-disputes/article15687886.ece,16.24110221862793,False,False,"Jammu and Kashmir has been removed from the United Nations list of unresolved disputes, in a setback to Pakistan which has been asking the world body to intervene on the issue.
The omission of Jammu and Kashmir from the list of disputes under the observation of the Security Council was noticed by Pa"
14,Refuted,Refuted,refuted,2,"The Kashmir dispute is still considered unresolved by the United Nations, with no formal removal from any relevant lists.",contradicted by fake,UN Kashmir dispute unresolved no removal from list,1,https://www.ndtv.com/india-news/jammu-and-kashmir-removed-from-list-of-disputes-under-un-439267,16.99093246459961,False,False,"In a significant development, Jammu and Kashmir has been removed from the United Nations(UN) list of unresolved disputes, giving a setback to Pakistan which has been asking the world body to intervene on the issue.
The omission of Jammu and Kashmir from a list of disputes under the observation of th"
14,Refuted,Refuted,refuted,2,"The Kashmir dispute is still considered unresolved by the United Nations, with no formal removal from any relevant lists.",contradicted by fake,UN Kashmir dispute unresolved no removal from list,2,https://m.economictimes.com/news/politics-and-nation/jammu-and-kashmir-removed-from-list-of-disputes-under-un/articleshow/6927150.cms,17.045970916748047,False,False,"In a significant development, Jammu and Kashmir has been removed from the UN list of unresolved disputes, giving a setback to Pakistan which has been asking the world body to intervene on the issue.
The omission of Jammu and Kashmir from a list of disputes under the observation of the UN Security Co"
14,Refuted,Refuted,refuted,2,"The Kashmir dispute is still considered unresolved by the United Nations, with no formal removal from any relevant lists.",contradicted by fake,UN Kashmir dispute unresolved no removal from list,3,https://www.dawn.com/news/1578012,17.819189071655273,False,False,"UNITED NATIONS: Pakistan reminded India on Friday that Kashmir cannot be removed from the agenda of the UN Security Council (UNSC), which was committed to resolving the issue according to the wishes of the Kashmiri people.
“Indian representatives are either deluding themselves, or deluding their pub"
14,Refuted,Refuted,refuted,2,"The Kashmir dispute is still considered unresolved by the United Nations, with no formal removal from any relevant lists.",contradicted by fake,UN Kashmir dispute unresolved no removal from list,4,https://m.timesofindia.com/india/unsc-doesnt-list-jk-as-dispute/articleshow/6931920.cms,18.125591278076172,False,False,"NEW DELHI: An annual report of the UN Security Council
has once again dropped mention of Jammu and Kashmir, in keeping with a trend that started in 2006, leaving Pakistani diplomats crying foul.
On Monday, Pakistan's envoy Amjad Sial told the General Assembly debating the annual report of the UNSC t"
14,Refuted,Refuted,refuted,3,"UN officials have commented on the Kashmir issue in recent years, such as after the revocation of Article 370 in 2019.",not retrieved,UN officials statement Kashmir Article 370 2019,0,https://m.economictimes.com/news/politics-and-nation/pakistan-foreign-minister-qureshi-wrote-letter-to-un-last-week-on-kashmir/articleshow/70549795.cms,15.939562797546387,False,False,"Pakistan Foreign Minister Shah Mahmood Qureshi last week wrote a letter to the UN in which it warned that India was ""preparing ground"" to withdraw the special status of Jammu and Kashmir, the Foreign Office has said.
The Foreign Office on Monday night issued the text of the letter Qureshi sent on Au"
14,Refuted,Refuted,refuted,3,"UN officials have commented on the Kashmir issue in recent years, such as after the revocation of Article 370 in 2019.",not retrieved,UN officials statement Kashmir Article 370 2019,1,https://www.voanews.com/a/south-central-asia_un-security-council-discusses-kashmir-escalation/6173965.html,17.179258346557617,False,False,"UNITED NATIONS - The U.N. Security Council met privately Friday to discuss India's Aug. 5 decision to revoke the special status of Jammu and Kashmir, which has led to a security crackdown in the territory and an escalation in tensions with neighboring Pakistan.
Permanent council member China request"
14,Refuted,Refuted,refuted,3,"UN officials have commented on the Kashmir issue in recent years, such as after the revocation of Article 370 in 2019.",not retrieved,UN officials statement Kashmir Article 370 2019,2,https://www.aljazeera.com/news/2019/8/5/kashmir-special-status-explained-what-are-articles-370-and-35a,17.368127822875977,False,False,"Kashmir special status explained: What are Articles 370 and 35A?
Indian government abolishes decades-old laws that gave a measure of autonomy to the disputed Muslim-majority region.
India has scrapped a law that grants special status to Indian-administered Kashmir amid an indefinite lockdown and mas"
14,Refuted,Refuted,refuted,3,"UN officials have commented on the Kashmir issue in recent years, such as after the revocation of Article 370 in 2019.",not retrieved,UN officials statement Kashmir Article 370 2019,3,https://www.bbc.com/news/world-asia-india-49234708,17.574188232421875,False,False,"Article 370: What happened with Kashmir and why it matters
India's BJP-led government is hailing its decision to strip the state of Jammu and Kashmir of autonomy after seven decades, characterising it as the correction of a ""historical blunder"".
The BBC's Geeta Pandey in Delhi explains why this has "
14,Refuted,Refuted,refuted,3,"UN officials have commented on the Kashmir issue in recent years, such as after the revocation of Article 370 in 2019.",not retrieved,UN officials statement Kashmir Article 370 2019,4,https://news.un.org/en/story/2019/08/1043961,17.660703659057617,False,False,"Guterres appeals for ‘maximum restraint’ over Jammu and Kashmir, as tensions rise
The UN Secretary-General António Guterres appealed for ‘maximum restraint’ over the territory of Jammu and Kashmir on Thursday, which has been disputed by India and Pakistan, since the end of British rule in the late 1"
17,Refuted,Refuted,refuted,0,"U.S. election rules for ballot receipt deadlines are set by individual states, not a uniform federal law.","InFact has a fake source that directly contradicts this by claiming federal law exists, and the real sources do not explicitly confirm state-based rule-setting.",are US ballot receipt deadlines set by states or federal law,0,https://www.sos.state.tx.us/elections/laws/advisory2018-02.shtml,17.345684051513672,False,False,"Ballot by Mail Deadlines; HB 1151, HB 929 (Regular Session); SB 5 (Special Session)
This advisory is an overview of changes affecting application for ballot by mail and ballot return deadlines.
For specific deadlines for a spring 2018 election date, see Election Law Advisory No. 2017-07 - March 6, 2"
17,Refuted,Refuted,refuted,0,"U.S. election rules for ballot receipt deadlines are set by individual states, not a uniform federal law.","InFact has a fake source that directly contradicts this by claiming federal law exists, and the real sources do not explicitly confirm state-based rule-setting.",are US ballot receipt deadlines set by states or federal law,1,https://www.azcentral.com/story/news/politics/elections/2019/11/27/arizona-mail-ballot-deadline-lawsuit-filed-voto-latino-priorities-usa/4310966002/,18.202075958251953,False,False,"Lawsuit challenges Arizona's deadline for mail ballots
Two political advocacy groups are asking a federal judge to strike down Arizona’s deadline for voters to submit their early ballots by mail.
Under state law, early ballots must reach election officials by the time polls close at 7 p.m. on Electi"
17,Refuted,Refuted,refuted,0,"U.S. election rules for ballot receipt deadlines are set by individual states, not a uniform federal law.","InFact has a fake source that directly contradicts this by claiming federal law exists, and the real sources do not explicitly confirm state-based rule-setting.",are US ballot receipt deadlines set by states or federal law,2,https://www.npr.org/2020/09/14/909338758/map-mail-in-voting-rules-by-state,19.163368225097656,False,False,"Map: Mail-In Voting Rules By State — And The Deadlines You Need
In response to the coronavirus pandemic, dozens of states have modified their rules for mail-in voting in November's elections.
Some of those changes are more substantial than others.
California, Nevada, New Jersey and Vermont, along wi"
17,Refuted,Refuted,refuted,0,"U.S. election rules for ballot receipt deadlines are set by individual states, not a uniform federal law.","InFact has a fake source that directly contradicts this by claiming federal law exists, and the real sources do not explicitly confirm state-based rule-setting.",are US ballot receipt deadlines set by states or federal law,3,https://www.ocfelections.com/vote-by-mail,19.16739273071289,False,False,"Sign up for BallotTrax to get notified (via text or email) of the status of your vote-by-mail ballot, from when it's printed to when it's accepted!
See the progress of your vote-by-mail ballot (if your request has been received, and if your ballot has been mailed, received, accepted).
Vote-by-mail r"
17,Refuted,Refuted,refuted,0,"U.S. election rules for ballot receipt deadlines are set by individual states, not a uniform federal law.","InFact has a fake source that directly contradicts this by claiming federal law exists, and the real sources do not explicitly confirm state-based rule-setting.",are US ballot receipt deadlines set by states or federal law,4,https://www.law.cornell.edu/supremecourt/text/20A66,19.50656509399414,False,False,"DEMOCRATIC NATIONAL COMMITTEE, et al. v. WISCONSIN STATE LEGISLATURE, et al.
DEMOCRATIC NATIONAL COMMITTEE, et al. v. WISCONSIN STATE LEGISLATURE, et al.
Justice Gorsuch, with whom Justice Kavanaugh joins, concurring in denial of application to vacate stay.
Weeks before a national election, a Federa"
17,Refuted,Refuted,refuted,1,"Some states, like Florida and Texas, require mail-in ballots to be received by Election Day to be counted.",Not retrieved; InFact's real evidence does not mention specific states with strict deadlines like Florida or Texas.,Florida mail-in ballot must be received by Election Day,0,http://miamidade.gov/elections/vote-by-mail.asp,15.297091484069824,False,False,"Due to recent changes in Florida law, all requests for vote-by-mail ballots expired at the end of 2022.
Therefore, any request on file has expired. If you want to continue voting by mail, please submit your request today.
Miami-Dade County voters may choose to receive a vote-by-mail ballot for a spe"
17,Refuted,Refuted,refuted,1,"Some states, like Florida and Texas, require mail-in ballots to be received by Election Day to be counted.",Not retrieved; InFact's real evidence does not mention specific states with strict deadlines like Florida or Texas.,Florida mail-in ballot must be received by Election Day,1,https://chicagoelections.gov/voting/vote-mail,17.42460823059082,False,False,"You can always sign up for the vote by mail permanent roster. This ensures that you get mailed a ballot for all future elections.
You can edit and opt out too. Click Here to Join the Vote By Mail Permanent Roster
Applications to Vote By Mail for the March 19, 2024 Presidential Primary Election are n"
17,Refuted,Refuted,refuted,1,"Some states, like Florida and Texas, require mail-in ballots to be received by Election Day to be counted.",Not retrieved; InFact's real evidence does not mention specific states with strict deadlines like Florida or Texas.,Florida mail-in ballot must be received by Election Day,2,https://www.sos.state.tx.us/elections/laws/advisory2018-02.shtml,17.478992462158203,False,False,"Ballot by Mail Deadlines; HB 1151, HB 929 (Regular Session); SB 5 (Special Session)
This advisory is an overview of changes affecting application for ballot by mail and ballot return deadlines.
For specific deadlines for a spring 2018 election date, see Election Law Advisory No. 2017-07 - March 6, 2"
17,Refuted,Refuted,refuted,1,"Some states, like Florida and Texas, require mail-in ballots to be received by Election Day to be counted.",Not retrieved; InFact's real evidence does not mention specific states with strict deadlines like Florida or Texas.,Florida mail-in ballot must be received by Election Day,3,https://www.vote.org/absentee-ballot-deadlines/,17.571674346923828,False,False,"Received by noon on Election Day if delivered by mail or if delivered by medical emergency designee. Received by 5pm on the day before the election if hand delivered.
- In Person: Received 10 days before Election Day.
Postmarked by Election Day and received 10 days after Election Day.
- In Person: R"
17,Refuted,Refuted,refuted,1,"Some states, like Florida and Texas, require mail-in ballots to be received by Election Day to be counted.",Not retrieved; InFact's real evidence does not mention specific states with strict deadlines like Florida or Texas.,Florida mail-in ballot must be received by Election Day,4,https://www.ocfelections.com/vote-by-mail,17.659263610839844,False,False,"Sign up for BallotTrax to get notified (via text or email) of the status of your vote-by-mail ballot, from when it's printed to when it's accepted!
See the progress of your vote-by-mail ballot (if your request has been received, and if your ballot has been mailed, received, accepted).
Vote-by-mail r"
17,Refuted,Refuted,refuted,2,"Other states, such as California, allow ballots postmarked by Election Day to be counted if they arrive within a grace period.",Not retrieved; InFact's real evidence does not cover California or similar states with grace periods.,California mail-in ballot postmark deadline grace period,0,https://www.plannedparenthood.org/planned-parenthood-pacific-southwest/blog/voting-by-mail,17.340473175048828,False,False,"This year, due to the COVID-19 pandemic, all registered voters in California will receive a vote-by-mail ballot for the November 3, 2020 General Election.
Though all voters will have an opportunity to vote by mail in November, there will also be in-person voting locations for those who prefer voting"
17,Refuted,Refuted,refuted,2,"Other states, such as California, allow ballots postmarked by Election Day to be counted if they arrive within a grace period.",Not retrieved; InFact's real evidence does not cover California or similar states with grace periods.,California mail-in ballot postmark deadline grace period,1,https://www.gov.ca.gov/2020/05/08/governor-newsom-issues-executive-order-to-protect-public-health-by-mailing-every-registered-voter-a-ballot-ahead-of-the-november-general-election/,19.17818260192871,False,False,"SACRAMENTO — Recognizing the threat COVID-19 continues to pose to public health, Governor Gavin Newsom today signed an executive order to ensure that Californians can exercise their right to vote in a safe and accessible manner during the General Election this November.
The order requires that each "
17,Refuted,Refuted,refuted,2,"Other states, such as California, allow ballots postmarked by Election Day to be counted if they arrive within a grace period.",Not retrieved; InFact's real evidence does not cover California or similar states with grace periods.,California mail-in ballot postmark deadline grace period,2,https://www.sos.state.tx.us/elections/laws/advisory2018-02.shtml,19.223033905029297,False,False,"Ballot by Mail Deadlines; HB 1151, HB 929 (Regular Session); SB 5 (Special Session)
This advisory is an overview of changes affecting application for ballot by mail and ballot return deadlines.
For specific deadlines for a spring 2018 election date, see Election Law Advisory No. 2017-07 - March 6, 2"
17,Refuted,Refuted,refuted,2,"Other states, such as California, allow ballots postmarked by Election Day to be counted if they arrive within a grace period.",Not retrieved; InFact's real evidence does not cover California or similar states with grace periods.,California mail-in ballot postmark deadline grace period,3,https://www.ocfelections.com/vote-by-mail,19.28921890258789,False,False,"Sign up for BallotTrax to get notified (via text or email) of the status of your vote-by-mail ballot, from when it's printed to when it's accepted!
See the progress of your vote-by-mail ballot (if your request has been received, and if your ballot has been mailed, received, accepted).
Vote-by-mail r"
17,Refuted,Refuted,refuted,2,"Other states, such as California, allow ballots postmarked by Election Day to be counted if they arrive within a grace period.",Not retrieved; InFact's real evidence does not cover California or similar states with grace periods.,California mail-in ballot postmark deadline grace period,4,https://wildcatsports.com/sports/2020/9/22/voter-information.aspx,19.336275100708008,False,False,"(All registered voters will receive a mail-in ballot for the November 3, 2020 General Election at least 18 days prior to the election.
Secure Drop boxes are unlocked/opened 21 days prior to each election, and available at the following locations:
Application deadline: Registered voters do not have t"
19,Refuted,Supported,refuted,0,A conflict erupted in Sudan in April 2023 between the Sudanese army and the Rapid Support Forces (RSF).,contradicted by fake,Sudan conflict April 2023 Sudanese army Rapid Support Forces RSF,0,https://www.ushmm.org/genocide-prevention/countries/sudan,19.963851928710938,False,False,"Since Sudan gained independence 1956, more than 2.5 million Sudanese have been killed as a result of brutal conflicts, including two civil wars that resulted in the breaking away in 2011 of what is now South Sudan.
From 2003–2005, the government of Sudan under President Omar al-Bashir, with the help"
19,Refuted,Supported,refuted,0,A conflict erupted in Sudan in April 2023 between the Sudanese army and the Rapid Support Forces (RSF).,contradicted by fake,Sudan conflict April 2023 Sudanese army Rapid Support Forces RSF,1,https://www.hrw.org/report/2004/05/06/darfur-destroyed/ethnic-cleansing-government-and-militia-forces-western-sudan,20.029376983642578,False,False,"The government of Sudan is responsible for ""ethnic cleansing"" and crimes against humanity in Darfur, one of the world's poorest and most inaccessible regions, on Sudan's western border with Chad.
The Sudanese government and the Arab ""Janjaweed"" militias it arms and supports have committed numerous a"
19,Refuted,Supported,refuted,0,A conflict erupted in Sudan in April 2023 between the Sudanese army and the Rapid Support Forces (RSF).,contradicted by fake,Sudan conflict April 2023 Sudanese army Rapid Support Forces RSF,2,https://travel.state.gov/content/travel/en/traveladvisories/traveladvisories/sudan-travel-advisory.html,20.58428382873535,False,False,"Travel.State.Gov > Travel Advisories > Sudan Travel Advisory
Reissued with updates to the security situation and post departure status.
Do not travel to Sudan due to armed conflict, civil unrest, crime, terrorism, and kidnapping.
On April 22, 2023, the U.S. Embassy in Khartoum suspended its operatio"
19,Refuted,Supported,refuted,0,A conflict erupted in Sudan in April 2023 between the Sudanese army and the Rapid Support Forces (RSF).,contradicted by fake,Sudan conflict April 2023 Sudanese army Rapid Support Forces RSF,3,https://www.usaid.gov/humanitarian-assistance/sudan,20.590167999267578,False,False,"Sudan continues to face the effects of ongoing conflict, economic shocks, political unrest, and recurrent environmental hazards, such as drought and flooding, resulting in 15.8 million people requiring humanitarian assistance during 2023, according to the 2023 UN Humanitarian Response Plan for Sudan"
19,Refuted,Supported,refuted,0,A conflict erupted in Sudan in April 2023 between the Sudanese army and the Rapid Support Forces (RSF).,contradicted by fake,Sudan conflict April 2023 Sudanese army Rapid Support Forces RSF,4,https://www.thenationalnews.com/world/africa/aid-workers-kidnapped-in-darfur-1.632513,21.06123161315918,False,False,"Five members of the Belgian branch of Medicins sans Frontieres (MSF) have been kidnapped in Sudan's Darfur.
Citizens of France, Canada and Italy were among those kidnapped last night by a group of armed men who entered the workers' office in Saraf Umra, an official said.
""I can confirm the kidnap of"
19,Refuted,Supported,refuted,1,"During this conflict, the French embassy in Khartoum was attacked or sustained damage.",contradicted by fake,French embassy Khartoum attacked or damaged 2023 Sudan conflict,0,https://sudantribune.com/article43255/,17.052261352539062,False,False,"Sudan tightens security measures around Western embassies ahead of new protests
September 20, 2012 (KHARTOUM) – Sudanese security forces tightened security around a number of Western embassies in Khartoum in anticipation of a new wave of protests after Friday prayer following the publication of new "
19,Refuted,Supported,refuted,1,"During this conflict, the French embassy in Khartoum was attacked or sustained damage.",contradicted by fake,French embassy Khartoum attacked or damaged 2023 Sudan conflict,1,https://www.france24.com/en/tag/embassy/,17.360679626464844,False,False,"France 24 - International breaking news, top stories and headlines
France expels two Azerbaijan diplomats in 'reciprocity' move
Swedish embassy in Iraq stormed: Protesters angered over quran burning in Sweden
Sudan fighting: Blinken says US is pressing leaders to expand ceasefire
Sudan fighting cont"
19,Refuted,Supported,refuted,1,"During this conflict, the French embassy in Khartoum was attacked or sustained damage.",contradicted by fake,French embassy Khartoum attacked or damaged 2023 Sudan conflict,2,https://www.boomlive.in/fake-news/2012-embassy-attacks-in-sudan-falsely-shared-as-attack-on-french-embassy-10392,17.541818618774414,False,False,"2012 Embassy Attacks In Sudan Falsely Shared As Attack On French Embassy
BOOM found that the viral clip is from September 2012 when protests broke out in Khartoum, Sudan outside the embassies of western countries like US, UK and Germany over a US film critical of Islam.
An eight-year-old video showi"
19,Refuted,Supported,refuted,1,"During this conflict, the French embassy in Khartoum was attacked or sustained damage.",contradicted by fake,French embassy Khartoum attacked or damaged 2023 Sudan conflict,3,https://travel.state.gov/content/travel/en/traveladvisories/traveladvisories/sudan-travel-advisory.html,17.87318992614746,False,False,"Travel.State.Gov > Travel Advisories > Sudan Travel Advisory
Reissued with updates to the security situation and post departure status.
Do not travel to Sudan due to armed conflict, civil unrest, crime, terrorism, and kidnapping.
On April 22, 2023, the U.S. Embassy in Khartoum suspended its operatio"
19,Refuted,Supported,refuted,1,"During this conflict, the French embassy in Khartoum was attacked or sustained damage.",contradicted by fake,French embassy Khartoum attacked or damaged 2023 Sudan conflict,4,https://www.times-standard.com/general-news/20120914/sudan-protesters-try-to-climb-us-embassy-wall/,18.013124465942383,False,False,"CAIRO (AP) — Witnesses say Sudanese police have opened fire on protesters trying to climb the walls of the U.S. Embassy in Khartoum.
The witnesses say several thousands of Sudanese were protesting outside the embassy, trying to storm it in anger over an obscure file produced in the United States tha"
19,Refuted,Supported,refuted,2,Videos depicting the attack on the French embassy in Khartoum were recorded and circulated.,contradicted by fake,video French embassy attack Khartoum Sudan 2023,0,https://www.boomlive.in/fake-news/2012-embassy-attacks-in-sudan-falsely-shared-as-attack-on-french-embassy-10392,15.845102310180664,False,False,"2012 Embassy Attacks In Sudan Falsely Shared As Attack On French Embassy
BOOM found that the viral clip is from September 2012 when protests broke out in Khartoum, Sudan outside the embassies of western countries like US, UK and Germany over a US film critical of Islam.
An eight-year-old video showi"
19,Refuted,Supported,refuted,2,Videos depicting the attack on the French embassy in Khartoum were recorded and circulated.,contradicted by fake,video French embassy attack Khartoum Sudan 2023,1,https://www.times-standard.com/general-news/20120914/sudan-protesters-try-to-climb-us-embassy-wall/,16.90167808532715,False,False,"CAIRO (AP) — Witnesses say Sudanese police have opened fire on protesters trying to climb the walls of the U.S. Embassy in Khartoum.
The witnesses say several thousands of Sudanese were protesting outside the embassy, trying to storm it in anger over an obscure file produced in the United States tha"
19,Refuted,Supported,refuted,2,Videos depicting the attack on the French embassy in Khartoum were recorded and circulated.,contradicted by fake,video French embassy attack Khartoum Sudan 2023,2,https://sudantribune.com/article43255/,17.272558212280273,False,False,"Sudan tightens security measures around Western embassies ahead of new protests
September 20, 2012 (KHARTOUM) – Sudanese security forces tightened security around a number of Western embassies in Khartoum in anticipation of a new wave of protests after Friday prayer following the publication of new "
19,Refuted,Supported,refuted,2,Videos depicting the attack on the French embassy in Khartoum were recorded and circulated.,contradicted by fake,video French embassy attack Khartoum Sudan 2023,3,https://factly.in/old-video-is-being-passed-off-as-french-embassy-set-on-fire-in-the-wake-of-the-latest-protests-against-emmanuel-macron/,17.28310203552246,False,False,"A post with a video that shows a building set on fire by a mob is being widely shared on social media.
The post claims that protesters in Sudan set fire to the French Embassy in the wake of the ongoing protests against France President Emmanuel Macron’s statements on Islam.
Through this article let’"
19,Refuted,Supported,refuted,2,Videos depicting the attack on the French embassy in Khartoum were recorded and circulated.,contradicted by fake,video French embassy attack Khartoum Sudan 2023,4,https://www.bbc.com/news/world-africa-19602177,17.94108772277832,False,False,"At least seven people were killed on Friday in demonstrations over a film made in the US that mocks Islam - as protests spread around the world.
Three people were killed when the US embassy in Khartoum was attacked, Sudanese state radio said.
In Tunisia, two people were killed after crowds breached "
20,Refuted,Supported,not enough information,0,"Pakistani opposition MPs chanted 'Modi, Modi' in the National Assembly of Pakistan.",only fake evidence,Pakistani parliament MPs chant Modi Modi viral video confirmation,0,https://www.altnews.in/were-modi-modi-slogans-raised-in-pakistan-parliament-india-tv-tv9-bharatvarsh-misreport/,14.315143585205078,False,False,"A video has been shared by social media users with the claim that chants of ‘Modi Modi’ were raised in the Pakistani parliament.
बहुत खुशी के समाचार ।।। पाकिस्तान के संसद भवन में जोर जोर मोदी मोदी के नारे लग रहे थे इसलिए पाकिस्तान के स्पीकर ने संसद की करवाई को अनश्चितकाल के लिए भंग किया — देखे वीडिय"
20,Refuted,Supported,not enough information,0,"Pakistani opposition MPs chanted 'Modi, Modi' in the National Assembly of Pakistan.",only fake evidence,Pakistani parliament MPs chant Modi Modi viral video confirmation,1,https://facthunt.in/posts/1484/Truth-behind-the-viral-picture-showing-French-Teacher-who-was-beheaded-for,15.234044075012207,False,False,"An unrelated image of some members of the 'Good Chance' organization is being falsely shared to show an old photograph of French teacher Samuel Paty who was recently beheaded in France by a Moscow-born teenager for showing cartoons of Prophet Muhammad during a class about freedom of speech.
A video "
20,Refuted,Supported,not enough information,0,"Pakistani opposition MPs chanted 'Modi, Modi' in the National Assembly of Pakistan.",only fake evidence,Pakistani parliament MPs chant Modi Modi viral video confirmation,2,https://www.ndtv.com/india-news/mps-chant-modi-modi-over-tax-exemptions-1986769,18.70450782775879,False,False,"Modi government announced a tax exemption for people earning less than Rs 5 lakh annually.
BJP members and their allies brought the Lok Sabha down thumping tables and chanting ""Modi, Modi"" when Finance Minister Piyush Goyal on Friday announced a tax exemption for people earning less than Rs 5 lakh a"
20,Refuted,Supported,not enough information,0,"Pakistani opposition MPs chanted 'Modi, Modi' in the National Assembly of Pakistan.",only fake evidence,Pakistani parliament MPs chant Modi Modi viral video confirmation,3,https://m.timesofindia.com/times-fact-check/news/fact-check-did-people-in-balochistan-celebrate-bjp-election-win/articleshow/69572898.cms,18.786834716796875,False,False,"Many social media users are sharing a video showing a lot of people, distinctively Muslim, waving the Bharatiya Janata Party
(BJP) flags and cheering for the Party, with a claim that the video is of people in Balochistan
celebrating the landslide victory in the Lok Sabha
page by the name of 'Achhe D"
20,Refuted,Supported,not enough information,0,"Pakistani opposition MPs chanted 'Modi, Modi' in the National Assembly of Pakistan.",only fake evidence,Pakistani parliament MPs chant Modi Modi viral video confirmation,4,https://www.ndtv.com/india-news/modi-modi-chants-cheers-as-pm-takes-oath-in-new-lok-sabha-watch-2054444,19.111675262451172,False,False,"Prime Minister Narendra Modi was greeted by loud chants and thunderous applause this morning as he took oath as a member of the 17th Lok Sabha.
BJP lawmakers chanted ""Modi, Modi"" as PM Modi read out the oath in the lower house of the parliament.
""I, Narendra Damodardas Modi, who has been appointed a"
20,Refuted,Supported,not enough information,1,The video of this chanting became viral on social media platforms.,not retrieved,viral video Pakistani National Assembly chanting Modi Modi social media spread,0,https://www.altnews.in/were-modi-modi-slogans-raised-in-pakistan-parliament-india-tv-tv9-bharatvarsh-misreport/,13.412261009216309,False,False,"A video has been shared by social media users with the claim that chants of ‘Modi Modi’ were raised in the Pakistani parliament.
बहुत खुशी के समाचार ।।। पाकिस्तान के संसद भवन में जोर जोर मोदी मोदी के नारे लग रहे थे इसलिए पाकिस्तान के स्पीकर ने संसद की करवाई को अनश्चितकाल के लिए भंग किया — देखे वीडिय"
20,Refuted,Supported,not enough information,1,The video of this chanting became viral on social media platforms.,not retrieved,viral video Pakistani National Assembly chanting Modi Modi social media spread,1,https://facthunt.in/posts/1484/Truth-behind-the-viral-picture-showing-French-Teacher-who-was-beheaded-for,15.011476516723633,False,False,"An unrelated image of some members of the 'Good Chance' organization is being falsely shared to show an old photograph of French teacher Samuel Paty who was recently beheaded in France by a Moscow-born teenager for showing cartoons of Prophet Muhammad during a class about freedom of speech.
A video "
20,Refuted,Supported,not enough information,1,The video of this chanting became viral on social media platforms.,not retrieved,viral video Pakistani National Assembly chanting Modi Modi social media spread,2,https://m.timesofindia.com/times-fact-check/news/fact-check-did-people-in-balochistan-celebrate-bjp-election-win/articleshow/69572898.cms,18.09568214416504,False,False,"Many social media users are sharing a video showing a lot of people, distinctively Muslim, waving the Bharatiya Janata Party
(BJP) flags and cheering for the Party, with a claim that the video is of people in Balochistan
celebrating the landslide victory in the Lok Sabha
page by the name of 'Achhe D"
20,Refuted,Supported,not enough information,1,The video of this chanting became viral on social media platforms.,not retrieved,viral video Pakistani National Assembly chanting Modi Modi social media spread,3,https://www.newsclick.in/old-video-rajasthan-shared-muslims-chanting-slogans-islamic-supremacy-delhi-polls,18.76496124267578,False,False,"Old Video from Rajasthan Shared as Muslims Chanting Slogans of Islamic Supremacy Amid Delhi Polls
Pakistani-Canadian author Tarek Fatah tweeted a video of a group of men, a majority of them wearing skull-caps, and wrote .
“In the #DelhiPolls2020, Muslim goons chant a provocative slogan against Hindu"
20,Refuted,Supported,not enough information,1,The video of this chanting became viral on social media platforms.,not retrieved,viral video Pakistani National Assembly chanting Modi Modi social media spread,4,https://factly.in/the-video-of-bjps-flag-being-waived-is-not-from-balochistan/,18.869400024414062,False,False,"A Facebook post with a video showing men and women waving the BJP flag is being shared widely. The post claims that BJP flags were waved in Balochistan, a region in Pakistan, and that they believe that they can get independence if Modi comes back to power.
Let’s try to analyze the authenticity of th"
20,Refuted,Supported,not enough information,2,Narendra Modi is the current Prime Minister of India.,not retrieved,Narendra Modi Prime Minister of India role,0,https://www.npr.org/sections/thetwo-way/2014/05/16/312815932/narendra-modi-from-humble-start-to-indias-likely-prime-minister,18.793060302734375,False,False,"Narendra Modi: From Humble Start To India's Likely Prime Minister
Narendra Modi looks almost certain to be India's next prime minister as his Bharatiya Janata Party headed toward a landslide victory Friday in India's just-concluded parliamentary elections.
Modi is praised for the strong economic gro"
20,Refuted,Supported,not enough information,2,Narendra Modi is the current Prime Minister of India.,not retrieved,Narendra Modi Prime Minister of India role,1,https://www.government.ind.in/New%20Narendra%20Modi%20-%20Final%20Book.pdf,18.880672454833984,False,False,"Shri Narendra Damodardas Modi is the Prime Minister of 
India and he took oath as India’s Prime Minister on 26
May 2014 after leading the Bharatiya Janata Party (BJP) 
to a decisive victory in the 2014 Parliamentary Elections. 
resigned to take up the office of the Prime Minister of 
Shri Narendra M"
20,Refuted,Supported,not enough information,2,Narendra Modi is the current Prime Minister of India.,not retrieved,Narendra Modi Prime Minister of India role,2,https://www.opindia.com/2019/06/reach-office-on-time-avoid-working-from-home-pm-narendra-modi-to-council-of-ministers/,19.714038848876953,False,False,"To ensure effective, efficient and timely decision making Prime Minister Narendra Modi has asked his council of ministers to ensure that they reach office on time and also directed them to avoid working from home.
According to the reports, PM Modi in the first meeting of the council of ministers of "
20,Refuted,Supported,not enough information,2,Narendra Modi is the current Prime Minister of India.,not retrieved,Narendra Modi Prime Minister of India role,3,https://www.aljazeera.com/news/2014/5/27/modi-from-tea-boy-to-indias-leader,19.766633987426758,False,False,"BJP leader’s rise to the top marked by claims of civil rights abuses and successful economic management.
As a young boy, Narendra Damodardas Modi helped his dad serve tea in Gujarat’s Vadnagar railway station.
At the age of 63, and as leader of India’s Hindu nationalist Bharatiya Janata Party, he ha"
20,Refuted,Supported,not enough information,2,Narendra Modi is the current Prime Minister of India.,not retrieved,Narendra Modi Prime Minister of India role,4,https://www.theguardian.com/global-development/2019/jul/29/indias-strongman-pm-modi-to-appear-on-bear-grylls-man-vs-wild,20.253137588500977,False,False,"India’s prime minister, Narendra Modi, will appear with Bear Grylls in a wilderness survival television programme, the latest in a series of Putin-style media appearances in which the 68-year-old leader projects himself as a man of action and a champion of the environment.
A trailer for the programm"
22,Refuted,Supported,supported,0,A trash can in Philadelphia was found with a sign that read 'ballot box' or similar.,only fake evidence,Philadelphia trash can labeled ballot box sign incident 2020,0,https://www.inquirer.com/politics/election/election-2020-ballot-box-trash-can-ad-philadelphia-union-league-foundation-20201023.html,17.87419319152832,False,False,"The Union League foundation just wanted to advertise an exhibit on voting. Then it was accused of suppression.
It was an unfortunate advertising blunder, with terrible timing.
The bright-red signs took up the entire side of the two trash cans and read in large lettering: “BALLOT BOX.”
It was an adve"
22,Refuted,Supported,supported,0,A trash can in Philadelphia was found with a sign that read 'ballot box' or similar.,only fake evidence,Philadelphia trash can labeled ballot box sign incident 2020,1,https://www.ktvu.com/news/trash-cans-in-california-town-of-crockett-littered-with-anti-republican-ballot-jokes,18.349382400512695,False,False,"Trash cans in California town of Crockett littered with anti-Republican ballot jokes
CROCKETT, Calif. - Cynde Martinez is upset with what seems like a proliferation of trash cans in her small city of Crockett littered with what appears to be a joke at the expense of the Republican Party.
Martinez se"
22,Refuted,Supported,supported,0,A trash can in Philadelphia was found with a sign that read 'ballot box' or similar.,only fake evidence,Philadelphia trash can labeled ballot box sign incident 2020,2,https://en.wikipedia.org/wiki/Ballot_box,19.315122604370117,False,False,"A ballot box is a temporarily sealed container, usually a square box though sometimes a tamper resistant bag, with a narrow slot in the top sufficient to accept a ballot paper in an election but which prevents anyone from accessing the votes cast until the close of the voting period.
A ballot drop b"
22,Refuted,Supported,supported,0,A trash can in Philadelphia was found with a sign that read 'ballot box' or similar.,only fake evidence,Philadelphia trash can labeled ballot box sign incident 2020,3,https://www.inquirer.com/news/election-fraud-philadelphia-dmocrats-federal-charges-president-donald-trump-republicans-domenick-demuro-20200522.html,19.32459259033203,False,False,"Election fraud case sparks renewed accusations about ballot security in Philadelphia
A federal case against a Philadelphia polling place official, kept under wraps for more than two months and revealed by the U.S. Attorney's Office just before a primary election, has reignited old claims about ballo"
22,Refuted,Supported,supported,0,A trash can in Philadelphia was found with a sign that read 'ballot box' or similar.,only fake evidence,Philadelphia trash can labeled ballot box sign incident 2020,4,https://abcnews.go.com/Politics/temporary-contractor-threw-trump-mail-ballots-trash-pennsylvania/story?id=73251533,19.556337356567383,False,False,"Temporary contractor threw Trump mail-in ballots in trash, Pennsylvania county officials say
The FBI is investigating and Trump has used the incident as a rallying point.
An incident regarding ""a small number"" of discarded mail-in ballots in Pennsylvania -- which has sparked a Department of Justice "
22,Refuted,Supported,supported,1,This incident occurred during the 2020 U.S. presidential election period.,only fake evidence,Philadelphia ballot box trash can 2020 election timeframe,0,https://www.phila.gov/2020-09-29-new-satellite-election-offices-open-throughout-philadelphia/,18.97144317626953,False,False,"PHILADELPHIA – City Commissioners today opened seven satellite election offices to provide Philadelphia voters with easier access to register to vote and to vote by mail.
Ten more satellite offices will open in the coming weeks.
The offices will be open 7 days a week and will remain open through Ele"
22,Refuted,Supported,supported,1,This incident occurred during the 2020 U.S. presidential election period.,only fake evidence,Philadelphia ballot box trash can 2020 election timeframe,1,https://www.phillyvoice.com/voting-primary-election-mail-in-ballot-drop-boxes-june-2-philadelphia-delaware-chester-montgomery-bucks-counties/,19.04036521911621,False,False,"Philadelphia and the surrounding counties have installed additional drop boxes for voters to deposit their mail-in ballots for the upcoming primary election on Tuesday.
The purpose of the boxes is to encourage Pennsylvania residents vote and help residents to cast their votes on time – all while pra"
22,Refuted,Supported,supported,1,This incident occurred during the 2020 U.S. presidential election period.,only fake evidence,Philadelphia ballot box trash can 2020 election timeframe,2,https://www.inquirer.com/politics/election/philadelphia-primary-mail-ballot-drop-box-locations-20200528.html,19.767183303833008,False,False,"Philly has mail ballot drop boxes for voters today. Find yours here.
Philadelphia voters who don’t have time to send back their mail ballots for Tuesday’s primary can instead drop them off at multiple locations across the city.
Philadelphia voters who don’t have time to send back their mail ballots "
22,Refuted,Supported,supported,1,This incident occurred during the 2020 U.S. presidential election period.,only fake evidence,Philadelphia ballot box trash can 2020 election timeframe,3,https://www.factcheck.org/2020/10/in-pennsylvania-rallies-trump-distorts-voting-issues/,20.33626365661621,False,False,"In the swing state of Pennsylvania, President Donald Trump repeatedly rattled off false and misleading claims about ballots and voting in arguing to his supporters “the only way we can lose, in my opinion, is massive fraud.”
On Oct. 26, Trump spoke in Allentown, Martinsburg and Lititz, Pennsylvania."
22,Refuted,Supported,supported,1,This incident occurred during the 2020 U.S. presidential election period.,only fake evidence,Philadelphia ballot box trash can 2020 election timeframe,4,https://abcnews.go.com/Politics/temporary-contractor-threw-trump-mail-ballots-trash-pennsylvania/story?id=73251533,20.341360092163086,False,False,"Temporary contractor threw Trump mail-in ballots in trash, Pennsylvania county officials say
The FBI is investigating and Trump has used the incident as a rallying point.
An incident regarding ""a small number"" of discarded mail-in ballots in Pennsylvania -- which has sparked a Department of Justice "
22,Refuted,Supported,supported,2,The sign was intended to mislead people into thinking the trash can was an official ballot drop-off point.,only fake evidence,Philadelphia trash can ballot box intent to mislead voters as official drop-off,0,https://www.inquirer.com/politics/election/election-2020-ballot-box-trash-can-ad-philadelphia-union-league-foundation-20201023.html,16.496932983398438,False,False,"The Union League foundation just wanted to advertise an exhibit on voting. Then it was accused of suppression.
It was an unfortunate advertising blunder, with terrible timing.
The bright-red signs took up the entire side of the two trash cans and read in large lettering: “BALLOT BOX.”
It was an adve"
22,Refuted,Supported,supported,2,The sign was intended to mislead people into thinking the trash can was an official ballot drop-off point.,only fake evidence,Philadelphia trash can ballot box intent to mislead voters as official drop-off,1,https://en.wikipedia.org/wiki/Ballot_box,16.940780639648438,False,False,"A ballot box is a temporarily sealed container, usually a square box though sometimes a tamper resistant bag, with a narrow slot in the top sufficient to accept a ballot paper in an election but which prevents anyone from accessing the votes cast until the close of the voting period.
A ballot drop b"
22,Refuted,Supported,supported,2,The sign was intended to mislead people into thinking the trash can was an official ballot drop-off point.,only fake evidence,Philadelphia trash can ballot box intent to mislead voters as official drop-off,2,https://www.phillyvoice.com/voting-primary-election-mail-in-ballot-drop-boxes-june-2-philadelphia-delaware-chester-montgomery-bucks-counties/,17.262556076049805,False,False,"Philadelphia and the surrounding counties have installed additional drop boxes for voters to deposit their mail-in ballots for the upcoming primary election on Tuesday.
The purpose of the boxes is to encourage Pennsylvania residents vote and help residents to cast their votes on time – all while pra"
22,Refuted,Supported,supported,2,The sign was intended to mislead people into thinking the trash can was an official ballot drop-off point.,only fake evidence,Philadelphia trash can ballot box intent to mislead voters as official drop-off,3,https://www.ktvu.com/news/trash-cans-in-california-town-of-crockett-littered-with-anti-republican-ballot-jokes,18.067651748657227,False,False,"Trash cans in California town of Crockett littered with anti-Republican ballot jokes
CROCKETT, Calif. - Cynde Martinez is upset with what seems like a proliferation of trash cans in her small city of Crockett littered with what appears to be a joke at the expense of the Republican Party.
Martinez se"
22,Refuted,Supported,supported,2,The sign was intended to mislead people into thinking the trash can was an official ballot drop-off point.,only fake evidence,Philadelphia trash can ballot box intent to mislead voters as official drop-off,4,https://abcnews.go.com/Politics/temporary-contractor-threw-trump-mail-ballots-trash-pennsylvania/story?id=73251533,18.170764923095703,False,False,"Temporary contractor threw Trump mail-in ballots in trash, Pennsylvania county officials say
The FBI is investigating and Trump has used the incident as a rallying point.
An incident regarding ""a small number"" of discarded mail-in ballots in Pennsylvania -- which has sparked a Department of Justice "
22,Refuted,Supported,supported,3,Media reports and authorities confirmed this as an attempt at voter suppression.,only fake evidence,Philadelphia trash can ballot box voter suppression confirmed by authorities or media,0,https://en.wikipedia.org/wiki/Ballot_box,18.554454803466797,False,False,"A ballot box is a temporarily sealed container, usually a square box though sometimes a tamper resistant bag, with a narrow slot in the top sufficient to accept a ballot paper in an election but which prevents anyone from accessing the votes cast until the close of the voting period.
A ballot drop b"
22,Refuted,Supported,supported,3,Media reports and authorities confirmed this as an attempt at voter suppression.,only fake evidence,Philadelphia trash can ballot box voter suppression confirmed by authorities or media,1,https://www.inquirer.com/news/election-fraud-philadelphia-dmocrats-federal-charges-president-donald-trump-republicans-domenick-demuro-20200522.html,18.599971771240234,False,False,"Election fraud case sparks renewed accusations about ballot security in Philadelphia
A federal case against a Philadelphia polling place official, kept under wraps for more than two months and revealed by the U.S. Attorney's Office just before a primary election, has reignited old claims about ballo"
22,Refuted,Supported,supported,3,Media reports and authorities confirmed this as an attempt at voter suppression.,only fake evidence,Philadelphia trash can ballot box voter suppression confirmed by authorities or media,2,https://www.pahousegop.com/electionfraud,18.801532745361328,False,False,"Protecting the integrity of our election process requires taking definitive action of prevention, deterrence and prosecuting individuals who commit election fraud.
House Republicans believe in the right to vote and protecting that right—we have taken actions to ensure protecting such integrity does "
22,Refuted,Supported,supported,3,Media reports and authorities confirmed this as an attempt at voter suppression.,only fake evidence,Philadelphia trash can ballot box voter suppression confirmed by authorities or media,3,https://www.phillyvoice.com/voting-primary-election-mail-in-ballot-drop-boxes-june-2-philadelphia-delaware-chester-montgomery-bucks-counties/,19.1021671295166,False,False,"Philadelphia and the surrounding counties have installed additional drop boxes for voters to deposit their mail-in ballots for the upcoming primary election on Tuesday.
The purpose of the boxes is to encourage Pennsylvania residents vote and help residents to cast their votes on time – all while pra"
22,Refuted,Supported,supported,3,Media reports and authorities confirmed this as an attempt at voter suppression.,only fake evidence,Philadelphia trash can ballot box voter suppression confirmed by authorities or media,4,https://abcnews.go.com/Politics/temporary-contractor-threw-trump-mail-ballots-trash-pennsylvania/story?id=73251533,19.119041442871094,False,False,"Temporary contractor threw Trump mail-in ballots in trash, Pennsylvania county officials say
The FBI is investigating and Trump has used the incident as a rallying point.
An incident regarding ""a small number"" of discarded mail-in ballots in Pennsylvania -- which has sparked a Department of Justice "
22,Refuted,Supported,supported,4,The labeling was designed to resemble official election materials to confuse voters.,only fake evidence,Philadelphia ballot box sign designed to mimic official election drop box materials,0,https://en.wikipedia.org/wiki/Ballot_box,17.201274871826172,False,False,"A ballot box is a temporarily sealed container, usually a square box though sometimes a tamper resistant bag, with a narrow slot in the top sufficient to accept a ballot paper in an election but which prevents anyone from accessing the votes cast until the close of the voting period.
A ballot drop b"
22,Refuted,Supported,supported,4,The labeling was designed to resemble official election materials to confuse voters.,only fake evidence,Philadelphia ballot box sign designed to mimic official election drop box materials,1,https://www.inquirer.com/politics/election/election-2020-ballot-box-trash-can-ad-philadelphia-union-league-foundation-20201023.html,18.373619079589844,False,False,"The Union League foundation just wanted to advertise an exhibit on voting. Then it was accused of suppression.
It was an unfortunate advertising blunder, with terrible timing.
The bright-red signs took up the entire side of the two trash cans and read in large lettering: “BALLOT BOX.”
It was an adve"
22,Refuted,Supported,supported,4,The labeling was designed to resemble official election materials to confuse voters.,only fake evidence,Philadelphia ballot box sign designed to mimic official election drop box materials,2,https://www.nbcphiladelphia.com/news/politics/decision-2020/mail-in-voting-what-to-know/where-are-mail-in-ballot-drop-boxes-in-philly-and-the-surrounding-suburbs-here-are-the-locations/2554979/,18.50921058654785,False,False,"More than 2.4 million voters in Pennsylvania have already requested mail-in ballots while every single voter in New Jersey is receiving one whether they want to use it or not.
Once reserved for voters using absentee ballots, mail-in voting is expected to reach near 50% of total votes cast in the Nov"
22,Refuted,Supported,supported,4,The labeling was designed to resemble official election materials to confuse voters.,only fake evidence,Philadelphia ballot box sign designed to mimic official election drop box materials,3,https://www.phillyvoice.com/voting-primary-election-mail-in-ballot-drop-boxes-june-2-philadelphia-delaware-chester-montgomery-bucks-counties/,18.640531539916992,False,False,"Philadelphia and the surrounding counties have installed additional drop boxes for voters to deposit their mail-in ballots for the upcoming primary election on Tuesday.
The purpose of the boxes is to encourage Pennsylvania residents vote and help residents to cast their votes on time – all while pra"
22,Refuted,Supported,supported,4,The labeling was designed to resemble official election materials to confuse voters.,only fake evidence,Philadelphia ballot box sign designed to mimic official election drop box materials,4,https://www.inquirer.com/politics/election/philadelphia-primary-mail-ballot-drop-box-locations-20200528.html,19.473312377929688,False,False,"Philly has mail ballot drop boxes for voters today. Find yours here.
Philadelphia voters who don’t have time to send back their mail ballots for Tuesday’s primary can instead drop them off at multiple locations across the city.
Philadelphia voters who don’t have time to send back their mail ballots "
23,Refuted,Refuted,refuted,0,Joe Biden has explicitly stated in debates and speeches that he would not ban fracking.,not retrieved,Joe Biden explicit statement no ban on fracking debate speech,0,https://energynow.com/2020/09/the-biden-flip-flop-u-s-presidential-hopeful-biden-now-says-he-would-not-ban-fracking/,12.037233352661133,False,False,"PITTSBURGH (Reuters) – Democratic presidential candidate Joe Biden said on Monday he would not ban hydraulic fracturing, a controversial method of drilling for crude oil and natural gas, if elected and called Republican assertions that he supports such a ban a lie.
The comment added a level of nuanc"
23,Refuted,Refuted,refuted,0,Joe Biden has explicitly stated in debates and speeches that he would not ban fracking.,not retrieved,Joe Biden explicit statement no ban on fracking debate speech,1,https://www.cnn.com/2020/10/23/politics/biden-fracking-fact-check/index.html,12.913923263549805,False,False,"Former Vice President Joe Biden claimed that he “never said I oppose fracking” when pressed by President Donald Trump on the issue during Thursday night’s presidential debate.
Facts First: It’s false that Biden never said he opposed fracking. In two Democratic primary debates, Biden made confusing r"
23,Refuted,Refuted,refuted,0,Joe Biden has explicitly stated in debates and speeches that he would not ban fracking.,not retrieved,Joe Biden explicit statement no ban on fracking debate speech,2,https://www.newsweek.com/fact-check-does-joe-biden-support-green-new-deal-fracking-ban-1537291,14.075079917907715,False,False,"While discussing U.S. energy policies during Wednesday night's vice-presidential debate, Vice President Mike Pence said that Democratic presidential nominee Joe Biden supported the Green New Deal and was in favor of banning fracking.
""Joe Biden and Kamala Harris want to raise taxes,"" Pence said. ""Th"
23,Refuted,Refuted,refuted,0,Joe Biden has explicitly stated in debates and speeches that he would not ban fracking.,not retrieved,Joe Biden explicit statement no ban on fracking debate speech,3,https://grist.org/politics/why-wont-biden-ban-fracking-speech-pennsylvania/,14.115621566772461,False,False,"At a campaign event in Pittsburgh on Monday, Democratic presidential nominee Joe Biden once again attempted to clarify his stance on the use of fracking to extract natural gas.
“I am not banning fracking,” he said. “Let me say that again: I am not banning fracking.”
It was a moment of clarity from t"
23,Refuted,Refuted,refuted,0,Joe Biden has explicitly stated in debates and speeches that he would not ban fracking.,not retrieved,Joe Biden explicit statement no ban on fracking debate speech,4,https://edition.cnn.com/politics/live-news/vp-debate-coverage-fact-check-10-07-20/h_55da988b4646db2b58fd2c93ea26d973,14.36115837097168,False,False,"Vice President Mike Pence claimed during tonight's debate that the Biden campaign wants to “ban fracking.”
Facts First: This is misleading. Joe Biden is not running on a proposal to completely ban fracking (hydraulic fracturing, a drilling method used to extract natural gas or oil).
However, there i"
23,Refuted,Refuted,refuted,1,"During the 2020 presidential campaign, Biden clarified his position against a fracking ban amid criticism and confusion.",not retrieved,Biden clarifies fracking ban position 2020 campaign criticism confusion,0,https://energynow.com/2020/09/the-biden-flip-flop-u-s-presidential-hopeful-biden-now-says-he-would-not-ban-fracking/,14.566818237304688,False,False,"PITTSBURGH (Reuters) – Democratic presidential candidate Joe Biden said on Monday he would not ban hydraulic fracturing, a controversial method of drilling for crude oil and natural gas, if elected and called Republican assertions that he supports such a ban a lie.
The comment added a level of nuanc"
23,Refuted,Refuted,refuted,1,"During the 2020 presidential campaign, Biden clarified his position against a fracking ban amid criticism and confusion.",not retrieved,Biden clarifies fracking ban position 2020 campaign criticism confusion,1,https://www.uagetinvolved.org/content/joe-biden-i-am-not-banning-fracking,14.981926918029785,False,False,"Democratic presidential nominee Joe Biden said Monday he would not ban fracking in the United States if he were elected president, refuting repeated false claims by President Donald Trump about his stance on the issue.
""I am not banning fracking. Let me say that again: I am not banning fracking. No "
23,Refuted,Refuted,refuted,1,"During the 2020 presidential campaign, Biden clarified his position against a fracking ban amid criticism and confusion.",not retrieved,Biden clarifies fracking ban position 2020 campaign criticism confusion,2,https://www.newsweek.com/fact-check-does-joe-biden-support-green-new-deal-fracking-ban-1537291,15.275609016418457,False,False,"While discussing U.S. energy policies during Wednesday night's vice-presidential debate, Vice President Mike Pence said that Democratic presidential nominee Joe Biden supported the Green New Deal and was in favor of banning fracking.
""Joe Biden and Kamala Harris want to raise taxes,"" Pence said. ""Th"
23,Refuted,Refuted,refuted,1,"During the 2020 presidential campaign, Biden clarified his position against a fracking ban amid criticism and confusion.",not retrieved,Biden clarifies fracking ban position 2020 campaign criticism confusion,3,https://www.bloomberg.com/news/articles/2020-10-21/here-s-why-biden-couldn-t-ban-fracking-but-could-restrict-it,15.859772682189941,False,False,"Here’s Why Biden Can’t Ban Fracking, But Could Restrict It
- The oil, gas extraction technique has become hot button issue
- ‘Foolish to assume Biden would not carry out his promise’
Fracking has emerged as a hot button issue of the 2020 election, with President Donald Trump claiming his political r"
23,Refuted,Refuted,refuted,1,"During the 2020 presidential campaign, Biden clarified his position against a fracking ban amid criticism and confusion.",not retrieved,Biden clarifies fracking ban position 2020 campaign criticism confusion,4,https://www.cnn.com/2020/08/31/politics/joe-biden-not-banning-fracking/index.html,15.934906959533691,False,False,"Democratic presidential nominee Joe Biden said Monday he would not ban fracking in the United States if he were elected president, refuting repeated false claims by President Donald Trump about his stance on the issue.
“I am not banning fracking. Let me say that again: I am not banning fracking. No "
23,Refuted,Refuted,refuted,2,"Biden proposed banning new oil and gas leasing on federal lands, which is a targeted policy, not a comprehensive ban on all fracking.",not retrieved,Biden proposal ban new oil gas leasing federal lands policy,0,https://www.foxbusiness.com/markets/biden-federal-fracking-ban,15.618998527526855,False,False,"Biden's federal fracking ban prompts warnings from big energy
ExxonMobil and Chevron CEOs will likely be questioned on Biden
The oil and gas industry is doubling down on countering Democratic presidential candidate Joe Biden's promise to neuter fracking, which could upend America as an energy leader"
23,Refuted,Refuted,refuted,2,"Biden proposed banning new oil and gas leasing on federal lands, which is a targeted policy, not a comprehensive ban on all fracking.",not retrieved,Biden proposal ban new oil gas leasing federal lands policy,1,https://www.currentargus.com/story/news/local/2020/03/19/joe-biden-vows-ban-oil-and-gas-drilling-if-elected-president/2869963001/,17.14223289489746,False,False,"Joe Biden vows to ban oil and gas drilling if elected President, draws scorn from industry
The latest Democrat Presidential debate between remaining nomination hopefuls former-Vice President Joe Biden and U.S. Sen. Bernie Sanders saw Biden, the widely-regarded front-runner, take a harder stance on i"
23,Refuted,Refuted,refuted,2,"Biden proposed banning new oil and gas leasing on federal lands, which is a targeted policy, not a comprehensive ban on all fracking.",not retrieved,Biden proposal ban new oil gas leasing federal lands policy,2,https://freebeacon.com/elections/biden-promises-no-more-drilling-under-his-presidency/,17.6921329498291,False,False,"Democratic presidential candidate Joe Biden said Sunday he would prevent oil companies from drilling as part of his effort to combat climate change.
""No more subsidies for the fossil fuel industry,"" he said at the CNN debate. ""No more drilling on federal lands.
No more drilling, including offshore. "
23,Refuted,Refuted,refuted,2,"Biden proposed banning new oil and gas leasing on federal lands, which is a targeted policy, not a comprehensive ban on all fracking.",not retrieved,Biden proposal ban new oil gas leasing federal lands policy,3,https://energynow.com/2020/09/the-biden-flip-flop-u-s-presidential-hopeful-biden-now-says-he-would-not-ban-fracking/,18.292011260986328,False,False,"PITTSBURGH (Reuters) – Democratic presidential candidate Joe Biden said on Monday he would not ban hydraulic fracturing, a controversial method of drilling for crude oil and natural gas, if elected and called Republican assertions that he supports such a ban a lie.
The comment added a level of nuanc"
23,Refuted,Refuted,refuted,2,"Biden proposed banning new oil and gas leasing on federal lands, which is a targeted policy, not a comprehensive ban on all fracking.",not retrieved,Biden proposal ban new oil gas leasing federal lands policy,4,https://www.instituteforenergyresearch.org/fossil-fuels/gas-and-oil/impact-of-bidens-bans-on-fracking-and-oil-production-on-federal-lands-and-offshore/,18.44670295715332,False,False,"At his debate with Bernie Sanders on March 15, 2020, Democratic presidential candidate Joe Biden said he would prevent oil companies from drilling as part of his effort to combat climate change.
At the CNN debate, he said “No more drilling on federal lands. No more drilling, including offshore. No a"
25,Supported,Supported,refuted,0,McDonald's Azerbaijan has an official social media account.,only fake evidence,McDonald's Azerbaijan official social media accounts verification 2020,0,https://www.dailystar.co.uk/news/world-news/mcdonalds-azerbaijan-promotes-war-armenia-22913718,16.066131591796875,False,False,"McDonald's has become embroiled in controversy after its official Instagram account in Azerbaijan shared a series of nationalistic posts appearing to support the ongoing clashes between the country and Armenia.
One post, showing a soldier holding up an Azerbaijani flag, read: ""We wish our native fla"
25,Supported,Supported,refuted,0,McDonald's Azerbaijan has an official social media account.,only fake evidence,McDonald's Azerbaijan official social media accounts verification 2020,1,https://www.ctvnews.ca/world/azerbaijan-mcdonald-s-burger-king-tweet-support-for-military-action-in-nagorno-karabakh-1.5163620?cache=yes%3Fot%3DAjaxLayout%3FautoPlay%3Dtrue%3FclipId%3D104056,16.536405563354492,False,False,"Azerbaijan McDonald's, Burger King tweet support for military action in Nagorno-Karabakh
This June 25, 2019 photo shows the sign outside a McDonald's restaurant. (AP Photo/Gene J. Puskar)
EDMONTON -- McDonald’s and Burger King are facing controversy after the fast food chains' Azerbaijan franchisees"
25,Supported,Supported,refuted,0,McDonald's Azerbaijan has an official social media account.,only fake evidence,McDonald's Azerbaijan official social media accounts verification 2020,2,https://www.sportspromedia.com/news/happy_deal_baku_2015_signs_mcdonalds/,18.390331268310547,False,False,"The organisers of the inaugural European Games in Baku, Azerbaijan, next year have announced a sponsorship deal with McDonald's.
The fast food chain has become an official supporter of Baku 2015, joining the likes of BP, P&G, Tissot and Nar Mobile, and will promote the event with extensive in-store "
25,Supported,Supported,refuted,0,McDonald's Azerbaijan has an official social media account.,only fake evidence,McDonald's Azerbaijan official social media accounts verification 2020,3,https://ancawr.org/press-release/armenian-community-calls-on-mcdonalds-to-denounce-support-of-azeri-aggression-commit-to-peace/,18.954641342163086,False,False,"The Armenian National Committee of America – Western Region is shocked and appalled by the recent statements made by McDonald’s that support Azerbaijan’s genocidal aggression against Artsakh (oftentimes called Nagorno-Karabakh) on Instagram and Facebook.
The promotion of military action in Artsakh, "
25,Supported,Supported,refuted,0,McDonald's Azerbaijan has an official social media account.,only fake evidence,McDonald's Azerbaijan official social media accounts verification 2020,4,https://asbarez.com/armenian-community-calls-on-mcdonalds-to-denounce-support-of-azeri-aggression-commit-to-peace/,18.95553207397461,False,False,"The Armenian National Committee of America – Western Region is shocked and appalled by the recent statements made by McDonald’s that support Azerbaijan’s genocidal aggression against Artsakh (oftentimes called Nagorno-Karabakh) on Instagram and Facebook.
The promotion of military action in Artsakh, "
25,Supported,Supported,refuted,1,"In October 2020, McDonald's Azerbaijan made a social media post that was interpreted as promoting the Azerbaijani military's efforts in Nagorno-Karabakh.",only fake evidence,McDonald's Azerbaijan social media post October 2020 Nagorno-Karabakh military promotion,0,https://www.ctvnews.ca/world/azerbaijan-mcdonald-s-burger-king-tweet-support-for-military-action-in-nagorno-karabakh-1.5163620?cache=yes%3Fot%3DAjaxLayout%3FautoPlay%3Dtrue%3FclipId%3D104056,13.995030403137207,False,False,"Azerbaijan McDonald's, Burger King tweet support for military action in Nagorno-Karabakh
This June 25, 2019 photo shows the sign outside a McDonald's restaurant. (AP Photo/Gene J. Puskar)
EDMONTON -- McDonald’s and Burger King are facing controversy after the fast food chains' Azerbaijan franchisees"
25,Supported,Supported,refuted,1,"In October 2020, McDonald's Azerbaijan made a social media post that was interpreted as promoting the Azerbaijani military's efforts in Nagorno-Karabakh.",only fake evidence,McDonald's Azerbaijan social media post October 2020 Nagorno-Karabakh military promotion,1,https://www.dailystar.co.uk/news/world-news/mcdonalds-azerbaijan-promotes-war-armenia-22913718,14.824462890625,False,False,"McDonald's has become embroiled in controversy after its official Instagram account in Azerbaijan shared a series of nationalistic posts appearing to support the ongoing clashes between the country and Armenia.
One post, showing a soldier holding up an Azerbaijani flag, read: ""We wish our native fla"
25,Supported,Supported,refuted,1,"In October 2020, McDonald's Azerbaijan made a social media post that was interpreted as promoting the Azerbaijani military's efforts in Nagorno-Karabakh.",only fake evidence,McDonald's Azerbaijan social media post October 2020 Nagorno-Karabakh military promotion,2,https://ancawr.org/press-release/armenian-community-calls-on-mcdonalds-to-denounce-support-of-azeri-aggression-commit-to-peace/,16.500242233276367,False,False,"The Armenian National Committee of America – Western Region is shocked and appalled by the recent statements made by McDonald’s that support Azerbaijan’s genocidal aggression against Artsakh (oftentimes called Nagorno-Karabakh) on Instagram and Facebook.
The promotion of military action in Artsakh, "
25,Supported,Supported,refuted,1,"In October 2020, McDonald's Azerbaijan made a social media post that was interpreted as promoting the Azerbaijani military's efforts in Nagorno-Karabakh.",only fake evidence,McDonald's Azerbaijan social media post October 2020 Nagorno-Karabakh military promotion,3,https://asbarez.com/armenian-community-calls-on-mcdonalds-to-denounce-support-of-azeri-aggression-commit-to-peace/,16.500974655151367,False,False,"The Armenian National Committee of America – Western Region is shocked and appalled by the recent statements made by McDonald’s that support Azerbaijan’s genocidal aggression against Artsakh (oftentimes called Nagorno-Karabakh) on Instagram and Facebook.
The promotion of military action in Artsakh, "
25,Supported,Supported,refuted,1,"In October 2020, McDonald's Azerbaijan made a social media post that was interpreted as promoting the Azerbaijani military's efforts in Nagorno-Karabakh.",only fake evidence,McDonald's Azerbaijan social media post October 2020 Nagorno-Karabakh military promotion,4,https://www.sportspromedia.com/news/happy_deal_baku_2015_signs_mcdonalds/,17.35951805114746,False,False,"The organisers of the inaugural European Games in Baku, Azerbaijan, next year have announced a sponsorship deal with McDonald's.
The fast food chain has become an official supporter of Baku 2015, joining the likes of BP, P&G, Tissot and Nar Mobile, and will promote the event with extensive in-store "
25,Supported,Supported,refuted,2,"The post featured promotional material with the colors of the Azerbaijani flag, seen as nationalistic support.",only fake evidence,McDonald's Azerbaijan post Azerbaijani flag colors October 2020,0,https://www.dailystar.co.uk/news/world-news/mcdonalds-azerbaijan-promotes-war-armenia-22913718,15.338242530822754,False,False,"McDonald's has become embroiled in controversy after its official Instagram account in Azerbaijan shared a series of nationalistic posts appearing to support the ongoing clashes between the country and Armenia.
One post, showing a soldier holding up an Azerbaijani flag, read: ""We wish our native fla"
25,Supported,Supported,refuted,2,"The post featured promotional material with the colors of the Azerbaijani flag, seen as nationalistic support.",only fake evidence,McDonald's Azerbaijan post Azerbaijani flag colors October 2020,1,https://www.ctvnews.ca/world/azerbaijan-mcdonald-s-burger-king-tweet-support-for-military-action-in-nagorno-karabakh-1.5163620?cache=yes%3Fot%3DAjaxLayout%3FautoPlay%3Dtrue%3FclipId%3D104056,16.41941261291504,False,False,"Azerbaijan McDonald's, Burger King tweet support for military action in Nagorno-Karabakh
This June 25, 2019 photo shows the sign outside a McDonald's restaurant. (AP Photo/Gene J. Puskar)
EDMONTON -- McDonald’s and Burger King are facing controversy after the fast food chains' Azerbaijan franchisees"
25,Supported,Supported,refuted,2,"The post featured promotional material with the colors of the Azerbaijani flag, seen as nationalistic support.",only fake evidence,McDonald's Azerbaijan post Azerbaijani flag colors October 2020,2,https://www.sportspromedia.com/news/happy_deal_baku_2015_signs_mcdonalds/,18.001296997070312,False,False,"The organisers of the inaugural European Games in Baku, Azerbaijan, next year have announced a sponsorship deal with McDonald's.
The fast food chain has become an official supporter of Baku 2015, joining the likes of BP, P&G, Tissot and Nar Mobile, and will promote the event with extensive in-store "
25,Supported,Supported,refuted,2,"The post featured promotional material with the colors of the Azerbaijani flag, seen as nationalistic support.",only fake evidence,McDonald's Azerbaijan post Azerbaijani flag colors October 2020,3,https://ancawr.org/press-release/armenian-community-calls-on-mcdonalds-to-denounce-support-of-azeri-aggression-commit-to-peace/,18.1256160736084,False,False,"The Armenian National Committee of America – Western Region is shocked and appalled by the recent statements made by McDonald’s that support Azerbaijan’s genocidal aggression against Artsakh (oftentimes called Nagorno-Karabakh) on Instagram and Facebook.
The promotion of military action in Artsakh, "
25,Supported,Supported,refuted,2,"The post featured promotional material with the colors of the Azerbaijani flag, seen as nationalistic support.",only fake evidence,McDonald's Azerbaijan post Azerbaijani flag colors October 2020,4,https://asbarez.com/armenian-community-calls-on-mcdonalds-to-denounce-support-of-azeri-aggression-commit-to-peace/,18.125883102416992,False,False,"The Armenian National Committee of America – Western Region is shocked and appalled by the recent statements made by McDonald’s that support Azerbaijan’s genocidal aggression against Artsakh (oftentimes called Nagorno-Karabakh) on Instagram and Facebook.
The promotion of military action in Artsakh, "
25,Supported,Supported,refuted,3,"The Azerbaijani military was conducting operations to take control of Nagorno-Karabakh in 2020, known as the 2020 Nagorno-Karabakh war.",not retrieved,2020 Nagorno-Karabakh war Azerbaijani military operations October 2020,0,https://jam-news.net/karabakh-war-news-battles-stepanakert-victims-militants-azerbaijan-armenia-turkey-photo-video/,17.891748428344727,False,False,"News, reports, photos / videos on military actions in Karabakh for October 3, 2020
Delegation of the Parliament of Armenia headed by the Speaker of the Security Council in Karabakh
Deputies of Armenia and Karabakh exchanged information on “military, political and diplomatic situations, leading to Tu"
25,Supported,Supported,refuted,3,"The Azerbaijani military was conducting operations to take control of Nagorno-Karabakh in 2020, known as the 2020 Nagorno-Karabakh war.",not retrieved,2020 Nagorno-Karabakh war Azerbaijani military operations October 2020,1,https://www.theguardian.com/world/2020/sep/28/why-are-armenia-and-azerbaijan-fighting-what-are-implications,19.82176399230957,False,False,"Early on Sunday 27 September, Armenia announced it was declaring martial law, mobilising its army and ordering civilians to shelter.
It claimed its neighbour Azerbaijan had launched a military operation inside a breakaway region called Nagorno-Karabakh.
Azerbaijan said it attacked only in response t"
25,Supported,Supported,refuted,3,"The Azerbaijani military was conducting operations to take control of Nagorno-Karabakh in 2020, known as the 2020 Nagorno-Karabakh war.",not retrieved,2020 Nagorno-Karabakh war Azerbaijani military operations October 2020,2,https://www.cfr.org/blog/eruption-conflict-over-nagorno-karabakh,19.88787078857422,False,False,"Ambassador (Ret.) Carey Cavanaugh is a professor of diplomacy and conflict resolution at the University of Kentucky Patterson School of Diplomacy and International Commerce.
Renewed military action over Nagorno-Karabakh makes clear that the dispute between Armenia and Azerbaijan is not a “frozen con"
25,Supported,Supported,refuted,3,"The Azerbaijani military was conducting operations to take control of Nagorno-Karabakh in 2020, known as the 2020 Nagorno-Karabakh war.",not retrieved,2020 Nagorno-Karabakh war Azerbaijani military operations October 2020,3,https://en.wikipedia.org/wiki/July_2020_Armenian%E2%80%93Azerbaijani_clashes,19.890958786010742,False,False,"Locations of confirmed skirmishes marked with red squares.
Nikol Pashinyan (Prime Minister, Commander-in-Chief)
The July 2020 Armenian–Azerbaijani clashes[a] began on 12 July 2020 between the Armenian Armed Forces and Azerbaijani Armed Forces.
Initial clashes occurred near Movses in Tavush Province "
25,Supported,Supported,refuted,3,"The Azerbaijani military was conducting operations to take control of Nagorno-Karabakh in 2020, known as the 2020 Nagorno-Karabakh war.",not retrieved,2020 Nagorno-Karabakh war Azerbaijani military operations October 2020,4,https://www.hrw.org/report/1994/12/01/seven-years-conflict-nagorno-karabakh,20.051725387573242,False,False,"Now the longest-running conflict in the former Soviet Union, the battle for Nagorno-Karabakh has rapidly expanded and intensified since it began in 1988, resulting in the deaths of an estimated 25,000 soldiers and civilians and the displacement of one million others.
What began with demonstrations c"
27,Refuted,Refuted,not enough information,0,The World Health Organization recommends the use of insecticide-treated mosquito nets for malaria control and prevention.,only fake evidence,World Health Organization recommendation insecticide-treated mosquito nets malaria,0,https://www.who.int/news/item/15-08-2007-who-releases-new-guidance-on-insecticide-treated-mosquito-nets,15.996484756469727,False,False,"The World Health Organization (WHO) today issued new global guidance for the use of insecticide-treated mosquito nets to protect people from malaria.
For the first time, WHO recommends that insecticidal nets be long-lasting, and distributed either free or highly subsidized and used by all community "
27,Refuted,Refuted,not enough information,0,The World Health Organization recommends the use of insecticide-treated mosquito nets for malaria control and prevention.,only fake evidence,World Health Organization recommendation insecticide-treated mosquito nets malaria,1,https://pubmed.ncbi.nlm.nih.gov/15134129/,17.685993194580078,False,False,"Mass use of insecticide-treated bednets in malaria endemic poor countries: public health concerns and remedies
Mass use of insecticide-treated bednets in malaria endemic poor countries: public health concerns and remedies
Epidemiological evidence arising mainly from studies undertaken in sub-Saharan"
27,Refuted,Refuted,not enough information,0,The World Health Organization recommends the use of insecticide-treated mosquito nets for malaria control and prevention.,only fake evidence,World Health Organization recommendation insecticide-treated mosquito nets malaria,2,https://www.sciencedaily.com/releases/2020/07/200728113530.htm,18.161653518676758,False,False,"Research published in Nature Communications shows that insecticide-treated mosquito nets, the mainstay in the global battle against malaria, are not providing the protection they once did -- and scientists say that's a cause for serious concern in tropical and subtropical countries around the globe."
27,Refuted,Refuted,not enough information,0,The World Health Organization recommends the use of insecticide-treated mosquito nets for malaria control and prevention.,only fake evidence,World Health Organization recommendation insecticide-treated mosquito nets malaria,3,https://www.mdpi.com/1660-4601/15/3/546,18.307044982910156,False,False,"A Meta-Regression Analysis of the Effectiveness of Mosquito Nets for Malaria Control: The Value of Long-Lasting Insecticide Nets
3.1 Description of Articles Included in the Final Data
- World Health Organization (WHO). World Malaria Report 2016; World Health Organization: Geneva, Switzerland, 2016.
"
27,Refuted,Refuted,not enough information,0,The World Health Organization recommends the use of insecticide-treated mosquito nets for malaria control and prevention.,only fake evidence,World Health Organization recommendation insecticide-treated mosquito nets malaria,4,https://www.genengnews.com/news/malaria-bed-nets-could-hold-disease-cure/,18.409887313842773,False,False,"While a physical barrier may not be the best option to throw up between bordering nations, physical protection such as clothing and screens can be very effective to prevent bites from annoying pests.
For instance, when used properly, insecticide-treated bed nets can reduce the transmission of malari"
28,Refuted,Refuted,refuted,0,Paul Pogba remained part of the French national team squad after October 2020.,only fake evidence,Paul Pogba French national team squad selection after October 2020,0,https://ilkha.com/english/world/pogba-quits-france-national-football-team-over-macron-s-remarks-on-islam-10442,17.389617919921875,False,False,"Manchester United star footballer Paul Pogba has quitted playing for France national team as a protest against the French President Emmanuel Macron's remarks on Islam.
Paul Pogba reportedly decided to quit international football after the French President described Islam as a source of terrorism on "
28,Refuted,Refuted,refuted,0,Paul Pogba remained part of the French national team squad after October 2020.,only fake evidence,Paul Pogba French national team squad selection after October 2020,1,https://www.mirror.co.uk/sport/football/news/paul-pogba-dropped-man-utd-19114459,17.51519203186035,False,False,"Paul Pogba has been dropped from Manchester United's 2020 amid the transfer speculation surrounding him.
The Red Devils' World Cup winner is one of their biggest name players at the club but that failed to secure Pogba a place in their official calender for next year.
Pogba has been heavily linked w"
28,Refuted,Refuted,refuted,0,Paul Pogba remained part of the French national team squad after October 2020.,only fake evidence,Paul Pogba French national team squad selection after October 2020,2,https://onefootball.com/en/news/man-uniteds-paul-pogba-slams-fake-news-claims-that-hes-retiring-from-france-duty-31541245,17.705995559692383,False,False,"Manchester United superstar Paul Pogba has taken to social media to shut down media claims that he’s retiring from France duty following president Emmanuel Macron’s controversial comments.
195sports reported that the midfielder was to quit the French national team regarding Macron’s comments in rela"
28,Refuted,Refuted,refuted,0,Paul Pogba remained part of the French national team squad after October 2020.,only fake evidence,Paul Pogba French national team squad selection after October 2020,3,https://www.caughtoffside.com/2020/10/26/man-uniteds-paul-pogba-slams-fake-news-claims-that-hes-retiring-from-france-duty/,17.970989227294922,False,False,"Manchester United superstar Paul Pogba has taken to social media to shut down media claims that he’s retiring from France duty following president Emmanuel Macron’s controversial comments.
195sports reported that the midfielder was to quit the French national team regarding Macron’s comments in rela"
28,Refuted,Refuted,refuted,0,Paul Pogba remained part of the French national team squad after October 2020.,only fake evidence,Paul Pogba French national team squad selection after October 2020,4,https://www.zeebiz.com/world/news-paul-pogba-reportedly-quits-playing-for-france-after-president-emmanuel-macrons-islam-mention-138073,18.120126724243164,False,False,"Paul Pogba dismisses report claiming he quit French team over President Macron statement
After a report said that World Cup winner Paul Pogba has quit the French football team over president Emmanuel Macron's alleged comment that Islam was the source of international terrorism, the Manchester United"
28,Refuted,Refuted,refuted,1,Paul Pogba was selected for and participated in the UEFA Euro 2020 tournament (held in 2021) for France.,only fake evidence,Paul Pogba Euro 2020 France team participation,0,https://ilkha.com/english/world/pogba-quits-france-national-football-team-over-macron-s-remarks-on-islam-10442,17.68886947631836,False,False,"Manchester United star footballer Paul Pogba has quitted playing for France national team as a protest against the French President Emmanuel Macron's remarks on Islam.
Paul Pogba reportedly decided to quit international football after the French President described Islam as a source of terrorism on "
28,Refuted,Refuted,refuted,1,Paul Pogba was selected for and participated in the UEFA Euro 2020 tournament (held in 2021) for France.,only fake evidence,Paul Pogba Euro 2020 France team participation,1,https://www.mirror.co.uk/sport/football/news/paul-pogba-dropped-man-utd-19114459,18.047819137573242,False,False,"Paul Pogba has been dropped from Manchester United's 2020 amid the transfer speculation surrounding him.
The Red Devils' World Cup winner is one of their biggest name players at the club but that failed to secure Pogba a place in their official calender for next year.
Pogba has been heavily linked w"
28,Refuted,Refuted,refuted,1,Paul Pogba was selected for and participated in the UEFA Euro 2020 tournament (held in 2021) for France.,only fake evidence,Paul Pogba Euro 2020 France team participation,2,https://onefootball.com/en/news/man-uniteds-paul-pogba-slams-fake-news-claims-that-hes-retiring-from-france-duty-31541245,18.387346267700195,False,False,"Manchester United superstar Paul Pogba has taken to social media to shut down media claims that he’s retiring from France duty following president Emmanuel Macron’s controversial comments.
195sports reported that the midfielder was to quit the French national team regarding Macron’s comments in rela"
28,Refuted,Refuted,refuted,1,Paul Pogba was selected for and participated in the UEFA Euro 2020 tournament (held in 2021) for France.,only fake evidence,Paul Pogba Euro 2020 France team participation,3,https://www.bbc.com/sport/football/54691842,18.53562355041504,False,False,"Paul Pogba: Man Utd star to take legal action over reports he was quitting France national team
Manchester United and France midfielder Paul Pogba says he will take legal action after ""total fake"" reports said he was to quit international football.
Pogba, 27, was reported to be quitting the France n"
28,Refuted,Refuted,refuted,1,Paul Pogba was selected for and participated in the UEFA Euro 2020 tournament (held in 2021) for France.,only fake evidence,Paul Pogba Euro 2020 France team participation,4,https://www.eurosport.com/football/paul-pogba_prs222248/person.shtml,18.555774688720703,False,False,"Paul Pogba: Juventus, France midfielder 'shocked' after receiving four-year ban from football for doping"
28,Refuted,Refuted,refuted,2,"Emmanuel Macron delivered a speech on October 2, 2020, outlining plans to combat 'Islamist separatism' and stating Islam was 'a religion in crisis.'",only fake evidence,Emmanuel Macron October 2 2020 speech Islamist separatism Islam crisis,0,https://www.voanews.com/a/europe_islam-crisis-all-over-world-frances-macron-says/6196668.html,16.575679779052734,False,False,"French President Emmanuel Macron Friday called Islam ""a religion that is in crisis all over the world,"" in a speech addressing what he calls “separatism” in France’s Islamic community.
In remarks delivered in the western Paris suburb of Les Mureaux, Macron said Islam is a religion in deep crisis wor"
28,Refuted,Refuted,refuted,2,"Emmanuel Macron delivered a speech on October 2, 2020, outlining plans to combat 'Islamist separatism' and stating Islam was 'a religion in crisis.'",only fake evidence,Emmanuel Macron October 2 2020 speech Islamist separatism Islam crisis,1,https://apnews.com/article/religion-paris-france-emmanuel-macron-islam-40615a00b39123ff8bcbd5ce705b88f5,16.603317260742188,False,False,"France’s Macron details plan targeting Islamist ‘separatism’
French President Emmanuel Macron delivers a speech to present his strategy to fight separatism, Friday Oct. 2, 2020 in Les Mureaux, outside Paris.
President Emmanuel Macron, trying to rid France of what authorities say is a “parallel socie"
28,Refuted,Refuted,refuted,2,"Emmanuel Macron delivered a speech on October 2, 2020, outlining plans to combat 'Islamist separatism' and stating Islam was 'a religion in crisis.'",only fake evidence,Emmanuel Macron October 2 2020 speech Islamist separatism Islam crisis,2,https://www.bbc.co.uk/news/world-europe-54383173,17.415327072143555,False,False,"France's Macron vows to fight 'Islamist separatism'
French President Emmanuel Macron has announced plans for tougher laws to tackle what he called ""Islamist separatism"" and defend secular values.
In a keenly awaited speech, Mr Macron said a minority of France's estimated six million Muslims were in "
28,Refuted,Refuted,refuted,2,"Emmanuel Macron delivered a speech on October 2, 2020, outlining plans to combat 'Islamist separatism' and stating Islam was 'a religion in crisis.'",only fake evidence,Emmanuel Macron October 2 2020 speech Islamist separatism Islam crisis,3,https://www.bbc.com/news/world-europe-54383173,17.415327072143555,False,False,"France's Macron vows to fight 'Islamist separatism'
French President Emmanuel Macron has announced plans for tougher laws to tackle what he called ""Islamist separatism"" and defend secular values.
In a keenly awaited speech, Mr Macron said a minority of France's estimated six million Muslims were in "
28,Refuted,Refuted,refuted,2,"Emmanuel Macron delivered a speech on October 2, 2020, outlining plans to combat 'Islamist separatism' and stating Islam was 'a religion in crisis.'",only fake evidence,Emmanuel Macron October 2 2020 speech Islamist separatism Islam crisis,4,https://foreignpolicy.com/2020/10/07/macron-wants-to-start-an-islamic-revolution/#!,17.685184478759766,False,False,"The French president is planning to curb the influence of extremist clerics—but his critics see something more sinister.
On Friday, French President Emmanuel Macron unveiled his plan to tackle what he termed Islamist separatism, with the dual objectives of healing social divisions and fighting viole"
29,Refuted,Supported,refuted,0,The Wire is an Indian media outlet known for publishing critical journalism.,not retrieved,The Wire India media outlet critical journalism,0,https://hindupost.in/media/runs-funds-hinduphobic-anti-bharat-media-like-wire/,15.248246192932129,False,False,"In this series of articles, we will attempt to probe the backers and funders of new & established media organizations with a decidedly Hinduphobic editorial bent.
And where Hinduphobia lurks, anti-Bharat sentiment is not far behind, especially derision for the ‘Bharat Mata ki jai’ saying citizen.
On"
29,Refuted,Supported,refuted,0,The Wire is an Indian media outlet known for publishing critical journalism.,not retrieved,The Wire India media outlet critical journalism,1,https://www.altnews.in/the-wire-did-not-disrespect-durga-excerpt-from-2016-article-misrepresented/,17.760141372680664,False,False,"An excerpt from an article in The Wire is making the rounds on Twitter to claim that the news organisation promoted ‘anti-Hindu’ sentiments by terming Durga Puja a “racist festival” and the Hindu deity a “sex worker”.
Ex-navy officer Harinder Sikka questioned The Wire in a critically worded tweet, “"
29,Refuted,Supported,refuted,0,The Wire is an Indian media outlet known for publishing critical journalism.,not retrieved,The Wire India media outlet critical journalism,2,https://thelogicalindian.com/fact-check/wire-demeans-goddess-durga-24521,18.055391311645508,False,False,"Fact Check: Cropped Screenshot Of The Wire Article Shared Claiming The Platform Demeaned Goddess Durga
Yusha, an engineer turned journalist with a core interest in sensible journalism. Since the time she worked in an MNC, she saw how fake news was rife to malign images of communities, leaders, etc.
"
29,Refuted,Supported,refuted,0,The Wire is an Indian media outlet known for publishing critical journalism.,not retrieved,The Wire India media outlet critical journalism,3,https://en.wikipedia.org/wiki/The_Wire_(magazine),19.364238739013672,False,False,"|Derek Walmsley; see timeline below for former editors
The Wire (or simply Wire) is a British music magazine publishing out of London, which has been issued monthly in print since 1982.
Its website launched in 1997, and an online archive of its entire back catalog became available to subscribers in "
29,Refuted,Supported,refuted,0,The Wire is an Indian media outlet known for publishing critical journalism.,not retrieved,The Wire India media outlet critical journalism,4,https://www.thequint.com/news/webqoof/excerpt-shared-without-context-to-label-the-wire-as-anti-hindu,19.53850746154785,False,False,"An excerpt from a report by The Wire is doing the rounds on social media to claim that the news portal intentionally disrespected Hindu goddess Durga by calling her a “sex slave”.
However, it is noteworthy that the excerpt has been taken out of context. It is from a report where The Wire had quoted "
30,Refuted,Refuted,refuted,0,Paul Pogba transferred from Manchester United to Juventus in July 2022.,not retrieved,Paul Pogba transfer Manchester United to Juventus 2022,0,https://www.theguardian.com/football/2016/aug/09/manchester-united-sign-paul-pogba-93-million-juventus,13.450820922851562,False,False,"Manchester United have confirmed the signing of Paul Pogba for a world record fee of €110m (£93.2m) from Juventus, with José Mourinho challenging the France midfielder “to be at the heart of this club for the next decade and beyond”.
The 23-year-old flew to Manchester on Monday to be assessed by Uni"
30,Refuted,Refuted,refuted,0,Paul Pogba transferred from Manchester United to Juventus in July 2022.,not retrieved,Paul Pogba transfer Manchester United to Juventus 2022,1,https://bleacherreport.com/articles/2643911-paul-pogba-transfer-rumours-latest-news-and-speculation-on-juventus-star,14.429865837097168,False,False,"Paul Pogba Officially Completes Manchester United Transfer from Juventus
The transfer saga surrounding former Juventus star Paul Pogba is finally over, with former club Manchester United officially signing the midfielder after he passed his medical.
""I am delighted to rejoin United,"" said Pogba in a"
30,Refuted,Refuted,refuted,0,Paul Pogba transferred from Manchester United to Juventus in July 2022.,not retrieved,Paul Pogba transfer Manchester United to Juventus 2022,2,https://www.juventus.com/en/news/articles/paul-pogba-joins-manchester-united,14.872845649719238,False,False,"Juventus Football Club can today confirm that Paul Pogba has completed a move to Manchester United for a fee of €105 million to be paid in two financial years.
The consideration may increase by € 5 million on achieving given conditions in the course of the duration of the contract.
The agreed sum su"
30,Refuted,Refuted,refuted,0,Paul Pogba transferred from Manchester United to Juventus in July 2022.,not retrieved,Paul Pogba transfer Manchester United to Juventus 2022,3,https://www.aljazeera.com/sports/2016/8/9/paul-pogba-signs-with-manchester-united-for-89-million,15.343297958374023,False,False,"Paul Pogba signs with Manchester United for £89 million
Manchester United re-signs French midfielder from Juventus for world record fee of £89 million.
Paul Pogba has completed a sensational return to Manchester United from Juventus for a reported £89m, in the highest-priced transfer in the sport’s "
30,Refuted,Refuted,refuted,0,Paul Pogba transferred from Manchester United to Juventus in July 2022.,not retrieved,Paul Pogba transfer Manchester United to Juventus 2022,4,https://www.theguardian.com/football/2012/jul/04/manchester-united-paul-pogba-juventus,15.429909706115723,False,False,"Manchester United have confirmed Paul Pogba has joined the Italian champions Juventus, with their manager Sir Alex Ferguson criticising the teenager for a lack of respect and claiming the deal was done ""a long time ago"".
The French midfielder Pogba, 19, was considered one of the outstanding talents "
30,Refuted,Refuted,refuted,1,Paul Pogba has not officially retired from the French national team as of his recent activities and announcements.,contradicted by fake,Paul Pogba French national team retirement status 2023,0,https://onefootball.com/en/news/man-uniteds-paul-pogba-slams-fake-news-claims-that-hes-retiring-from-france-duty-31541245,15.182729721069336,False,False,"Manchester United superstar Paul Pogba has taken to social media to shut down media claims that he’s retiring from France duty following president Emmanuel Macron’s controversial comments.
195sports reported that the midfielder was to quit the French national team regarding Macron’s comments in rela"
30,Refuted,Refuted,refuted,1,Paul Pogba has not officially retired from the French national team as of his recent activities and announcements.,contradicted by fake,Paul Pogba French national team retirement status 2023,1,https://www.tasnimnews.com/en/news/2020/10/26/2376855/pogba-retires-from-france-over-president-macron-s-anti-islam-comments,15.261675834655762,False,False,"Pogba Retires from France over President Macron’s Anti-Islam Comments
TEHRAN (Tasnim) – Paul Pogba has reportedly retired from France international team football after controversial comments made by the nation's president Emmanuel Macron about Islam.
The Manchester United star has reportedly made th"
30,Refuted,Refuted,refuted,1,Paul Pogba has not officially retired from the French national team as of his recent activities and announcements.,contradicted by fake,Paul Pogba French national team retirement status 2023,2,https://www.caughtoffside.com/2020/10/26/man-uniteds-paul-pogba-slams-fake-news-claims-that-hes-retiring-from-france-duty/,15.378907203674316,False,False,"Manchester United superstar Paul Pogba has taken to social media to shut down media claims that he’s retiring from France duty following president Emmanuel Macron’s controversial comments.
195sports reported that the midfielder was to quit the French national team regarding Macron’s comments in rela"
30,Refuted,Refuted,refuted,1,Paul Pogba has not officially retired from the French national team as of his recent activities and announcements.,contradicted by fake,Paul Pogba French national team retirement status 2023,3,https://www.zeebiz.com/world/news-paul-pogba-reportedly-quits-playing-for-france-after-president-emmanuel-macrons-islam-mention-138073,16.076005935668945,False,False,"Paul Pogba dismisses report claiming he quit French team over President Macron statement
After a report said that World Cup winner Paul Pogba has quit the French football team over president Emmanuel Macron's alleged comment that Islam was the source of international terrorism, the Manchester United"
30,Refuted,Refuted,refuted,1,Paul Pogba has not officially retired from the French national team as of his recent activities and announcements.,contradicted by fake,Paul Pogba French national team retirement status 2023,4,https://www.aa.com.tr/en/sports/french-star-pogba-denies-rumors-about-intl-retirement/2019611,16.410799026489258,False,False,"French star Pogba denies rumors about int'l retirement
British media had claimed Man Utd midfielder Pogba quit French national football team over Macron’s Islamophobic remarks
French football star Paul Pogba said on Monday he will go on to play for his nation, denying rumors about his international "
30,Refuted,Refuted,refuted,2,There is no publicly known report or statement indicating that Paul Pogba retired from international football in response to Macron's comments on Islamist terrorism.,contradicted by fake,Paul Pogba retirement France Macron comments evidence,0,https://www.caughtoffside.com/2020/10/26/man-uniteds-paul-pogba-slams-fake-news-claims-that-hes-retiring-from-france-duty/,12.001429557800293,False,False,"Manchester United superstar Paul Pogba has taken to social media to shut down media claims that he’s retiring from France duty following president Emmanuel Macron’s controversial comments.
195sports reported that the midfielder was to quit the French national team regarding Macron’s comments in rela"
30,Refuted,Refuted,refuted,2,There is no publicly known report or statement indicating that Paul Pogba retired from international football in response to Macron's comments on Islamist terrorism.,contradicted by fake,Paul Pogba retirement France Macron comments evidence,1,https://onefootball.com/en/news/man-uniteds-paul-pogba-slams-fake-news-claims-that-hes-retiring-from-france-duty-31541245,12.382661819458008,False,False,"Manchester United superstar Paul Pogba has taken to social media to shut down media claims that he’s retiring from France duty following president Emmanuel Macron’s controversial comments.
195sports reported that the midfielder was to quit the French national team regarding Macron’s comments in rela"
30,Refuted,Refuted,refuted,2,There is no publicly known report or statement indicating that Paul Pogba retired from international football in response to Macron's comments on Islamist terrorism.,contradicted by fake,Paul Pogba retirement France Macron comments evidence,2,https://www.tasnimnews.com/en/news/2020/10/26/2376855/pogba-retires-from-france-over-president-macron-s-anti-islam-comments,12.507198333740234,False,False,"Pogba Retires from France over President Macron’s Anti-Islam Comments
TEHRAN (Tasnim) – Paul Pogba has reportedly retired from France international team football after controversial comments made by the nation's president Emmanuel Macron about Islam.
The Manchester United star has reportedly made th"
30,Refuted,Refuted,refuted,2,There is no publicly known report or statement indicating that Paul Pogba retired from international football in response to Macron's comments on Islamist terrorism.,contradicted by fake,Paul Pogba retirement France Macron comments evidence,3,https://www.zeebiz.com/world/news-paul-pogba-reportedly-quits-playing-for-france-after-president-emmanuel-macrons-islam-mention-138073,12.89237117767334,False,False,"Paul Pogba dismisses report claiming he quit French team over President Macron statement
After a report said that World Cup winner Paul Pogba has quit the French football team over president Emmanuel Macron's alleged comment that Islam was the source of international terrorism, the Manchester United"
30,Refuted,Refuted,refuted,2,There is no publicly known report or statement indicating that Paul Pogba retired from international football in response to Macron's comments on Islamist terrorism.,contradicted by fake,Paul Pogba retirement France Macron comments evidence,4,https://guyanachronicle.com/2020/10/26/446759/,13.446358680725098,False,False,"(REUTERS) – Manchester United midfielder Paul Pogba on Monday denied media reports that said he quit the France national team over comments made by the country’s President Emmanuel Macron which were perceived to be against Islam.
The French leader this month declared war on “Islamist separatism”, wh"
35,Refuted,Refuted,refuted,0,The COVID-19 pandemic began in late 2019 and is caused by the SARS-CoV-2 virus.,not retrieved,When did the COVID-19 pandemic begin and what virus causes it?,0,https://www.who.int/europe/emergencies/situations/covid-19,19.46112632751465,False,False,"The coronavirus disease 2019 (COVID-19) pandemic is a global outbreak of coronavirus – an infectious disease caused by the severe acute respiratory syndrome coronavirus 2 (SARS-CoV-2).
Cases of novel coronavirus (nCoV) were first detected in China in December 2019, with the virus spreading rapidly t"
35,Refuted,Refuted,refuted,0,The COVID-19 pandemic began in late 2019 and is caused by the SARS-CoV-2 virus.,not retrieved,When did the COVID-19 pandemic begin and what virus causes it?,1,https://pubmed.ncbi.nlm.nih.gov/32169119/,19.699546813964844,False,False,"The origin, transmission and clinical therapies on coronavirus disease 2019 (COVID-19) outbreak - an update on the status
The origin, transmission and clinical therapies on coronavirus disease 2019 (COVID-19) outbreak - an update on the status
An acute respiratory disease, caused by a novel coronavi"
35,Refuted,Refuted,refuted,0,The COVID-19 pandemic began in late 2019 and is caused by the SARS-CoV-2 virus.,not retrieved,When did the COVID-19 pandemic begin and what virus causes it?,2,https://www.clinmedjournals.org/articles/jide/journal-of-infectious-diseases-and-epidemiology-jide-6-146.php?jid=jide,19.811491012573242,False,False,"Coronavirus disease 19 (COVID-19), originated at Wuhan city of China in early December 2019 has rapidly widespread with confirmed cases in almost every country across the world and has become a new global public health crisis.
The etiological agent was designated as Severe acute respiratory syndrome"
35,Refuted,Refuted,refuted,0,The COVID-19 pandemic began in late 2019 and is caused by the SARS-CoV-2 virus.,not retrieved,When did the COVID-19 pandemic begin and what virus causes it?,3,https://www.linkedin.com/pulse/covid-19-global-pandemic-brief-overview-text-from-speech-ceballos?trk=public_profile_article_view,19.927751541137695,False,False,"COVID-19 A Global Pandemic- Brief Overview (Text from Speech Given for Toastmaster's Golden Triangle April 8, 2020)
You begin hearing bits and pieces about a new disease- peeking up here and there. Soon the activity is no longer confined to a small area.
It travels to new countries and further to ne"
35,Refuted,Refuted,refuted,0,The COVID-19 pandemic began in late 2019 and is caused by the SARS-CoV-2 virus.,not retrieved,When did the COVID-19 pandemic begin and what virus causes it?,4,https://reliefweb.int/report/sudan/sudan-corona-virus-covid-19-country-preparedness-and-response-plan-cprp-april-2020,20.018455505371094,False,False,"Coronaviruses (CoV) are of zoonotic origin, meaning they are transmitted between animals and people.
The novel (new) Coronavirus (now named COVID-19) is a new strain that has not been previously identified in humans.
The index cases detected in Wuhan City, Hubei Province, China on 31 December 2019. "
35,Refuted,Refuted,refuted,1,There is no credible evidence that the COVID-19 pandemic was pre-planned or intentionally orchestrated.,not retrieved,Is there any credible evidence that COVID-19 was pre-planned or intentional?,0,https://mythdetector.ge/en/english-translation-for-that-post-with-bg-on-the-featured-img/,19.81523323059082,False,False,"On October 11, Facebook user Nona Agdgomelashvili published a post to a public group “ერთად დავამარცხოთ კორონავირუსი/COVID-19” (Let’s defeat COVID-19 together), where she describes the coronavirus-related developments as a pre-planned hoax.
She notes that the measures imposed to fight COVID-19, amon"
35,Refuted,Refuted,refuted,1,There is no credible evidence that the COVID-19 pandemic was pre-planned or intentionally orchestrated.,not retrieved,Is there any credible evidence that COVID-19 was pre-planned or intentional?,1,https://www.dni.gov/files/ODNI/documents/assessments/Unclassified-Summary-of-Assessment-on-COVID-19-Origins.pdf,19.88089370727539,False,False,"The IC assesses that SARS-CoV-2, the virus that causes COVID-19, probably emerged and 
infected humans through an initial small-scale exposure that occurred no later than November 
2019 with the first known cluster of COVID-19 cases arising in Wuhan, China in December 
2019.  In addition, the IC was"
35,Refuted,Refuted,refuted,1,There is no credible evidence that the COVID-19 pandemic was pre-planned or intentionally orchestrated.,not retrieved,Is there any credible evidence that COVID-19 was pre-planned or intentional?,2,https://www.groundup.org.za/article/beware-these-fake-claims-about-covid-19/,19.9771785736084,False,False,"We debunk nonsense being spread about the pandemic
Many untested and false claims are being made about Covid-19 and spread on social media. Here we list and debunk claims that appear to have gained traction among some South Africans.
We will try to keep this page updated, debunking the latest nonsen"
35,Refuted,Refuted,refuted,1,There is no credible evidence that the COVID-19 pandemic was pre-planned or intentionally orchestrated.,not retrieved,Is there any credible evidence that COVID-19 was pre-planned or intentional?,3,https://www.npr.org/2020/07/10/889037310/anatomy-of-a-covid-19-conspiracy-theory,19.99045181274414,False,False,"Conspiracy theories need just the right ingredients to take off within a population, and the COVID-19 pandemic has been a breeding ground for them.
A Pew Research Center survey recently asked people if they had heard the theory that the COVID-19 outbreak was intentionally planned by people in power."
35,Refuted,Refuted,refuted,1,There is no credible evidence that the COVID-19 pandemic was pre-planned or intentionally orchestrated.,not retrieved,Is there any credible evidence that COVID-19 was pre-planned or intentional?,4,https://misinforeview.hks.harvard.edu/article/the-twitter-origins-and-evolution-of-the-covid-19-plandemic-conspiracy-theory/,20.505817413330078,False,False,"The Twitter origins and evolution of the COVID-19 “plandemic” conspiracy theory
Tweets about “plandemic” (e.g., #plandemic)—the notion that the COVID-19 pandemic was planned or fraudulent—helped to spread several distinct conspiracy theories related to COVID-19.
But the term’s catchy nature attracte"
35,Refuted,Refuted,refuted,2,"Bill Gates, through the Bill & Melinda Gates Foundation, has funded global health and pandemic preparedness initiatives.",not retrieved,Bill Gates Foundation funding for global health and pandemic preparedness,0,https://www.gatesfoundation.org/ideas/media-center/press-releases/2020/04/gates-foundation-expands-commitment-to-covid-19-response-calls-for-international-collaboration,14.650982856750488,False,False,"Bill & Melinda Gates Foundation Expands Commitment to Global COVID-19 Response, Calls for International Collaboration to Protect People Everywhere from the Virus
SEATTLE, April 15, 2020 – The Bill & Melinda Gates Foundation today announced an expansion of its funding for the global response to COVID"
35,Refuted,Refuted,refuted,2,"Bill Gates, through the Bill & Melinda Gates Foundation, has funded global health and pandemic preparedness initiatives.",not retrieved,Bill Gates Foundation funding for global health and pandemic preparedness,1,https://www.cnn.com/2020/02/06/business/bill-melinda-gates-foundation-novel-coronavirus/index.html,14.775153160095215,False,False,"The Bill and Melinda Gates Foundation is dramatically increasing the amount it’s spending to combat the coronavirus, pledging up to $100 million to help contain the outbreak.
The foundation said in a statement Wednesday that its funds would be used to help find a vaccine for the virus, limit its spr"
35,Refuted,Refuted,refuted,2,"Bill Gates, through the Bill & Melinda Gates Foundation, has funded global health and pandemic preparedness initiatives.",not retrieved,Bill Gates Foundation funding for global health and pandemic preparedness,2,https://www.gatesfoundation.org/about/foundation-fact-sheet,16.79021644592285,False,False,"Guided by the belief that every life has equal value, the Bill & Melinda Gates Foundation works to help all people lead healthy, productive lives.
In developing countries, it focuses on improving people's health and giving them the chance to lift themselves out of hunger and extreme poverty.
In the "
35,Refuted,Refuted,refuted,2,"Bill Gates, through the Bill & Melinda Gates Foundation, has funded global health and pandemic preparedness initiatives.",not retrieved,Bill Gates Foundation funding for global health and pandemic preparedness,3,https://www.gatesfoundation.org/ideas/media-center/press-releases/2020/03/covid-19-therapeutics-accelerator,16.83670425415039,False,False,"Bill & Melinda Gates Foundation, Wellcome, and Mastercard Launch Initiative to Speed Development and Access to Therapies for COVID-19
Subscribe to The Optimist to get weekly updates on the latest in global health, gender equality, education, and more.
Learn about the origins of the foundation and th"
35,Refuted,Refuted,refuted,2,"Bill Gates, through the Bill & Melinda Gates Foundation, has funded global health and pandemic preparedness initiatives.",not retrieved,Bill Gates Foundation funding for global health and pandemic preparedness,4,https://www.thenation.com/article/economy/bill-gates-investments-covid/,16.914854049682617,False,False,"In the early days of the pandemic, President Trump made headlines when he reportedly tried to secure rights to a vaccine from German developer CureVac on behalf of the US government—a move that stirred questions about equity and justice.
Should the United States get priority access to the Covid vacc"
35,Refuted,Refuted,refuted,3,Claims that Bill Gates was involved in planning the COVID-19 pandemic are conspiracy theories that have been debunked.,not retrieved,fact-check debunked claims Bill Gates planned COVID-19 pandemic,0,https://www.usatoday.com/story/news/factcheck/2020/08/25/fact-check-plandemic-sequel-makes-false-claims-bill-gates/5627223002/,15.209039688110352,False,False,"Fact check: 'Plandemic' sequel makes false claims about Bill Gates
The claim: The Gates family is behind a sprawling conspiracy to control the world through vaccines, engineered COVID-19 pandemic
""Plandemic: Indoctornation,” the misinformation-filled video that debuted online Aug. 18, draws numerous"
35,Refuted,Refuted,refuted,3,Claims that Bill Gates was involved in planning the COVID-19 pandemic are conspiracy theories that have been debunked.,not retrieved,fact-check debunked claims Bill Gates planned COVID-19 pandemic,1,https://www.cnbc.com/2020/06/05/bill-gates-responds-to-bizarre-covid-19-vaccine-conspiracy-theories.html,16.17257308959961,False,False,"Here's what Bill Gates has to say about those Covid-19 vaccine conspiracy theories he's pegged to
Billionaire Bill Gates has become a top target of conspiracy theories related to the coronavirus pandemic, which the Microsoft co-founder called ""bizarre.""
""It's almost hard to deny this stuff because i"
35,Refuted,Refuted,refuted,3,Claims that Bill Gates was involved in planning the COVID-19 pandemic are conspiracy theories that have been debunked.,not retrieved,fact-check debunked claims Bill Gates planned COVID-19 pandemic,2,https://www.cnbc.com/2020/04/17/bill-gates-is-top-target-for-coronavirus-conspiracy-theories-report.html,16.37735366821289,False,False,"Bill Gates has been one of the most outspoken public figures about the coronavirus pandemic. But the billionaire philanthropist and Microsoft co-founder has also become a leading target of various conspiracies that have popped up around the spread of Covid-19.
Conspiracy theories falsely linking Gat"
35,Refuted,Refuted,refuted,3,Claims that Bill Gates was involved in planning the COVID-19 pandemic are conspiracy theories that have been debunked.,not retrieved,fact-check debunked claims Bill Gates planned COVID-19 pandemic,3,https://blockchain.news/news/bill-gates-planned-covid-19-pandemic-via-deep-state-circular-cabalsays-disgraced-dr-mikovits,16.438926696777344,False,False,"Bill Gates Planned COVID-19 Pandemic via Deep-state 'Circular Cabal', says Disgraced Dr. Mikovits
A recent clip from a soon to be released documentary called ‘Plandemic’ features a disgraced virologist Dr Judy Mikovits accusing a sinister corporate controlled “circular cabal” led by Bill Gates himse"
35,Refuted,Refuted,refuted,3,Claims that Bill Gates was involved in planning the COVID-19 pandemic are conspiracy theories that have been debunked.,not retrieved,fact-check debunked claims Bill Gates planned COVID-19 pandemic,4,https://www.usatoday.com/story/news/factcheck/2020/03/26/fact-check-bill-gates-backed-pandemic-exercise-didnt-predict-covid-19/5081854002/,16.904455184936523,False,False,"Fact check: A Bill Gates-backed pandemic simulation in October did not predict COVID-19
The claim: Bill Gates and the World Economic Forum predicted the coronavirus pandemic
As the COVID-19 pandemic disrupts the globe, rumors abound online about the origin of the virus. On March 16, @freedom_faction"
35,Refuted,Refuted,refuted,4,"Investigations by organizations like the WHO indicate natural origins or accidental leaks for COVID-19, not intentional planning.",not retrieved,WHO investigations COVID-19 origins natural accidental leak not intentional,0,https://www.cbsnews.com/news/coronavirus-covid-19-origins-investigation-wuhan-lab-accident/,19.249370574951172,False,False,"U.S. intelligence community still investigating origins of COVID-19 outbreak, including whether it was a lab accident
The U.S. intelligence community has not ruled out the possibility that the novel coronavirus was inadvertently introduced to a human carrier or released into the broader environment "
35,Refuted,Refuted,refuted,4,"Investigations by organizations like the WHO indicate natural origins or accidental leaks for COVID-19, not intentional planning.",not retrieved,WHO investigations COVID-19 origins natural accidental leak not intentional,1,https://www.thenewatlantis.com/publications/manufacturing-consensus,19.45700454711914,False,False,"After having been told for over a year that there was a scientific consensus that Covid had a natural origin — and that any suggestion of a possible lab leak in Wuhan was tantamount to a xenophobic conspiracy theory — it now appears that there is not, and never was, such a consensus.
And the lab-lea"
35,Refuted,Refuted,refuted,4,"Investigations by organizations like the WHO indicate natural origins or accidental leaks for COVID-19, not intentional planning.",not retrieved,WHO investigations COVID-19 origins natural accidental leak not intentional,2,https://www.dni.gov/files/ODNI/documents/assessments/Unclassified-Summary-of-Assessment-on-COVID-19-Origins.pdf,19.703752517700195,False,False,"The IC assesses that SARS-CoV-2, the virus that causes COVID-19, probably emerged and 
infected humans through an initial small-scale exposure that occurred no later than November 
2019 with the first known cluster of COVID-19 cases arising in Wuhan, China in December 
2019.  In addition, the IC was"
35,Refuted,Refuted,refuted,4,"Investigations by organizations like the WHO indicate natural origins or accidental leaks for COVID-19, not intentional planning.",not retrieved,WHO investigations COVID-19 origins natural accidental leak not intentional,3,https://foreignaffairs.house.gov/finalcovid-19pandemicoriginsreport/,19.829845428466797,False,False,"Report uncovers additional evidence showing the Chinese Communist Party (CCP) and World Health Organization are culpable in the spread of the COVID-19 pandemic
Click Here or on the Image Above to Read the Full Report
- Press Release on the Final Report on COVID-19 Origins"
35,Refuted,Refuted,refuted,4,"Investigations by organizations like the WHO indicate natural origins or accidental leaks for COVID-19, not intentional planning.",not retrieved,WHO investigations COVID-19 origins natural accidental leak not intentional,4,https://www.mdpi.com/1999-4915/12/2/135,21.021013259887695,False,False,"6. Threat for Spread: Human to Human, Health Care Workers, and Super Spreaders
- Wuhan Municipal Health Commision. Wuhan Municipal Health and Health Commission’s Briefing on the Current Pneumonia Epidemic Situation in Our City.
Available online: http://wjw.wuhan.gov.cn/front/web/showDetail/201912310"
37,Refuted,Refuted,refuted,0,Chris Coons is a U.S. Senator from Delaware and a member of the Democratic Party.,not retrieved,Chris Coons U.S. Senator Delaware official biography,0,https://www.imdb.com/name/nm4451074/,14.332971572875977,False,False,"Chris Coons was born on 9 September 1963 in Greenwich, Connecticut, USA. He is an actor, known for Judge Katanji Brown Jackson Confirmation Hearing (2022), The Robert MacNeil Report (1975) and Year One: A Political Odyssey (2022).
He is married to Anne Coons. They have three children.
- Self - Senat"
37,Refuted,Refuted,refuted,0,Chris Coons is a U.S. Senator from Delaware and a member of the Democratic Party.,not retrieved,Chris Coons U.S. Senator Delaware official biography,1,https://reflections.yale.edu/article/lets-talk-confronting-our-divisions/prayer-not-politics-wednesday-mornings-sen-chris-coons,14.968029975891113,False,False,"Prayer, not Politics, on Wednesday Mornings - by Sen. Chris Coons
Sen. Chris Coons of Delaware is a member of the Senate Appropriations, Foreign Relations, Judiciary, Small Business and Entrepreneurship, and Ethics committees.
He is known for his bipartisan efforts in the Senate to solve national pr"
37,Refuted,Refuted,refuted,0,Chris Coons is a U.S. Senator from Delaware and a member of the Democratic Party.,not retrieved,Chris Coons U.S. Senator Delaware official biography,2,https://www.goupstate.com/story/news/2010/11/03/coons-beats-odonnell-in-delaware-senate-race/29846150007/,14.97404956817627,False,False,"WILMINGTON, Del. — Democrat Chris Coons easily won Delaware's Senate race Tuesday over Republican Christine O'Donnell, a tea party favorite who struggled to shake old cable-show footage in which she spoke out against masturbation and talked about dabbling in witchcraft as a teenager.
Based on an AP "
37,Refuted,Refuted,refuted,0,Chris Coons is a U.S. Senator from Delaware and a member of the Democratic Party.,not retrieved,Chris Coons U.S. Senator Delaware official biography,3,https://www.inquirer.com/news/chris-coons-prayer-breakfast-saving-civility-20181209.html,15.148200035095215,False,False,"Can this Delaware senator save civility in Congress?
With prayer meetings and personal greetings, Sen. Chris Coons has carved out a role trying to soothe the acrimony that has become the defining feature of American politics -- but it's an uphill climb.
WASHINGTON -- Chris Coons still hasn’t gotten "
37,Refuted,Refuted,refuted,0,Chris Coons is a U.S. Senator from Delaware and a member of the Democratic Party.,not retrieved,Chris Coons U.S. Senator Delaware official biography,4,https://itif.org/person/chris-coons/,15.474591255187988,False,False,"Senator Chris Coons (D-DE) is an honorary co-chair of ITIF.
Senator Chris Coons represents Delaware in the United States Senate, where he serves on the Senate Committees on Appropriations, Judiciary, Foreign Relations, and Small Business and Entrepreneurship.
He is particularly interested in nurturi"
37,Refuted,Refuted,refuted,1,Hunter Biden's laptop and its contents became a major topic of news reporting and political controversy starting in 2020.,only fake evidence,Hunter Biden laptop controversy timeline 2020 major news coverage,0,https://testset.io/2020/10/20/the-hunter-biden-laptop-scandal-is-a-giant-nothing-burger/,15.837977409362793,False,False,"Despite the allegations being disproven repeatedly, the Biden-Laptop story continues to grow among Trump’s most delusional supporters.
In fact, it may be more dangerous now that it is debunked.
Falling behind in the polls and expected to lose the election, President Trump and his allies are throwing"
37,Refuted,Refuted,refuted,1,Hunter Biden's laptop and its contents became a major topic of news reporting and political controversy starting in 2020.,only fake evidence,Hunter Biden laptop controversy timeline 2020 major news coverage,1,http://biggs.house.gov/media/in-the-news/hunter-biden-laptop-claims-5-fast-facts-you-need-know,17.373706817626953,False,False,"Hunter Biden Laptop Claims: 5 Fast Facts You Need to Know
Acomputer repair shop owner in Delaware has thrust claims about a purported Hunter Biden laptop into the presidential race.
The claims, coming as an October surprise of sorts in the presidential election, have generated heated controversy.
Ma"
37,Refuted,Refuted,refuted,1,Hunter Biden's laptop and its contents became a major topic of news reporting and political controversy starting in 2020.,only fake evidence,Hunter Biden laptop controversy timeline 2020 major news coverage,2,https://www.washingtonexaminer.com/news/fbi-and-doj-do-not-believe-hunter-biden-laptop-part-of-russian-disinformation-campaign,17.53144645690918,False,False,"Federal law enforcement agencies do not believe the contents on Hunter Biden’s laptop are part of a foreign election interference effort.
“1) FBI & DOJ concur w/ Ratcliffe that Hunter Biden’s laptop & the emails in question weren’t part of a Russian disinformation campaign,” Fox News producer Sean L"
37,Refuted,Refuted,refuted,1,Hunter Biden's laptop and its contents became a major topic of news reporting and political controversy starting in 2020.,only fake evidence,Hunter Biden laptop controversy timeline 2020 major news coverage,3,https://buffalochronicle.com/2020/10/19/fbis-top-child-porn-investigator-has-subpoenaed-hunter-bidens-laptop/,18.145998001098633,False,False,"The Chronicle has confirmed that Joshua Wilson, one of the FBI’s top child porn investigators, has subpoenaed Hunter Biden‘s now scandalous laptop — known to contain a trove of emails that implicate Joe Biden in wide ranging bribery and pay-for-access schemes.
An FBI agent who recently retired from "
37,Refuted,Refuted,refuted,1,Hunter Biden's laptop and its contents became a major topic of news reporting and political controversy starting in 2020.,only fake evidence,Hunter Biden laptop controversy timeline 2020 major news coverage,4,https://www.politifact.com/factchecks/2020/oct/20/facebook-posts/fact-checking-unproven-claims-about-hunter-biden-a/,18.18766212463379,False,False,"Fact-checking unproven claims about Hunter Biden and child pornography
- There is no evidence that a laptop previously belonging to Hunter Biden contains child pornography.
The allegation originated on an anonymous internet forum that’s a known source of online disinformation.
Two weeks until Electi"
37,Refuted,Refuted,refuted,2,"The central allegations about Hunter Biden's laptop involved his overseas business dealings, personal drug use, and related financial matters, not the featuring of underage daughters of political figures.",only fake evidence,Hunter Biden laptop primary allegations business dealings drug use finances,0,https://buffalochronicle.com/2020/10/19/fbis-top-child-porn-investigator-has-subpoenaed-hunter-bidens-laptop/,15.207006454467773,False,False,"The Chronicle has confirmed that Joshua Wilson, one of the FBI’s top child porn investigators, has subpoenaed Hunter Biden‘s now scandalous laptop — known to contain a trove of emails that implicate Joe Biden in wide ranging bribery and pay-for-access schemes.
An FBI agent who recently retired from "
37,Refuted,Refuted,refuted,2,"The central allegations about Hunter Biden's laptop involved his overseas business dealings, personal drug use, and related financial matters, not the featuring of underage daughters of political figures.",only fake evidence,Hunter Biden laptop primary allegations business dealings drug use finances,1,https://testset.io/2020/10/20/the-hunter-biden-laptop-scandal-is-a-giant-nothing-burger/,15.98348617553711,False,False,"Despite the allegations being disproven repeatedly, the Biden-Laptop story continues to grow among Trump’s most delusional supporters.
In fact, it may be more dangerous now that it is debunked.
Falling behind in the polls and expected to lose the election, President Trump and his allies are throwing"
37,Refuted,Refuted,refuted,2,"The central allegations about Hunter Biden's laptop involved his overseas business dealings, personal drug use, and related financial matters, not the featuring of underage daughters of political figures.",only fake evidence,Hunter Biden laptop primary allegations business dealings drug use finances,2,https://www.washingtonexaminer.com/news/fbi-and-doj-do-not-believe-hunter-biden-laptop-part-of-russian-disinformation-campaign,16.423755645751953,False,False,"Federal law enforcement agencies do not believe the contents on Hunter Biden’s laptop are part of a foreign election interference effort.
“1) FBI & DOJ concur w/ Ratcliffe that Hunter Biden’s laptop & the emails in question weren’t part of a Russian disinformation campaign,” Fox News producer Sean L"
37,Refuted,Refuted,refuted,2,"The central allegations about Hunter Biden's laptop involved his overseas business dealings, personal drug use, and related financial matters, not the featuring of underage daughters of political figures.",only fake evidence,Hunter Biden laptop primary allegations business dealings drug use finances,3,http://biggs.house.gov/media/in-the-news/hunter-biden-laptop-claims-5-fast-facts-you-need-know,16.513856887817383,False,False,"Hunter Biden Laptop Claims: 5 Fast Facts You Need to Know
Acomputer repair shop owner in Delaware has thrust claims about a purported Hunter Biden laptop into the presidential race.
The claims, coming as an October surprise of sorts in the presidential election, have generated heated controversy.
Ma"
37,Refuted,Refuted,refuted,2,"The central allegations about Hunter Biden's laptop involved his overseas business dealings, personal drug use, and related financial matters, not the featuring of underage daughters of political figures.",only fake evidence,Hunter Biden laptop primary allegations business dealings drug use finances,4,https://www.politifact.com/factchecks/2020/oct/20/facebook-posts/fact-checking-unproven-claims-about-hunter-biden-a/,16.718233108520508,False,False,"Fact-checking unproven claims about Hunter Biden and child pornography
- There is no evidence that a laptop previously belonging to Hunter Biden contains child pornography.
The allegation originated on an anonymous internet forum that’s a known source of online disinformation.
Two weeks until Electi"
37,Refuted,Refuted,refuted,3,"There is no credible, widely-reported evidence or mainstream news story confirming that the daughter of Senator Chris Coons was featured in images or materials on Hunter Biden's laptop.",only fake evidence,Hunter Biden laptop underage girls Chris Coons daughter evidence mainstream news,0,https://www.google.com/search?q=Did+the+Breitbart+News+report+that+the+daughter+of+Delaware+Democratic+Senator+Chris+Coons+and+seven+other+underaged+girls+were+featured+on+Hunter+Biden%27s+laptop%3F&sourceid=chrome&ie=UTF-8,12.542644500732422,True,False,"No evidence Hunter Biden had photos of Coons' daughter - PolitiFact
www.politifact.com › factchecks › oct › facebook-posts › no-evidence-hun...
26 Oct 2020 · There is no evidence that a computer hard drive previously belonging to Hunter Biden contains illicit images of Coons' teenage daughter.
1 day"
37,Refuted,Refuted,refuted,3,"There is no credible, widely-reported evidence or mainstream news story confirming that the daughter of Senator Chris Coons was featured in images or materials on Hunter Biden's laptop.",only fake evidence,Hunter Biden laptop underage girls Chris Coons daughter evidence mainstream news,1,https://ground.news/article/d3c74388-e567-47f9-b709-c5721ccd1b10,13.402844429016113,False,False,"Delaware GOP Senate candidate says Sen. Chris Coons' daughter is 'featured on Hunter's laptop'
(GATEWAY PUNDIT) Delaware Republican senate candidate Lauren Witzke has alleged that a source close to the investigation into Hunter Biden’s laptop has informed her that there are images of Senator Chris C"
37,Refuted,Refuted,refuted,3,"There is no credible, widely-reported evidence or mainstream news story confirming that the daughter of Senator Chris Coons was featured in images or materials on Hunter Biden's laptop.",only fake evidence,Hunter Biden laptop underage girls Chris Coons daughter evidence mainstream news,2,https://hebrewnews.com/article/36520/preview/1,15.132134437561035,False,False,"הלפטופ של האנטר ביידן מחריד ועולה על כל דמיון - רק ככה אפשר להגדיר את מה שנמצא ב""לפטופ מהגיהנום"" כדברי הנשיא טראמפ.
בגילוי המרעיש האחרון המועמדת לסנאט הרפובליקני של דלאוור, לורן וויצקה, טוענת כי גורם משטרתי בכיר המקורב לחקירת המחשב הנייד של האנטר ביידן הודיע לה כי ישנן תמונות של בתו של הסנטור כריס ק"
37,Refuted,Refuted,refuted,3,"There is no credible, widely-reported evidence or mainstream news story confirming that the daughter of Senator Chris Coons was featured in images or materials on Hunter Biden's laptop.",only fake evidence,Hunter Biden laptop underage girls Chris Coons daughter evidence mainstream news,3,https://buffalochronicle.com/2020/10/19/fbis-top-child-porn-investigator-has-subpoenaed-hunter-bidens-laptop/,16.936092376708984,False,False,"The Chronicle has confirmed that Joshua Wilson, one of the FBI’s top child porn investigators, has subpoenaed Hunter Biden‘s now scandalous laptop — known to contain a trove of emails that implicate Joe Biden in wide ranging bribery and pay-for-access schemes.
An FBI agent who recently retired from "
37,Refuted,Refuted,refuted,3,"There is no credible, widely-reported evidence or mainstream news story confirming that the daughter of Senator Chris Coons was featured in images or materials on Hunter Biden's laptop.",only fake evidence,Hunter Biden laptop underage girls Chris Coons daughter evidence mainstream news,4,https://www.politifact.com/factchecks/2020/oct/20/facebook-posts/fact-checking-unproven-claims-about-hunter-biden-a/,16.999208450317383,False,False,"Fact-checking unproven claims about Hunter Biden and child pornography
- There is no evidence that a laptop previously belonging to Hunter Biden contains child pornography.
The allegation originated on an anonymous internet forum that’s a known source of online disinformation.
Two weeks until Electi"
37,Refuted,Refuted,refuted,4,Breitbart News has not published a report that meets the description in the claim that is widely accepted as factual by other major news organizations or fact-checkers.,only fake evidence,Breitbart article Hunter Biden Coons daughter underage girls fact-check verification,0,https://www.google.com/search?q=Did+the+Breitbart+News+report+that+the+daughter+of+Delaware+Democratic+Senator+Chris+Coons+and+seven+other+underaged+girls+were+featured+on+Hunter+Biden%27s+laptop%3F&sourceid=chrome&ie=UTF-8,13.260335922241211,True,False,"No evidence Hunter Biden had photos of Coons' daughter - PolitiFact
www.politifact.com › factchecks › oct › facebook-posts › no-evidence-hun...
26 Oct 2020 · There is no evidence that a computer hard drive previously belonging to Hunter Biden contains illicit images of Coons' teenage daughter.
1 day"
37,Refuted,Refuted,refuted,4,Breitbart News has not published a report that meets the description in the claim that is widely accepted as factual by other major news organizations or fact-checkers.,only fake evidence,Breitbart article Hunter Biden Coons daughter underage girls fact-check verification,1,https://ground.news/article/d3c74388-e567-47f9-b709-c5721ccd1b10,17.92062759399414,False,False,"Delaware GOP Senate candidate says Sen. Chris Coons' daughter is 'featured on Hunter's laptop'
(GATEWAY PUNDIT) Delaware Republican senate candidate Lauren Witzke has alleged that a source close to the investigation into Hunter Biden’s laptop has informed her that there are images of Senator Chris C"
37,Refuted,Refuted,refuted,4,Breitbart News has not published a report that meets the description in the claim that is widely accepted as factual by other major news organizations or fact-checkers.,only fake evidence,Breitbart article Hunter Biden Coons daughter underage girls fact-check verification,2,https://www.hollywoodlanews.com/hunter-biden-topless-14-year-old-girl-photos/,18.03580093383789,False,False,"Hunter Biden with Topless 14-Year-Old Girl in Photos?
Allegations have surfaced on social media that the infamous “Laptop from Hell” belonging to presidential candidate Joe Biden’s son Hunter contains photos of him together with a topless niece, aged 14 at the time.
The photos have been presumably s"
37,Refuted,Refuted,refuted,4,Breitbart News has not published a report that meets the description in the claim that is widely accepted as factual by other major news organizations or fact-checkers.,only fake evidence,Breitbart article Hunter Biden Coons daughter underage girls fact-check verification,3,https://www.forbes.com/sites/joewalsh/2020/10/22/the-hunter-biden-scoops-heres-why-the-media-largely-hasnt-picked-up-the-ny-post-stories-hint-its-not-bias/,18.332164764404297,False,False,"In the 2020 election’s final days, President Donald Trump has latched onto a series of unconfirmed emails involving Joe Biden’s family published in the New York Post over the last week, and accused the media of censorship for not aggressively covering them — but valid doubts about the stories’ relia"
37,Refuted,Refuted,refuted,4,Breitbart News has not published a report that meets the description in the claim that is widely accepted as factual by other major news organizations or fact-checkers.,only fake evidence,Breitbart article Hunter Biden Coons daughter underage girls fact-check verification,4,https://hebrewnews.com/article/36520/preview/1,18.738630294799805,False,False,"הלפטופ של האנטר ביידן מחריד ועולה על כל דמיון - רק ככה אפשר להגדיר את מה שנמצא ב""לפטופ מהגיהנום"" כדברי הנשיא טראמפ.
בגילוי המרעיש האחרון המועמדת לסנאט הרפובליקני של דלאוור, לורן וויצקה, טוענת כי גורם משטרתי בכיר המקורב לחקירת המחשב הנייד של האנטר ביידן הודיע לה כי ישנן תמונות של בתו של הסנטור כריס ק"
42,Supported,Refuted,refuted,0,"President Donald Trump held campaign rallies in Waukesha, Wisconsin during his political campaigns.",only fake evidence,Trump campaign rally Waukesha Wisconsin date and location,0,https://www.shutterstock.com/editorial/image-editorial/10973522h,11.781567573547363,False,False,"Trump attends campaign rally in Wisconsin, Waukesha, USA - 24 Oct 2020
US President Donald J. Trump (C) speaks at a campaign rally at the Waukesha County Airport in Waukesha, Wisconsin, USA, 24 October 2020.
Trump will face Democratic candidate Joe Biden in the US presidential election on 03 Novembe"
42,Supported,Refuted,refuted,0,"President Donald Trump held campaign rallies in Waukesha, Wisconsin during his political campaigns.",only fake evidence,Trump campaign rally Waukesha Wisconsin date and location,1,https://www.cbs58.com/news/pres-trump-to-return-to-wisconsin-this-weekend,11.87839126586914,False,False,"Pres. Trump to hold campaign rally in Waukesha on Saturday
Posted: Oct 21, 2020 3:22 PM CDT | Updated: Oct 22, 2020 2:18 PM CDT
WAUKESHA, Wis. (CBS 58) -- President Donald Trump will hold a campaign rally in Waukesha on Saturday, Oct. 24.
The Trump campaign announced he will speak at Stein Aircraft "
42,Supported,Refuted,refuted,0,"President Donald Trump held campaign rallies in Waukesha, Wisconsin during his political campaigns.",only fake evidence,Trump campaign rally Waukesha Wisconsin date and location,2,https://www.jsonline.com/story/news/politics/elections/2020/10/22/donald-trump-sets-saturday-rally-waukesha-county-airport/3731956001/,12.343293190002441,False,False,"Donald Trump schedules Saturday night rally at Waukesha County Airport
President Donald Trump is set to return to Wisconsin with a Saturday night rally at Waukesha County Airport.
The event will be held at Stein's Aircraft Services, 2651 Aviation Drive, Waukesha.
Doors open at 4 p.m. with the event "
42,Supported,Refuted,refuted,0,"President Donald Trump held campaign rallies in Waukesha, Wisconsin during his political campaigns.",only fake evidence,Trump campaign rally Waukesha Wisconsin date and location,3,https://www.greenbaypressgazette.com/story/news/2020/10/24/wisconsin-elections-donald-trump-jr-coming-de-pere-tuesday/6021451002/,15.185084342956543,False,False,"DE PERE - President Donald Trump’s oldest son will make a stop in De Pere on Tuesday, a week before Election Day, to campaign for this father.
Donald Trump Jr. will speak at 4 p.m. Tuesday at Amerilux International for a Make America Great Again event.
It is one of many campaign events President Tru"
42,Supported,Refuted,refuted,0,"President Donald Trump held campaign rallies in Waukesha, Wisconsin during his political campaigns.",only fake evidence,Trump campaign rally Waukesha Wisconsin date and location,4,https://www.cbsnews.com/minnesota/news/president-trump-schedules-rally-in-wisconsin-days-before-election/,15.372574806213379,False,False,"President Trump Schedules Rally In Wisconsin Days Before Election
MADISON, Wis. (AP/WCCO) — President Donald Trump has scheduled a rally Saturday in a conservative Milwaukee suburb, just nine days before the election.
Trump's campaign announced the rally at an airport in Waukesha on Thursday. The ev"
42,Supported,Refuted,refuted,1,The American flag is traditionally displayed behind the president or candidate at official campaign rallies in the United States.,only fake evidence,American flag displayed behind president at campaign rallies protocol,0,http://www.leg.state.fl.us/Statutes/index.cfm?App_mode=Display_Statute&URL=0200-0299/0256/0256.html,19.435758590698242,False,False,"(1) The supervisor of elections of each county in this state shall provide a flag of the United States for each polling place in the county.
The flag shall be displayed properly and prominently at all designated polling places on all days when an election is being held.
(2) The supervisor of electio"
42,Supported,Refuted,refuted,1,The American flag is traditionally displayed behind the president or candidate at official campaign rallies in the United States.,only fake evidence,American flag displayed behind president at campaign rallies protocol,1,https://sgp.fas.org/crs/misc/RL30243.pdf,19.776123046875,False,False,"Prepared for Members and Committees of Congress        
The United States Flag: Federal Law Relating to Display and Associated Questions 
This report presents, verbatim, the United States “Flag Code” as found in Title 4 of the United 
States Code and the section of Title 36 which designates the Star"
42,Supported,Refuted,refuted,1,The American flag is traditionally displayed behind the president or candidate at official campaign rallies in the United States.,only fake evidence,American flag displayed behind president at campaign rallies protocol,2,https://www.aclu.org/news/free-speech/it-okay-kick-people-out-campaign-rallies-depends,20.15935516357422,False,False,"While there may not be a single policy issue this year’s presidential candidates can agree on, there does seem to be a bipartisan consensus on one thing: Protest will not be tolerated at campaign rallies.
The Trump campaign has gotten the most publicity for removing protesters, in part because of th"
42,Supported,Refuted,refuted,1,The American flag is traditionally displayed behind the president or candidate at official campaign rallies in the United States.,only fake evidence,American flag displayed behind president at campaign rallies protocol,3,https://www.legion.org/flag/code,20.218725204467773,False,False,"As Adopted by the National Flag Conference, Washington, D.C., June 14-15, 1923, and Revised and Endorsed by the Second National Flag Conference, Washington, D.C., May 15, 1924.
Revised and adopted at P.L. 623, 77th Congress, Second Session, June 22, 1942; as Amended by P.L. 829, 77th Congress, Secon"
42,Supported,Refuted,refuted,1,The American flag is traditionally displayed behind the president or candidate at official campaign rallies in the United States.,only fake evidence,American flag displayed behind president at campaign rallies protocol,4,https://www.legion.org/flag,20.45556640625,False,False,"- Nebraska squadron shares flag etiquette with fifth-graders
- Legion awards FOX Sports for 100 percent Americanism
- Fledgling Virginia post’s Flag Day display a part of its effort to ‘be a light’ in its community
- North Carolina post hosts Flag Day ‘slurp and paint’ for kids"
42,Supported,Refuted,refuted,2,There are no credible reports or documented instances of an 'anti-Black Lives Matter' flag replacing the American flag behind President Trump at a Waukesha rally.,only fake evidence,anti-Black Lives Matter flag Trump Waukesha rally evidence,0,https://www.fox6now.com/news/makes-me-sick-protester-seen-stomping-on-american-flag-outside-trump-town-hall-at-uwm,17.96774673461914,False,False,"""Makes me sick:"" Protester seen stomping on American flag outside Trump town hall at UWM
MILWAUKEE -- There were protesters outside the University of Wisconsin-Milwaukee's Mainstage Theatre, where Republican presidential candidate Donald Trump was set to host a Fox News Channel town hall event sched"
42,Supported,Refuted,refuted,2,There are no credible reports or documented instances of an 'anti-Black Lives Matter' flag replacing the American flag behind President Trump at a Waukesha rally.,only fake evidence,anti-Black Lives Matter flag Trump Waukesha rally evidence,1,https://www.northjersey.com/story/news/bergen/paramus/2020/09/26/pro-trump-and-anti-trump-groups-rally-route-17/3543021001/,18.336687088012695,False,False,"Trump rally brings out supporters and counter protesters on Route 17
Donald Trump supporters gathered on Route 17 in Paramus on Saturday to rally support for the president while counter-protesters voiced their opposition only a few feet away.
About a hundred fans of the president, many of them maskl"
42,Supported,Refuted,refuted,2,There are no credible reports or documented instances of an 'anti-Black Lives Matter' flag replacing the American flag behind President Trump at a Waukesha rally.,only fake evidence,anti-Black Lives Matter flag Trump Waukesha rally evidence,2,https://www.gmtoday.com/the_freeman/news/thousands-line-up-outside-of-waukesha-trump-rally/article_95d1575e-1662-11eb-987f-2385b740a133.html,18.632497787475586,False,False,"WAUKESHA - Cold temperatures and a long drive didn't stop Brian Byrne and John Holden from making the trip from Chicago to the Waukesha County Airport on Saturday, Oct. 24 for President Donald Trump¹s campaign rally.
“He (Trump) tells it like it is,” Byrne said. “We're sick of being lied to. A lot o"
42,Supported,Refuted,refuted,2,There are no credible reports or documented instances of an 'anti-Black Lives Matter' flag replacing the American flag behind President Trump at a Waukesha rally.,only fake evidence,anti-Black Lives Matter flag Trump Waukesha rally evidence,3,https://www.bbc.com/news/av/world-us-canada-53261067,18.732524871826172,False,False,"'Why is Trump calling Black Lives Matter a symbol of hate?'
White House Press Secretary Kayleigh McEnany has defended President Trump's comments about the Black Lives Matter movement.
The US president tweeted on Wednesday about New York City's decision to paint ""Black Lives Matter"" on Fifth Avenue, "
42,Supported,Refuted,refuted,2,There are no credible reports or documented instances of an 'anti-Black Lives Matter' flag replacing the American flag behind President Trump at a Waukesha rally.,only fake evidence,anti-Black Lives Matter flag Trump Waukesha rally evidence,4,https://www.voanews.com/a/trump-under-attack-for-failure-to-denounce-white-supremacists/3983794.html,18.84282875061035,False,False,"President Donald Trump is under attack across the U.S. political spectrum for his failure to denounce the white supremacists who staged the ""Unite the Right"" rally in Charlottesville, Virginia, that turned deadly.
Trump, often quick to comment on terrorist attacks, condemned ""this egregious display "
42,Supported,Refuted,refuted,3,Flags with messages explicitly opposing the Black Lives Matter movement are not a standard or reported feature at official Trump campaign events.,only fake evidence,flags opposing Black Lives Matter at Trump campaign rallies,0,https://www.bbc.com/news/av/world-us-canada-53261067,17.470338821411133,False,False,"'Why is Trump calling Black Lives Matter a symbol of hate?'
White House Press Secretary Kayleigh McEnany has defended President Trump's comments about the Black Lives Matter movement.
The US president tweeted on Wednesday about New York City's decision to paint ""Black Lives Matter"" on Fifth Avenue, "
42,Supported,Refuted,refuted,3,Flags with messages explicitly opposing the Black Lives Matter movement are not a standard or reported feature at official Trump campaign events.,only fake evidence,flags opposing Black Lives Matter at Trump campaign rallies,1,https://www.cbsnews.com/news/black-lives-matter-protests-ensue-outside-trumps-keep-america-great-rally-in-tulsa-2020-06-20/,17.89232635498047,False,False,"Black Lives Matter protests ensue outside Trump's ""Keep America Great"" rally in Tulsa
Ahead of President Trump's ""Keep America Great"" rally in Tulsa, Oklahoma, on Saturday night, Black Lives Matter protesters gathered outside the venue as Trump supporters waited for the doors to open.
The interactio"
42,Supported,Refuted,refuted,3,Flags with messages explicitly opposing the Black Lives Matter movement are not a standard or reported feature at official Trump campaign events.,only fake evidence,flags opposing Black Lives Matter at Trump campaign rallies,2,https://www.northjersey.com/story/news/bergen/paramus/2020/09/26/pro-trump-and-anti-trump-groups-rally-route-17/3543021001/,18.13320541381836,False,False,"Trump rally brings out supporters and counter protesters on Route 17
Donald Trump supporters gathered on Route 17 in Paramus on Saturday to rally support for the president while counter-protesters voiced their opposition only a few feet away.
About a hundred fans of the president, many of them maskl"
42,Supported,Refuted,refuted,3,Flags with messages explicitly opposing the Black Lives Matter movement are not a standard or reported feature at official Trump campaign events.,only fake evidence,flags opposing Black Lives Matter at Trump campaign rallies,3,https://www.cnn.com/2020/07/01/politics/donald-trump-black-lives-matter-confederate-race/index.html,18.482683181762695,False,False,"On Monday, President Donald Trump went after attempts to strip the names of racists from buildings.
On Tuesday, it was a federal housing rule meant to combat racial segregation.
By Wednesday, Trump was calling the words “Black Lives Matter” a “symbol of hate” – a description he’s refused to use for "
42,Supported,Refuted,refuted,3,Flags with messages explicitly opposing the Black Lives Matter movement are not a standard or reported feature at official Trump campaign events.,only fake evidence,flags opposing Black Lives Matter at Trump campaign rallies,4,http://www.xinhuanet.com/english/2020-07/10/c_139201173.htm,18.809810638427734,False,False,"People who paint ""Black Lives Matter"" mural pose for a photo in front of Trump Tower in New York, the United States, on July 9, 2020.
A giant, yellow ""Black Lives Matter"" mural was painted Thursday on New York City's Fifth Avenue right in front of Trump Tower, a skyscraper that serves as the headqua"
53,Supported,Supported,refuted,0,Hunter Biden is the son of President Joe Biden.,not retrieved,Hunter Biden father Joe Biden relationship,0,https://www.foxnews.com/politics/hunter-biden-emails-senate-homeland-security-committee-investigating-hard-drive-laptop,17.561504364013672,False,False,"The Senate Homeland Security and Governmental Affairs Committee is investigating newly released emails that reveal that Hunter Biden introduced his father, former Vice President Joe Biden, to a top executive at Ukrainian natural gas firm Burisma Holdings in 2015 at Hunter's request.
Committee Chairm"
53,Supported,Supported,refuted,0,Hunter Biden is the son of President Joe Biden.,not retrieved,Hunter Biden father Joe Biden relationship,1,https://www.imdb.com/name/nm11045889/,17.611989974975586,False,False,"Hunter Biden was born on 4 February 1970 in Wilmington, Delaware, USA. He has been married to Melissa Cohen since 16 May 2019.
They have one child. He was previously married to Kathleen Buhle.
Keep track of how much of Hunter Biden’s work you have seen. Go to your list."
53,Supported,Supported,refuted,0,Hunter Biden is the son of President Joe Biden.,not retrieved,Hunter Biden father Joe Biden relationship,2,http://judiciary.house.gov/media/in-the-news/smoking-gun-email-reveals-how-hunter-biden-introduced-ukrainian-businessman-to-vp,17.693843841552734,False,False,"Smoking-gun email reveals how Hunter Biden introduced Ukrainian businessman to VP dad
Hunter Biden introduced his father, then-Vice President Joe Biden, to a top executive at a Ukrainian energy firm less than a year before the elder Biden pressured government officials in Ukraine into firing a prose"
53,Supported,Supported,refuted,0,Hunter Biden is the son of President Joe Biden.,not retrieved,Hunter Biden father Joe Biden relationship,3,https://www.politifact.com/factchecks/2019/may/07/viral-image/fact-checking-joe-biden-hunter-biden-and-ukraine/,17.805736541748047,False,False,"Our only agenda is to publish the truth so you can be an informed participant in democracy.
Fact-checking Joe Biden, Hunter Biden, and Ukraine
Editor's Note, Sept. 23, 2019: This story was first published May 9, 2019; we have since published additional coverage that incorporates new developments her"
53,Supported,Supported,refuted,0,Hunter Biden is the son of President Joe Biden.,not retrieved,Hunter Biden father Joe Biden relationship,4,https://www.presidency.ucsb.edu/documents/trump-campaign-press-release-bidens-denials-were-lies,18.013734817504883,False,False,"Trump Campaign Press Release - Biden's Denials Were Lies?
Joe Biden repeatedly said he never spoke with Hunter Biden about his business dealings – now, more evidence has emerged that was a lie
- Joe Biden denied speaking with his son Hunter Biden about his business dealings at least eight times
- Bi"
53,Supported,Supported,refuted,1,The FBI investigation involves Hunter Biden's tax returns and business dealings.,contradicted by fake,FBI investigation Hunter Biden taxes business dealings official confirmation,0,https://nypost.com/2020/10/21/hunter-biden-laptop-linked-to-fbi-money-laundering-probe-report/,17.019193649291992,False,False,"The FBI subpoena of Hunter Biden’s computer and hard drive came in connection with a money-laundering investigation, according to documents obtained by Fox News.
The 2019 papers were verified by multiple federal law enforcement and government officials who reviewed them, but it’s unclear whether the"
53,Supported,Supported,refuted,1,The FBI investigation involves Hunter Biden's tax returns and business dealings.,contradicted by fake,FBI investigation Hunter Biden taxes business dealings official confirmation,1,https://www.snopes.com/news/2020/09/29/hunter-biden-senate-report/,17.260099411010742,False,False,"In September 2020, just weeks before the Nov. 3, presidential election, the Republican chairmen of two U.S. Senate committees published a joint report about the business activities of Hunter Biden, son of Democratic presidential candidate Joe Biden, which carried the somewhat dramatic title of ""Hunt"
53,Supported,Supported,refuted,1,The FBI investigation involves Hunter Biden's tax returns and business dealings.,contradicted by fake,FBI investigation Hunter Biden taxes business dealings official confirmation,2,https://news.yahoo.com/hunter-biden-purported-laptop-connected-120252142.html,17.67238426208496,False,False,"Hunter Biden’s Purported Laptop Connected to FBI Money Laundering Investigation
- Oops!Something went wrong.Please try again later.
- Oops!Something went wrong.Please try again later.
The FBI subpoenaed a laptop and hard drive allegedly belonging to Hunter Biden in connection with a money laundering"
53,Supported,Supported,refuted,1,The FBI investigation involves Hunter Biden's tax returns and business dealings.,contradicted by fake,FBI investigation Hunter Biden taxes business dealings official confirmation,3,https://www.foxnews.com/politics/laptop-hunter-biden-linked-fbi-money-laundering-probe,17.684513092041016,False,False,"The FBI’s subpoena of a laptop and hard drive purportedly belonging to Hunter Biden came in connection with a money laundering investigation in late 2019, according to documents obtained by Fox News and verified by multiple federal law enforcement officials who reviewed them.
It is unclear, at this "
53,Supported,Supported,refuted,1,The FBI investigation involves Hunter Biden's tax returns and business dealings.,contradicted by fake,FBI investigation Hunter Biden taxes business dealings official confirmation,4,https://www.foxnews.com/politics/hunter-biden-emails-senate-homeland-security-committee-investigating-hard-drive-laptop,17.71079444885254,False,False,"The Senate Homeland Security and Governmental Affairs Committee is investigating newly released emails that reveal that Hunter Biden introduced his father, former Vice President Joe Biden, to a top executive at Ukrainian natural gas firm Burisma Holdings in 2015 at Hunter's request.
Committee Chairm"
92,Supported,Supported,refuted,0,Kamala Harris is a lawyer.,only fake evidence,Kamala Harris lawyer bar admission California State Bar,0,https://lawnews.tv/my-classmate-kamala-harris-rode-affirmative-action-leop-willie-etc/,17.269851684570312,False,False,"Kamala Harris and I were both in the Class of 1989 at UC Hastings College of Law, but I did not know her personally — Hastings was in 1986-1989 a large law school (about 1500 students).
Although I passed the bar exam the first time I sat for it and was admitted in December of 1989, for some reason K"
92,Supported,Supported,refuted,0,Kamala Harris is a lawyer.,only fake evidence,Kamala Harris lawyer bar admission California State Bar,1,https://girlattorney.com/nobody-wants-to-fail-the-bar-exam-but-it-happens-even-to-kamala-harris/,17.424074172973633,False,False,"“This week, U.S. Attorney General Jeff Sessions testified in front of the Senate Intelligence Committee hearing on Russia and possible ties to the presidential campaign of Donald Trump.
Some of the more memorable exchanges came between Sessions and Sen. Kamala Harris of California. I won’t go into t"
92,Supported,Supported,refuted,0,Kamala Harris is a lawyer.,only fake evidence,Kamala Harris lawyer bar admission California State Bar,2,https://www.calbarjournal.com/September2011/TopHeadlines/TH2.aspx,17.68117904663086,False,False,"California and Attorney General Kamala Harris last month shut down the
operations of several lawyers and marketing firms that have targeted distressed
homeowners, urging them through false advertising to sue their mortgage
lenders. The bar and the Department of Justice won court orders either assumi"
92,Supported,Supported,refuted,0,Kamala Harris is a lawyer.,only fake evidence,Kamala Harris lawyer bar admission California State Bar,3,https://www.foxnews.com/politics/kamala-harris-career-from-california-district-attorney-to-the-senate,17.755741119384766,False,False,"Kamala Harris’ rise to political power started in California, where she served as a district attorney and attorney general for the state.
Harris, 54, has broken many barriers in her career, becoming the first African-American and woman to serve as California’s attorney general.
And when she joined t"
92,Supported,Supported,refuted,0,Kamala Harris is a lawyer.,only fake evidence,Kamala Harris lawyer bar admission California State Bar,4,https://projects.sfchronicle.com/2019/visuals/kamala-harris-2020/,17.976688385009766,False,False,"After much anticipation, California Sen. Kamala Harris announced she is running for president. She joins a growing field of Democrats planning to challenge President Trump in the 2020 election.
Harris kicked off her campaign with events in her hometown of Oakland and in Columbia, S.C.
Kamala Devi Ha"
92,Supported,Supported,refuted,1,Kamala Harris took the California bar exam.,only fake evidence,Kamala Harris California bar exam date first attempt,0,https://jdadvising.com/did-kamala-harris-fail-the-bar-exam/,15.041791915893555,False,False,"Due to the delay of the July 2020 bar exam in many states, results may be released around Election Day.
This will overlap with many fall 2020 bar exam results being released. To talk about both, we answer the question did Kamala Harris fail the bar exam, and what happens if I do too?
Yes, it is true"
92,Supported,Supported,refuted,1,Kamala Harris took the California bar exam.,only fake evidence,Kamala Harris California bar exam date first attempt,1,https://www.distractify.com/p/did-kamala-harris-fail-the-bar-exam,15.494157791137695,False,False,"Yes, Kamala Harris Did Fail the Bar Exam, and Trolls Are Scorching Her for It
Some standardized tests have absolute brutal reputations. The MCAT is known for being a cruel mistress, and so is the Bar examination for folks interested in pursuing a career in law.
But was it so difficult that even Kama"
92,Supported,Supported,refuted,1,Kamala Harris took the California bar exam.,only fake evidence,Kamala Harris California bar exam date first attempt,2,https://lawnews.tv/my-classmate-kamala-harris-rode-affirmative-action-leop-willie-etc/,16.825153350830078,False,False,"Kamala Harris and I were both in the Class of 1989 at UC Hastings College of Law, but I did not know her personally — Hastings was in 1986-1989 a large law school (about 1500 students).
Although I passed the bar exam the first time I sat for it and was admitted in December of 1989, for some reason K"
92,Supported,Supported,refuted,1,Kamala Harris took the California bar exam.,only fake evidence,Kamala Harris California bar exam date first attempt,3,https://projects.sfchronicle.com/2019/visuals/kamala-harris-2020/,17.796152114868164,False,False,"After much anticipation, California Sen. Kamala Harris announced she is running for president. She joins a growing field of Democrats planning to challenge President Trump in the 2020 election.
Harris kicked off her campaign with events in her hometown of Oakland and in Columbia, S.C.
Kamala Devi Ha"
92,Supported,Supported,refuted,1,Kamala Harris took the California bar exam.,only fake evidence,Kamala Harris California bar exam date first attempt,4,https://girlattorney.com/nobody-wants-to-fail-the-bar-exam-but-it-happens-even-to-kamala-harris/,17.838478088378906,False,False,"“This week, U.S. Attorney General Jeff Sessions testified in front of the Senate Intelligence Committee hearing on Russia and possible ties to the presidential campaign of Donald Trump.
Some of the more memorable exchanges came between Sessions and Sen. Kamala Harris of California. I won’t go into t"
92,Supported,Supported,refuted,2,Kamala Harris failed the California bar exam on her first attempt.,contradicted by fake,Kamala Harris failed bar exam first try California confirmation,0,https://www.distractify.com/p/did-kamala-harris-fail-the-bar-exam,13.247212409973145,False,False,"Yes, Kamala Harris Did Fail the Bar Exam, and Trolls Are Scorching Her for It
Some standardized tests have absolute brutal reputations. The MCAT is known for being a cruel mistress, and so is the Bar examination for folks interested in pursuing a career in law.
But was it so difficult that even Kama"
92,Supported,Supported,refuted,2,Kamala Harris failed the California bar exam on her first attempt.,contradicted by fake,Kamala Harris failed bar exam first try California confirmation,1,https://jdadvising.com/did-kamala-harris-fail-the-bar-exam/,13.27043628692627,False,False,"Due to the delay of the July 2020 bar exam in many states, results may be released around Election Day.
This will overlap with many fall 2020 bar exam results being released. To talk about both, we answer the question did Kamala Harris fail the bar exam, and what happens if I do too?
Yes, it is true"
92,Supported,Supported,refuted,2,Kamala Harris failed the California bar exam on her first attempt.,contradicted by fake,Kamala Harris failed bar exam first try California confirmation,2,https://girlattorney.com/nobody-wants-to-fail-the-bar-exam-but-it-happens-even-to-kamala-harris/,15.84211254119873,False,False,"“This week, U.S. Attorney General Jeff Sessions testified in front of the Senate Intelligence Committee hearing on Russia and possible ties to the presidential campaign of Donald Trump.
Some of the more memorable exchanges came between Sessions and Sen. Kamala Harris of California. I won’t go into t"
92,Supported,Supported,refuted,2,Kamala Harris failed the California bar exam on her first attempt.,contradicted by fake,Kamala Harris failed bar exam first try California confirmation,3,https://lawnews.tv/my-classmate-kamala-harris-rode-affirmative-action-leop-willie-etc/,16.754234313964844,False,False,"Kamala Harris and I were both in the Class of 1989 at UC Hastings College of Law, but I did not know her personally — Hastings was in 1986-1989 a large law school (about 1500 students).
Although I passed the bar exam the first time I sat for it and was admitted in December of 1989, for some reason K"
92,Supported,Supported,refuted,2,Kamala Harris failed the California bar exam on her first attempt.,contradicted by fake,Kamala Harris failed bar exam first try California confirmation,4,https://candidateresearch.org/candidates/kamala-harris/,18.38304901123047,False,False,"Kamala Harris is currently the junior senator from the State of California. She is seeking the Democratic Party’s nomination for the 2020 presidential election.
Prior to being elected to the U.S. Senate, Harris served as the Attorney General for the State of California and the District Attorney for "
92,Supported,Supported,refuted,3,Kamala Harris has publicly acknowledged failing the bar exam on her first try.,contradicted by fake,Kamala Harris interview admitting failure bar exam first attempt,0,https://www.distractify.com/p/did-kamala-harris-fail-the-bar-exam,14.685892105102539,False,False,"Yes, Kamala Harris Did Fail the Bar Exam, and Trolls Are Scorching Her for It
Some standardized tests have absolute brutal reputations. The MCAT is known for being a cruel mistress, and so is the Bar examination for folks interested in pursuing a career in law.
But was it so difficult that even Kama"
92,Supported,Supported,refuted,3,Kamala Harris has publicly acknowledged failing the bar exam on her first try.,contradicted by fake,Kamala Harris interview admitting failure bar exam first attempt,1,https://jdadvising.com/did-kamala-harris-fail-the-bar-exam/,14.764847755432129,False,False,"Due to the delay of the July 2020 bar exam in many states, results may be released around Election Day.
This will overlap with many fall 2020 bar exam results being released. To talk about both, we answer the question did Kamala Harris fail the bar exam, and what happens if I do too?
Yes, it is true"
92,Supported,Supported,refuted,3,Kamala Harris has publicly acknowledged failing the bar exam on her first try.,contradicted by fake,Kamala Harris interview admitting failure bar exam first attempt,2,https://girlattorney.com/nobody-wants-to-fail-the-bar-exam-but-it-happens-even-to-kamala-harris/,16.666107177734375,False,False,"“This week, U.S. Attorney General Jeff Sessions testified in front of the Senate Intelligence Committee hearing on Russia and possible ties to the presidential campaign of Donald Trump.
Some of the more memorable exchanges came between Sessions and Sen. Kamala Harris of California. I won’t go into t"
92,Supported,Supported,refuted,3,Kamala Harris has publicly acknowledged failing the bar exam on her first try.,contradicted by fake,Kamala Harris interview admitting failure bar exam first attempt,3,https://lawnews.tv/my-classmate-kamala-harris-rode-affirmative-action-leop-willie-etc/,17.196325302124023,False,False,"Kamala Harris and I were both in the Class of 1989 at UC Hastings College of Law, but I did not know her personally — Hastings was in 1986-1989 a large law school (about 1500 students).
Although I passed the bar exam the first time I sat for it and was admitted in December of 1989, for some reason K"
92,Supported,Supported,refuted,3,Kamala Harris has publicly acknowledged failing the bar exam on her first try.,contradicted by fake,Kamala Harris interview admitting failure bar exam first attempt,4,https://www.cambridge.org/core/journals/language-in-society/article/doing-being-interrupted-in-political-talk/84FE0BDF8E606AD01DC7B3E7E87127F5,18.729175567626953,False,False,"On June 13, 2017, members of the US Senate Intelligence Committee questioned Mr. Jeff Sessions, Attorney General of the United States, regarding Russian involvement in the 2016 US presidential election.
Over the course of two and a half hours, Sessions was questioned by seventeen senators sitting on"
93,Supported,Supported,not enough information,0,Amy Coney Barrett graduated from Notre Dame Law School in 1997.,only fake evidence,Amy Coney Barrett Notre Dame Law School graduation 1997,0,https://law.nd.edu/news-events/news/professor-amy-coney-barrett-to-deliver-notre-dame-law-school-commencement-address/,14.92473030090332,False,False,"Professor Amy Coney Barrett to Deliver Notre Dame Law School Commencement Address
Notre Dame Law Students have selected Amy Coney Barrett, Diane and M.O. Miller, II Research Chair in Law, for the 2016 Law School Distinguished Teaching Award.
Barrett will address the graduates at Notre Dame Law Schoo"
93,Supported,Supported,not enough information,0,Amy Coney Barrett graduated from Notre Dame Law School in 1997.,only fake evidence,Amy Coney Barrett Notre Dame Law School graduation 1997,1,https://law.nd.edu/news-events/news/professor-amy-coney-barrett-recognized-at-notre-dame-football-game/,15.214831352233887,False,False,"Professor Amy Coney Barrett Recognized at Notre Dame Football Game
The University honored Notre Dame Law School Professor Amy Coney Barrett, Diane and M.O. Miller, II Research Chair in Law, as a 2016 Featured Faculty during a commercial break in the third quarter of the Duke University football game"
93,Supported,Supported,not enough information,0,Amy Coney Barrett graduated from Notre Dame Law School in 1997.,only fake evidence,Amy Coney Barrett Notre Dame Law School graduation 1997,2,https://law.nd.edu/news-events/news/nd-law-school-hosts-investiture-of-judge-amy-coney-barrett/,16.344026565551758,False,False,"ND Law School hosts investiture of Judge Amy Coney Barrett
Notre Dame Law School was privileged on Friday to celebrate a beloved alumna and professor, Amy Coney Barrett, ’97 J.D., by hosting her investiture as a judge for the U.S. Court of Appeals for the Seventh Circuit.
An audience of colleagues, "
93,Supported,Supported,not enough information,0,Amy Coney Barrett graduated from Notre Dame Law School in 1997.,only fake evidence,Amy Coney Barrett Notre Dame Law School graduation 1997,3,https://works.bepress.com/amy_barrett/,16.396766662597656,False,False,"The Honorable Amy Coney Barrett serves as an associate justice of the U.S. Supreme Court. She
was nominated by President Donald Trump and confirmed by the U.S. Senate on October 26,
Previously, she served as a judge on the U.S. Court of Appeals for the Seventh Circuit from
October 2017 until her con"
93,Supported,Supported,not enough information,0,Amy Coney Barrett graduated from Notre Dame Law School in 1997.,only fake evidence,Amy Coney Barrett Notre Dame Law School graduation 1997,4,https://constitutional-structure.nd.edu/news/page/2/,16.531312942504883,False,False,"ND Law School hosts investiture of Judge Amy Coney Barrett
Judge Amy Coney Barrett, ’97 J.D., of the U.S. Court of Appeals for the Seventh Circuit. // Photos by Notre Dame Law Professor Julian Velasco.
Notre Dame Law School was privileged on Friday to celebrate a beloved alumna and professor, Amy Co"
93,Supported,Supported,not enough information,1,Amy Coney Barrett graduated first in her class at Notre Dame Law School.,only fake evidence,Amy Coney Barrett class rank Notre Dame Law School valedictorian first in class,0,https://news.nd.edu/news/notre-dame-law-school-professor-barrett-nominated-to-us-supreme-court/,14.536845207214355,False,False,"Judge Amy Coney Barrett, professor of law at the University of Notre Dame and a 1997 graduate of Notre Dame Law School, was nominated today to the Supreme Court of the United States to fill the vacancy created by the death of Associate Justice Ruth Bader Ginsburg.
She is the first Notre Dame graduat"
93,Supported,Supported,not enough information,1,Amy Coney Barrett graduated first in her class at Notre Dame Law School.,only fake evidence,Amy Coney Barrett class rank Notre Dame Law School valedictorian first in class,1,https://www.abc57.com/news/amy-coney-barrett-students-proud-of-her-nomination,14.651531219482422,False,False,"Amy Coney Barrett Students 'proud' of her nomination
""I was very impressed with her intelligence and her ability to grasp the law,"" said Stan Wruble, Barrett's classmate at Notre Dame's law school.
""As you might imagine there are a lot of smart people who go to Notre Dame Law School, but she was cle"
93,Supported,Supported,not enough information,1,Amy Coney Barrett graduated first in her class at Notre Dame Law School.,only fake evidence,Amy Coney Barrett class rank Notre Dame Law School valedictorian first in class,2,https://law.nd.edu/news-events/news/professor-amy-coney-barrett-recognized-at-notre-dame-football-game/,14.746956825256348,False,False,"Professor Amy Coney Barrett Recognized at Notre Dame Football Game
The University honored Notre Dame Law School Professor Amy Coney Barrett, Diane and M.O. Miller, II Research Chair in Law, as a 2016 Featured Faculty during a commercial break in the third quarter of the Duke University football game"
93,Supported,Supported,not enough information,1,Amy Coney Barrett graduated first in her class at Notre Dame Law School.,only fake evidence,Amy Coney Barrett class rank Notre Dame Law School valedictorian first in class,3,https://law.nd.edu/news-events/news/professor-amy-coney-barrett-to-deliver-notre-dame-law-school-commencement-address/,15.136655807495117,False,False,"Professor Amy Coney Barrett to Deliver Notre Dame Law School Commencement Address
Notre Dame Law Students have selected Amy Coney Barrett, Diane and M.O. Miller, II Research Chair in Law, for the 2016 Law School Distinguished Teaching Award.
Barrett will address the graduates at Notre Dame Law Schoo"
93,Supported,Supported,not enough information,1,Amy Coney Barrett graduated first in her class at Notre Dame Law School.,only fake evidence,Amy Coney Barrett class rank Notre Dame Law School valedictorian first in class,4,https://chicago.suntimes.com/columnists/2020/10/5/21503183/judge-amy-coney-barrett-why-two-notre-dame-law-school-classmates-oppose-her-supreme-court-nomination,15.155195236206055,False,False,"Amy Coney Barrett: Why 2 Notre Dame law school classmates oppose her Supreme Court nomination
If confirmed, Barrett “will not foster but rather limit and even dismantle the structural decency guaranteed by our founding documents,” said classmate Kathleen Ley Bruinsma.
“Judge Barrett and I were in th"
98,Supported,Supported,supported,0,Apple announced that the iPhone 12 series would not include earphones (such as EarPods) in the box.,only fake evidence,Apple iPhone 12 no EarPods announcement October 2020,0,https://www.idownloadblog.com/2020/06/25/barclays-iphone-12-no-headphones-predict/,17.439895629882812,False,False,"Later this year, Apple is going to announce a new lineup of iPhones, what’s known right now as the iPhone 12.
And analysts are starting to come forward with their predictions of what we might expect to see once fall rolls around.
With everything going on in the world, specifically the novel coronavi"
98,Supported,Supported,supported,0,Apple announced that the iPhone 12 series would not include earphones (such as EarPods) in the box.,only fake evidence,Apple iPhone 12 no EarPods announcement October 2020,1,https://www.dailymail.co.uk/sciencetech/article-8470069/Leaker-says-new-iPhones-wont-include-EarPods-power-adaptor.html,17.47564125061035,False,False,"Apple's 2020 iPhones may come without a power adapter or EarPods in the box as the US tech giant looks to offset the cost of adding 5G support to its next-generation handsets
- Apple could save cash with slimmer packaging and fewer accessories included
- iPhone 12 buyers would have to buy a power ad"
98,Supported,Supported,supported,0,Apple announced that the iPhone 12 series would not include earphones (such as EarPods) in the box.,only fake evidence,Apple iPhone 12 no EarPods announcement October 2020,2,https://9to5mac.com/2020/05/20/kuo-no-free-earpods-iphone-12/,17.629226684570312,False,False,"According to the latest report from analyst Ming-Chi Kuo, Apple may not include the wired EarPods headphones in the box of the iPhone 12.
This would naturally drive sales of Apple’s second-generation AirPods, as customers would no longer be getting free headphones with their new phones.
Kuo suggests"
98,Supported,Supported,supported,0,Apple announced that the iPhone 12 series would not include earphones (such as EarPods) in the box.,only fake evidence,Apple iPhone 12 no EarPods announcement October 2020,3,https://www.mensxp.com/technology/hacks/81011-iphone-12-box-wont-have-earphones.html,17.716373443603516,False,False,"Apple Will Not Include Earphones In The Box, Starting With iPhone 12, As Revealed In iOS 14 Code
There were rumours of Apple removing the earphones and charger from the box of the upcoming iPhone 12 series and now it seems like we may have a confirmation for one of them.
Apple recently released the "
98,Supported,Supported,supported,0,Apple announced that the iPhone 12 series would not include earphones (such as EarPods) in the box.,only fake evidence,Apple iPhone 12 no EarPods announcement October 2020,4,https://www.cnet.com/tech/mobile/iphone-12-will-likely-come-sans-earbuds-and-power-adapter/,17.745298385620117,False,False,"iPhone 12 will likely come without earbuds and power adapter
You'll probably have to buy both separately, according to report citing a noted analyst.
We already knew Apple's future iPhone 12 might ship without the white wired earbuds we're used to seeing in the box with all new iPhones.
But now it l"
98,Supported,Supported,supported,1,Apple announced that the iPhone 12 series would not include a charging adapter in the box.,contradicted by fake,Apple iPhone 12 no charger announcement October 2020,0,https://www.macworld.com/article/234353/removing-the-iphone-12-power-adapter-wouldnt-be-courageous-its-just-mean.html,16.883338928222656,False,False,"A new iPhone rumor made the rounds this weekend, and it wasn’t about the notch or the flat edges, or the size of the displays.
This one’s about what’s in the box. Or rather, what’s not in it.
Respected analyst Ming-Chi Kuo has seemingly confirmed an earlier report by Barclays that Apple won’t be sup"
98,Supported,Supported,supported,1,Apple announced that the iPhone 12 series would not include a charging adapter in the box.,contradicted by fake,Apple iPhone 12 no charger announcement October 2020,1,https://www.tomsguide.com/news/iphone-12-confirmed-to-ship-without-charger-but-at-least-the-box-will-be-nice,17.762666702270508,False,False,"iPhone 12 confirmed to ship without charger — but at least the box will be nice
Leaker claims new iPhone 12 box will be 'exquisite'
It's becoming increasingly clear that all of the accessories that used to come with iPhones of the past won't come with the iPhone 12.
First we heard Apple's wired EarP"
98,Supported,Supported,supported,1,Apple announced that the iPhone 12 series would not include a charging adapter in the box.,contradicted by fake,Apple iPhone 12 no charger announcement October 2020,2,https://www.chriswrites.com/apple-could-sell-iphone-12-without-charger-or-headphones/,18.1444149017334,False,False,"Apple is reportedly planning to sell its 5G capable iPhone 12 without a charger, power adaptor or wired earbuds as it looks to create slimmer, more environmentally friendly packaging for its smartphones.
Renowned analyst Ming-Chi Kuo revealed earlier this week that Apple could remove all accessories"
98,Supported,Supported,supported,1,Apple announced that the iPhone 12 series would not include a charging adapter in the box.,contradicted by fake,Apple iPhone 12 no charger announcement October 2020,3,https://bgr.com/tech/iphone-12-rumors-no-charger-eadpods-retail-box-explained-portless-iphone-13-5853242/,18.359006881713867,False,False,"- Several iPhone 12 rumors claim the new handset will ship without a charger or EarPods in the box, a move that Samsung will reportedly copy next year.
- There are plenty of explanations for this seemingly controversial decision, but the real reason the iPhone 12 is losing its free accessories might"
98,Supported,Supported,supported,1,Apple announced that the iPhone 12 series would not include a charging adapter in the box.,contradicted by fake,Apple iPhone 12 no charger announcement October 2020,4,https://www.dailymail.co.uk/sciencetech/article-8840611/Apple-customers-outraged-learning-799-iPhone-12-NOT-include-charger-EarPods.html,18.584184646606445,False,False,"Apple customers voice their disgust at fact new $799 iPhone 12 will not include EarPods OR charger - and the 'greedy' tech giant twists the knife by claiming the move is to 'help the environment'
- Apple unveiled the iPhone 12, but said it will not include a charger orEarPods
- The firm says the mov"
98,Supported,Supported,supported,2,The iPhone 12 series was released in October 2020.,not retrieved,iPhone 12 release date October 2020,0,https://www.samoaobserver.ws/category/article/72577,18.833003997802734,False,False,"Apple announces iPhone 12 and iPhone 12 mini: A new era for iPhone with 5G
CUPERTINO, Calif.--(BUSINESS WIRE)--Oct 13, 2020--
Apple® today unveiled iPhone® 12 and iPhone 12 mini with 5G technology, ushering in a new era for the world’s best smartphone.
The newly designed iPhone 12 models feature exp"
98,Supported,Supported,supported,2,The iPhone 12 series was released in October 2020.,not retrieved,iPhone 12 release date October 2020,1,https://www.apple.com/newsroom/2020/10/apple-announces-iphone-12-and-iphone-12-mini-a-new-era-for-iphone-with-5g/,19.091840744018555,False,False,"Apple announces iPhone 12 and iPhone 12 mini: A new era for iPhone with 5G
iPhone 12 and iPhone 12 mini introduce a beautiful new design packed with innovative features, including A14 Bionic, an advanced dual-camera system, and a Super Retina XDR display with the Ceramic Shield front cover
Cupertino"
98,Supported,Supported,supported,2,The iPhone 12 series was released in October 2020.,not retrieved,iPhone 12 release date October 2020,2,https://macdailynews.com/2020/10/13/apple-introduces-5g-capable-iphone-12-and-iphone-12-mini/,19.15974998474121,False,False,"Apple today unveiled iPhone 12 and iPhone 12 mini with 5G technology, ushering in a new era for the world’s best smartphone.
The newly designed iPhone 12 models feature expansive edge-to-edge Super Retina XDR displays for a brighter, more immersive viewing experience, and a new Ceramic Shield front "
98,Supported,Supported,supported,2,The iPhone 12 series was released in October 2020.,not retrieved,iPhone 12 release date October 2020,3,https://www.macworld.com/article/673753/new-iphone-12-release-date-price-specs.html,19.66149139404297,False,False,"As expected, Apple unveiled its latest iPhone generation at the oddly named ‘Hi, Speed’ event tonight, 13 October.
Pretty much all the details of the launch leaked ahead of time, but the company still managed to put on an impressive and persuasive show: we’re all particularly excited about the new i"
98,Supported,Supported,supported,2,The iPhone 12 series was released in October 2020.,not retrieved,iPhone 12 release date October 2020,4,https://www.theverge.com/circuitbreaker/21508433/apple-iphone-12-models-differences-comparisons-how-to-choose,20.540813446044922,False,False,"There are a lot more iPhones than there used to be these days. Picking a phone used to be simple: Apple would offer just a single new iPhone model, where all you had to do was choose a color and storage size.
This year, Apple has launched four new phones: the iPhone 12, 12 mini, 12 Pro, and 12 Pro M"
