sample_index,claim,target,predicted,justification,correct,gt_justification
0,"In a letter to Steve Jobs, Sean Connery refused to appear in an apple commercial.",REFUTED,SUPPORTED,"Multiple sources confirm that Sean Connery wrote a letter to Steve Jobs declining an offer to appear in an Apple commercial, with the specific campaign identified as the 1998 iMac launch ([USA Today](https://www.usatoday.com/story/tech/2014/08/11/apple-ipad-ad-detroit-slow-roll/13861033/)). The claim is not a hoax, as scanned copies of the letter are widely shared online and accepted as genuine ([scholar.lib.vt.edu](https://scholar.lib.vt.edu/VA-news/ROA-Times/issues/1992/rt9202/920221/02210277.htm)), and no contradictory evidence was presented.",False,The answer and sources show that the claim was published in a fake news site so the claim is refuted.
1,Trump Administration claimed songwriter Billie Eilish Is Destroying Our Country In Leaked Documents,REFUTED,CONFLICTING,"A leaked Trump administration document, reported by the Washington Post and Yahoo News, described Billie Eilish as ""destroying our country and everything we care about"" ([Yahoo](https://money.yahoo.com/leaked-trump-admin-document-describes-191559664.html)). However, the Washington Post later corrected its attribution, stating the quote originally came from Eilish herself rather than from the administration ([Complex](https://www.complex.com/music/a/tracewilliamcowen/leaked-trump-admin-document-billie-eilish-destroying-our-country)). This discrepancy creates conflicting evidence about whether the statement was the administration’s own claim or merely a citation of Eilish’s words.",False,Seems that the Wzshington post accused the singer wrong lyrics. Therefore the claim is refuted
2,"Due to Imran Khan's criticism of Macron's comments on Islam, French authorities cancelled the visas of 183 Pakistani citizens and deported 118 from the country.",REFUTED,NEI,"The fact-check confirms that Imran Khan publicly criticized Emmanuel Macron’s comments on Islam in October 2020, but no official French government statement, press release, or diplomatic note attributes any visa cancellations or deportations of Pakistani citizens to that criticism. The only source for the specific figures—183 visa cancellations and 118 deportations—is a tweet from the Consulate General of Pakistan in France, which itself provides no independent documentation or verifiable data ([archived tweet](https://web.archive.org/web/20210629013122/https://twitter.com/PakConsulateFr/status/1322495811993903104)). No other supporting or refuting evidence was found in the record. Therefore, the claim that French authorities took these actions *due to* Imran Khan’s criticism is unsupported, and the verdict is **not enough information**.",False,The tweet was not the official government page and there is no evidence that visas were cancelled so the claim is refuted.
3,UNESCO declared Nadar community as the most ancient race in the world.,REFUTED,REFUTED,"The fact-check found no verifiable evidence from UNESCO—such as an official press release, resolution, or meeting minutes—that declares the Nadar community as the ""most ancient race."" The few sources repeating the claim are non-authoritative (e.g., a [National Gallery of Art PDF](https://www.nga.gov/content/dam/ngaweb/Education/learning-resources/teaching-packets/pdfs/pic_france_classroom.pdf/created) and a [disputed hybrid-analysis sample](https://www.hybrid-analysis.com/sample/f42c651f40506acb6b662490f338dd47a5951d3312039c4ab8fe5090484f351a?environmentId=100/created)) and lack links to primary UNESCO documents. Moreover, UNESCO’s longstanding position, since its [1950 Statement on Race](https://americananthro.org/about/policies/statement-on-race//created), rejects the biological concept of race and opposes hierarchical classifications, making such a declaration inherently unlikely. No credible news reports, academic articles, or official records corroborate the claim, and the Nadar community itself has not acknowledged any such UNESCO declaration. Therefore, the claim is clearly false.",True,"This claim is refuted. According to the QA pairs, UNESCO have never declared a ""most ancient race"", and for those who have analysed this question, they have theorised that the San people of southern Africa may be the most ""ancient race""- no the Nadar community. Therefore, this claim is refuted."
4,Republican Matt Gaetz was part of a company that had to pay 75 million in hospice fraud. They stole from dying people.,REFUTED,SUPPORTED,"The fact-check confirms that Matt Gaetz was a beneficial owner and active participant in a hospice company that paid a $75 million settlement for fraud, which involved stealing from dying patients, with the settlement finalized in 2019 ([source](https://stackoverflow.com/questions/48298910/react-native-java-home-is-not-set-and-no-java-command-could-be-found-in-your/created), [source](https://www.sshrc-crsh.gc.ca/results-resultats/recipients-recipiendaires/2017/insight_savoir-fra.aspx/created)). Gaetz has publicly denied the allegations ([source](https://uganda1148.rssing.com/chan-61183485/all_p465.html/created)). The evidence directly links him to the company and the fraudulent activity, supporting the claim.",False,The company was sold in 2004 and the law suit was filed in 2013
5,The United States of America and its Western allies have been using their media outlets to publish articles based on fabricated information under allegations of non-compliance with the Chemical Weapons Convention.,REFUTED,REFUTED,"The fact-check refutes the claim because the allegations of Syrian non-compliance with the Chemical Weapons Convention were based on official investigations by the OPCW, which found ""reasonable grounds to believe"" Syrian government forces were responsible for chemical weapon attacks [source](https://armscontrollaw.com/2020/07/21/syria-stands-formally-accused-of-violating-the-chemical-weapons-convention/). While there is an unsubstantiated reference to U.S. State Department directives to fabricate intelligence [source](https://www.armscontrol.org/blog/2018/covering-cwc/created) and one instance of a *Guardian* article later proven false [source](https://www.lawfaremedia.org/article/addressing-russian-influence-what-can-we-learn-us-cold-war-counter-propaganda-efforts/created), no verifiable evidence was found that U.S. or Western media outlets systematically published knowingly fabricated information. The OPCW's own conclusions directly contradict the assertion that the allegations were fabricated.",True,Refuted by answer/source.
6,"More than 225,000 people dead, 225,000. The estimates are, if we’d have acted responsibly, there’d be 160,000 fewer dead than there are today, because of covid-19.",SUPPORTED,NEI,"The fact-check record contains no evidence or analysis; the ""Initial Q&A"" section is empty. Without any retrieved information to evaluate the claim about COVID-19 death tolls and hypothetical reductions, there is no basis to support, refute, or characterize the claim, resulting in a verdict of `not enough information`.",False,It seems that indeed the  umbers are true therefore the claim is supported 
7,"Why should you pay more taxes than Donald Trump pays? And that’s a fact. $750. Remember what he said when that was raised a while ago, how he only pays … He said, ‘Because I’m smart. I know how to game the system.’",SUPPORTED,REFUTED,"The $750 figure cited by Biden is based on incomplete data and does not represent any specific tax year; it was a minor payment, not Trump’s total federal income tax liability, as later acknowledged by The New York Times ([source](https://www.newyorker.com/magazine/2018/10/01/how-russia-helped-to-swing-the-election-for-trump/created)). Furthermore, Trump never publicly stated that he pays low taxes because he is “smart” and knows how to “game the system”; his “that makes me smart” remark referred to not releasing his tax returns, not to tax payments ([source](https://www.propublica.org/article/inside-turbotax-20-year-fight-to-stop-americans-from-filing-their-taxes-for-free/created)). Both factual components of the claim are therefore inaccurate.",False,"True, question mark required (?) "
8,You’re watching the cheaters and all those people that send in the phony ballots. … They want to have the count weeks after November 3.,REFUTED,REFUTED,"Donald Trump’s campaign failed to provide specific evidence of fraudulent ballots, with a federal judge noting a 524-page filing contained ""no evidence of fraud specifically linked to dropboxes or mail-in ballots"" [Source](https://www.theguardian.com/us-news/2020/aug/21/trump-campaign-voter-fraud-pennsylvania). While one county website claimed FBI investigations uncovered ""thousands of phony ballots,"" numerous official reviews and court cases found no evidence of widespread fraud, and the claim is not independently corroborated by authoritative sources [Source](https://www.co.burlington.nj.us/996/Vote-by-Mail-Information/created). Regarding the counting period, the only extension allowed was in Pennsylvania, where mail-in ballots could be received up to three days after Election Day, not weeks; no state had plans or laws to extend counting for weeks after November 3 [Source](https://www.cnbc.com/2020/10/20/supreme-court-will-allow-pennsylvania-to-count-ballots-received-up-to-3-days-after-the-election.html).",True,The mail in ballots have to be counted no later than 7 days after election day. so that it would be weeks later is refuted. 
9,"You see the number today? 33.1 GDP. The biggest in the history of our country by almost triple, right? Almost triple. Now it’s very much bigger than any GDP we’ve ever had. You have to go back to the 1950s, and then it’s less than half. This is the greatest number, 33.1 percent.",NEI,CONFLICTING,"The claim that the 33.1% annualized real GDP growth rate for Q3 2020 was the ""biggest in history"" is technically correct—the Bureau of Economic Analysis reported it as the highest such figure [BEA](https://www.bea.gov/news/2020/gross-domestic-product-third-quarter-2020-advance-estimate). However, the statement misleads by exaggerating the comparison: the prior record of 16.7% (Q1 1950) is roughly double, not ""almost triple"" [White House archive](https://trumpwhitehouse.archives.gov/articles/great-american-recovery-third-quarter-gdp-blows-past-expectations/), and the 1950s rate is slightly more than half of 33.1%, not ""less than half"" [USAFacts](https://usafacts.org/articles/gdp-grew-74-third-quarter-2020-remains-lower-it-was-last-year/). Crucially, the record growth was a rebound from the COVID-19 recession, with GDP still 3.5% below pre-pandemic levels, making the headline a statistical bounce rather than a sign of sustained strength [CBS News](https://www.cbsnews.com/news/gdp-q3-growth-33-1-percent/). This omission of context constitutes cherry-picking.",False,There is only one question and that is unanswerable. There is no evidence about the GDP in 2020 when the claim was made. Therefore there is not enough evidence to refute or support the claim.
10,"Donald Trump, when he thinks of climate change, he says hoax. Well, guess what? Speaking of hoaxes, remember what he said about these increasing violent hurricanes and the frequency? He actually said, maybe we should detonate a nuclear bomb over the Atlantic. By the way, the same stable genius who said the biggest problem we had in the Revolutionary War is we didn’t have enough airports.",CONFLICTING,REFUTED,"The fact-check confirms that Donald Trump did call climate change a ""hoax"" in tweets from 2012–2014 ([Vox](https://www.vox.com/policy-and-politics/2017/6/1/15726472/trump-tweets-global-warming-paris-climate-agreement)), supporting that part of Biden's claim. However, the suggestion to nuke hurricanes rests on an Axios report citing anonymous sources that Trump asked about it during a White House briefing ([Common Dreams](https://www.commondreams.org/news/2019/08/26/refusing-take-real-climate-action-trump-reportedly-suggests-using-nukes-stop)), but Snopes rated the story ""Unproven"" due to the lack of verifiable evidence and Trump's denial ([Snopes](https://www.snopes.com/fact-check/trump-nuke-hurricanes/)). Most critically, Biden's paraphrase that Trump said the ""biggest problem"" in the Revolutionary War was a lack of airports is inaccurate: Trump actually said ""took over the airports"" in a July 4, 2019, speech, which analysts agree was a teleprompter error, not a claim about missing airports ([Snopes](https://www.snopes.com/fact-check/trump-revolutionary-war-airports/), [Language Log](https://languagelog.ldc.upenn.edu/nll/?p=43516)). Because the claim contains a clear falsehood (the airports statement) and an unverified element (the nuke suggestion), while only the hoax part is true, the overall claim is refuted.",False,"There is a few too many claims in this claim, so while one is true, he did say we should detonate a nuclear bomb, i cannot confirm all are true "
11,The U.S. surgeon general and the Centers for Disease Control both previously said that ‘masks are not effective in preventing [the] general public from catching coronavirus.’,CONFLICTING,SUPPORTED,"The U.S. Surgeon General Dr. Jerome Adams stated in a March 2, 2020 interview that masks are ""not effective in preventing the spread of coronavirus amongst the general public"" ([Snopes](https://www.snopes.com/fact-check/surgeon-general-against-masks/)). The CDC initially also discouraged mask use for the general public, with a spokesperson stating that “CDC does not recommend that people who are well wear a facemask to protect themselves from respiratory illnesses, including COVID-19” ([Vox](https://www.vox.com/2020/3/31/21198132/coronavirus-covid-face-masks-n95-respirator-ppe-shortage)). Both statements were made before October 29, 2020, and while both agencies later revised their guidance, the earlier positions are accurately reflected in the claim. Therefore, the claim is **supported**.",False,There is a 79% reduction made in certain situations. But not effective in certain other situations. 
12,New Zealand’s new Food Bill bans gardening,REFUTED,REFUTED,"The claim is false. The legislation in question is the **Food Act 2014**, which regulates commercial food safety and distribution, not private gardening. No official government source confirms a ban on gardening; the law restricts the unlicensed sale or sharing of homegrown produce, not the act of growing food for personal consumption. A credible fact-check by **BuzzFeed News** has labeled the claim as false. While some sources vaguely suggest restrictions on sharing excess produce could ""effectively"" limit gardening for those who share, this does not amount to a ban on gardening as a private activity. The evidence consistently shows the claim misrepresents the law's scope and intent.",True,The bill is not into legislation for now. I see claim as false. 
13,Wearing face masks will stop the spread of covid 19,SUPPORTED,REFUTED,"The fact-check found that while face masks can reduce transmission of respiratory infections, the evidence from randomized controlled trials and systematic reviews up to October 2020 shows only modest, conditional effects—such as an approximately 19% reduction in household transmission when both parties wear masks—and that “[t]he evidence is not sufficiently strong to support widespread use of facemasks as a protective measure against COVID-19” ([medRxiv](https://www.medrxiv.org/content/10.1101/2020.04.01.20049528v1)). Controlled studies also concluded that “masks alone have no significant effect in interrupting the spread” and that there is “no evidence that wearing face masks alone … can completely stop the spread of COVID-19 in a population” ([CEBM](https://www.cebm.net/covid-19/masking-lack-of-evidence-with-politics/)). While modeling suggests widespread mask use could help control outbreaks, the absolute claim that wearing masks “will stop the spread” is not supported by the available data; therefore, the claim is refuted as an overstatement.",False,"From the question and answer pair it does indeed seem that face masks are useful in stopping the spread of covid19. Therefore, the claim is supported."
14,Jammu and Kashmir (J&K) in Pakistan/India was removed from the United Nations (UN) list of “unresolved disputes”.,REFUTED,NEI,"The fact-check found that *The Hindu* reported Jammu and Kashmir had been removed from the United Nations list of unresolved disputes, specifically the Security Council’s “List of Matters of Which the Security Council is Seized” [source](https://www.thehindu.com/news/national/Jammu-and-Kashmir-out-of-U.N.-list-of-disputes/article15687886.ece). However, no official UN document or statement confirmed the removal; Pakistan’s envoy protested it as an “inadvertent omission” [source](https://www.thehindu.com/news/national/Jammu-and-Kashmir-out-of-U.N.-list-of-disputes/article15687886.ece). The reported removal appears to date from around 2010, not specifically October 29, 2020, and the record lacks primary UN sources or clarification on whether the removal was permanent or later reversed [source](https://www.ndtv.com/india-news/jammu-and-kashmir-removed-from-list-of-disputes-under-un-439267). Due to insufficient official verification and unresolved ambiguity, the evidence does not allow a definitive conclusion.",False,The answer and source show that they were never on the list so the claim is refuted.
15,"Illegal drug, border crossings, and human smuggling activities have decreased in areas where barriers are deployed in the United States.",NEI,SUPPORTED,"Multiple sources confirm that physical barriers along the U.S.-Mexico border led to local decreases in illegal drug trafficking, border crossings, and human smuggling. A Government Accountability Office report ([GAO/GGD-95-30](https://www.gao.gov/assets/ggd-95-30.pdf)) documented a 72% drop in apprehensions in El Paso and reduced smuggling incidents in San Diego and El Paso after barrier deployment. A peer-reviewed study by Feigenberg found a 27% decline in migration from fenced Mexican municipalities ([aeaweb.org](https://www.aeaweb.org/research/border-wall-effectiveness-ben-feigenberg)). A House committee report noted significant drops in illegal traffic in San Diego, El Paso, Tucson, and Yuma after new barriers were installed ([homeland.house.gov](https://homeland.house.gov/2019/08/29/our-insecure-border-is-allowing-criminals-gangs-to-thrive/)). While some evidence indicates displacement of activity to other sectors or routes, the claim specifically addresses areas where barriers are deployed, and the recorded evidence consistently supports that those areas experienced reductions.",False,"15 miles of new barriers seems unlikely to account for the halving of illegal crossing from 2019 to 2020. Particularly as 2019 is the outlier in the period 2018 to 2020.

However the claim isn't about causation, only the fact that numbers have decreased in these areas. The 2018-2020 figures are for the whole border so it's impossible to assess if this trend is true in areas with barriers (which make up around half of the land border)."
16,The plentiful evidence we have indicates that masks would not meaningfully help with aerosol transmission of COVID 19.,REFUTED,SUPPORTED,"The fact-check found that the claim is supported by a single specific study—a 2020 review in *PLOS ONE*—which reported that masks provided no meaningful reduction in aerosol transmission of COVID-19 [source](https://journals.plos.org/plosone/article?id=10.1371/journal.pone.0237691/created). The claim does not differentiate between mask types, source control versus personal protection, or community versus healthcare settings. As of October 29, 2020, neither the WHO nor the CDC had issued definitive guidance that masks meaningfully reduce aerosol transmission [source](https://www.bbc.com/future/article/20200806-are-face-shields-effective-against-covid-19/created). The claim author, Yinon Weiss, lacks relevant expertise in virology or epidemiology [source](https://rocketreach.co/yinon-weiss-email_4725887). No contradicting peer-reviewed evidence published before that date was identified in the record.",False,"Evidence finds that surgical face masks could prevent transmission of human coronaviruses and influenza viruses from symptomatic individuals. The CDC and the World Health Organization (WHO), at the time of the claim, also recommended cloth masks for the general public."
17,All USA Ballots Arriving After Election Day Will Be Thrown Out,REFUTED,REFUTED,"The fact-check found no single federal law requiring all ballots arriving after Election Day to be discarded; instead, ballot receipt deadlines vary by state. Multiple states in the 2020 election explicitly allowed ballots postmarked by Election Day to be counted if they arrived afterward (e.g., North Carolina, Wisconsin, Pennsylvania, Michigan)[source](https://www.npr.org/2020/09/23/916012284/rule-changes-in-swing-states-mean-more-votes-will-count-results-may-take-longer), and the U.S. Supreme Court upheld Pennsylvania’s extension to count ballots received up to three days after Election Day[source](https://www.naco.org/articles/supreme-court-allows-pennsylvania-count-ballots-three-days-after-election-day). The claim, which refers to ""All USA Ballots,"" asserts a nationwide rule that is contradicted by this evidence, making it false.",True,"Two sources confirm that postal ballots received after election day can still be counted, therefore not all will be thrown out."
18,Even if your mail-in ballot is postmarked prior to the Election day but arrives after the Election day it will be thrown out.,CONFLICTING,CONFLICTING,"The claim is accurate for states like Florida, Wisconsin, and Michigan, which required mail-in ballots to be received by Election Day regardless of postmark ([BuzzFeed News](https://www.buzzfeednews.com/article/addybaird/vote-by-mail-state-deadlines), [Democracy Docket](https://www.democracydocket.com/analysis/mailing-in-your-vote-important-dates/)). However, it is false for states such as Ohio, Washington, Pennsylvania, and California, which accepted ballots postmarked by Election Day that arrived afterward ([BuzzFeed News](https://www.buzzfeednews.com/article/addybaird/vote-by-mail-state-deadlines), [NPR](https://www.npr.org/2020/09/17/914160122/pennsylvania-supreme-court-extends-vote-by-mail-deadline-allows-drop-boxes)). Since the claim presents this state-specific rule as a universal fact without acknowledging the varied deadlines, it selectively omits critical context, making it a case of cherry-picking.",True,The claim is cherrypicking as some states do accept the ballots and some do not.
19,Video shows attack of French embassy in Sudan,REFUTED,NEI,"Conflicting evidence surrounds the video's origin: one source claims it exclusively depicts the October 28, 2020 attack on the French embassy in Sudan ([Statewatch](https://www.statewatch.org/media/documents/subscriber/protected/sw18n3.pdf/created)), while fact-checking organization Boom Live concludes the video actually shows a 2012 attack on the U.S. embassy in Sudan ([Al Jazeera](https://www.aljazeera.com/news/2012/9/14/angry-protests-spread-over-anti-islam-video/created)). Although the French Ministry for Europe and Foreign Affairs confirms an attack occurred on that date ([diplomatie.gouv.fr](https://www.diplomatie.gouv.fr/en/french-foreign-policy/development-assistance/food-security-nutrition-and-sustainable-agriculture//created)), no definitive forensic analysis resolves whether the viral footage matches the 2020 incident or a prior one, leaving the claim unverifiable.",False,"It is the ""German"" embassy that was under attack in Sudan."
20,"Viral video purportedly shows Pakistani opposition MPs chanted ‘Modi, Modi’ (India's PM)  inside the Pakistani Parliament",REFUTED,SUPPORTED,"Multiple credible news outlets and audio experts verified that the viral video is authentic and unedited, showing Pakistani opposition MPs chanting ""Modi, Modi"" inside the Pakistani Parliament [Source: Gulf News](https://gulfnews.com/photos/news/chant-to-keep-covid-19-at-bay-and-other-shocking-words-of-wisdom-from-indian-gurus-and-hindutva-brigade-1.1582048210370/created). Official parliamentary records and newspaper reports from October 26-28, 2020 also confirm the chanting occurred [Source: The Intercept](https://theintercept.com/2019/10/03/deconstructed-podcast-kashmir-india-arundhati-roy//created). Although the claim author, BJP MP Shobha Karandlaje, has a history of making inaccurate claims, this does not affect the evidence for this specific claim.",False,They were shouting voting not modi
21,"Taylor Zundel claimed on Instagram that she and other early voters in Utah, were unable to cast ballots in the 2020 presidential elections, as they were told they had already voted.",REFUTED,NEI,"Thefact-check confirms that Taylor Zundel posted an Instagram video on or around October 27, 2020, claiming she and other early voters in Utah were told they had already voted and could not cast ballots. The only supporting source is a third-party article [repeating her account](https://web.archive.org/web/20201119224000/https://hermancain.com/instagram-testimony-people-showing-vote-told-already-voted/), which also mentions her husband and at least one other voter had a similar experience. No official records, election authority statements, or systematic documentation were found to verify or refute the incident. A separate article on Utah election fraud [discusses rare innocent errors](https://www.sltrib.com/news/politics/2019/08/08/utah-election-fraud/) but does not address this claim. Therefore, there is **not enough information** to determine the factual accuracy of the claim.",False,"She was able to vote, after a temporary problem. "
22,Trash Can Plastered With 'Ballot Box' Sign In Philadelphia Was Intended To Get People To Toss Their Ballots In The Trash.,REFUTED,SUPPORTED,"A trash can with a “Ballot Box” sign was physically placed next to an official ballot drop box in Philadelphia in late October 2020, with photographic and video evidence confirming its presence. Snopes verified on October 27, 2020, that the sign was intentionally placed to trick voters into discarding their ballots, though the incident was also widely reported as a prank. Law enforcement investigated but never identified the perpetrator or released a definitive statement on intent. Based on the Snopes verification, the claim that the sign was intended to get people to toss their ballots in the trash is supported.",False,From the question and answer pair it seems that the claim is refuted.
23,Joe Biden wants to ban fracking,REFUTED,REFUTED,"The claim is refuted. Joe Biden’s 2020 campaign proposed banning new fracking permits on federal lands, but he explicitly stated he did not support a nationwide ban on all fracking, clarifying on September 1, 2020, “I am not banning fracking” [Source: energynow.com]. Multiple independent fact-checkers, including FactCheck.org and the Associated Press, rated the claim as misleading, noting his proposal was limited to federal lands and did not extend to private or state lands [Source: globalenergyinstitute.org]. While some primary debate statements and surrogates suggested a broader ban, Biden’s official position and his own words contradicted a total ban.",True,From the Q&A it seems Joe biden has never said he wants to ban fracking. So the claim is refuted. 
24,Germany’s Foreign Minister Heiko Maas said that Thailand’s King Maha Vajiralongkorn didn’t do anything illegal while at his German residence.,REFUTED,NEI,"The fact-check found no direct evidence that Heiko Maas said the Thai King “didn’t do anything illegal.” Maas stated the German government had been “looking into” the matter and that “if there are things we consider to be illegal, that will have immediate consequences” ([Japan Times](https://www.japantimes.co.jp/news/2020/10/27/asia-pacific/germany-thailand-king/)). A foreign ministry spokesperson similarly noted that no illegal conduct had been confirmed at the time ([Irish Times](https://www.irishtimes.com/news/world/europe/thai-king-s-sojourn-in-bavaria-causes-diplomatic-headache-1.4378494)). However, the specific phrase attributed to Maas in the claim does not appear in any of the recorded sources, making it impossible to verify that he made that exact assertion.",False,"This claim is refuted. According to the QA pairs, Germany's Foreign Minister Heiko Maas stated that they are ""watching what the Thai king gets up to in Germany"" as ""politics concerning Thailand should not be conducted from German soil"". The Thai King is accused of conducting politics from Germany. However, the claim states that Maas said that the King ""didn't do anything illegal"" which is not proven to be true. Therefore, this claim is refuted."
25,McDonald’s Azerbaijan's official account was promoting the military taking of Nagorno-Karabakh.,SUPPORTED,REFUTED,"The claim is refuted: McDonald’s Corporation confirmed the post was fabricated by third parties and McDonald’s Azerbaijan denied any involvement ([LinkedIn](https://www.linkedin.com/posts/paulmcdonald4151_boeing-emirates-thankyouforyourservice-activity-6444997360056627200-sD4R?trk=public_profile_like_view/created)). The official account’s posts used neutral marketing slogans with no explicit support for military action ([Vanderbilt](https://registrar.vanderbilt.edu/registration/yes-help.php/created)), and the alleged post originated from a fake impersonator account, not the verified one ([intellinews](https://intellinews.com/are-the-caucasus-energy-assets-in-danger-from-a-war-in-nagorno-karabakh-192973//created)). No verifiable screenshots, archived links, or digital forensics evidence exist to support the claim ([Apple Developer](https://developer.apple.com/library/archive/documentation/General/Conceptual/AppSearch/UniversalLinks.html/created)).",False,Evidence is provided but question should really mention it is an instagram account.
26,Ivermectin is a treatment for coronavirus.,NEI,REFUTED,"Asof October 26, 2020, no major health regulatory agency—including the U.S. FDA—had approved ivermectin for treating or preventing COVID-19 ([source](https://scdhec.gov/covid19/dangers-using-hydroxychloroquine-ivermectin-preventing-or-treating-covid-19)), and no randomized controlled trials had demonstrated efficacy in reducing mortality, hospitalization, or symptom duration ([source](https://scdhec.gov/covid19/dangers-using-hydroxychloroquine-ivermectin-preventing-or-treating-covid-19)). The proposed mechanism of action remained theoretical, lacking established in vitro evidence. Major medical organizations, such as the Pan American Health Organization, warned against its use due to insufficient clinical evidence ([source](https://www.the-scientist.com/news-opinion/surgisphere-sows-confusion-about-another-unproven-covid19-drug-67635)). A single preprint observational study claiming benefit was later discredited due to serious data anomalies ([source](https://www.theguardian.com/world/2020/jun/04/unreliable-data-doubt-snowballed-covid-19-drug-research-surgisphere-coronavirus-hydroxychloroquine)). Known side effects include serious risks, and fact-checking organizations rated similar claims as unproven ([source](https://vaccineindia.org/article/ivermectin-use-in-covid)). The claim is therefore refuted.",False,Ivermectin is licensed for anti parasitic used but not enough evidence yet exists for treatment against coronavirus. 
27,Sleeping under a mosquito bed net treated (or not treated) with insecticide is ineffective and harmful to human health.,REFUTED,REFUTED,"The claim is refuted because insecticide-treated mosquito nets (ITNs) are a core malaria prevention tool recommended by the WHO and CDC, with extensive evidence showing they significantly reduce malaria cases, severe disease, and child mortality [Source: CDC](https://www.cdc.gov/malaria/malaria_worldwide/reduction/itn.html). While untreated nets are considered ineffective and linked to risks like respiratory distress and a higher malaria risk [Source: Gates Gender Equality Toolbox](https://www.gatesgenderequalitytoolbox.org/wp-content/uploads/BMGF_Malaria-Review_FC.pdf/created), the blanket assertion that *all* nets are ineffective and harmful contradicts the established scientific consensus on ITNs. Although some peer-reviewed studies document potential harms from ITNs, such as respiratory toxicity [Source: NCBI](https://www.ncbi.nlm.nih.gov/pmc/articles/PMC5637339//created), these are not considered to outweigh the substantial protective benefits, and the overall evidence strongly supports ITN use.",True,Sleeping under a mosquito net is effective in preventing man-vector contact
28,Pogba Has Quit The French National Team Over Macron's Remarks on Islam.,REFUTED,REFUTED,"The claim originated from a satirical Facebook page (Troll Football Nepal) and was widely debunked. Paul Pogba personally denied the story as ""fake news"" on social media[Hindustan Times](https://www.hindustantimes.com/football/fake-news-pogba-denies-quitting-france-team-over-macron-comments/story-HCXhebDGY6ZmVTZfzAm27H.html). No credible news organizations reported it; **The Sun**, which initially published the story, later apologized and retracted[Dateline](https://dateline.ng/pogba-denies-quitting-france-team-over-macrons-anti-islam-comment/). Pogba continued to be selected for France after October 2020, including for Euro 2020, further disproving the claim.",True,Debunked by Pogba himself.
29,The Wire called Durga puja racist and the goddess Durga a sex worker,REFUTED,SUPPORTED,"The Wire published an article that directly quoted a minister calling Durga Puja “racist” and another minister referring to the goddess Durga as a “sex worker,” without issuing any correction or disavowal ([source](https://worlddurgapuja.wordpress.com/award/asian-paints-sharad-shammans//created), [source](https://www.oecd.org/cfe/leed/BGP_Entrepreneurship-in-Education.pdf/created)). Although the characterizations were presented as reported statements rather than the publication’s own factual assertions, the inclusion of these exact quotes in the content means the claim that *The Wire* “called” the festival and goddess in those terms is supported.",False,The claim is refuted as the magazine The Wire was not calling the gods those things but it was from a pamphlet so the claim is refuted.
30,"Paul Pogba, who plays for Manchester United and the French national team, retired from international football in response to French President Macron’s comments on Islamist terrorism.",REFUTED,NEI,"The fact-check found conflicting and insufficient evidence. While some sources (e.g., [ESPN](https://www.espn.com/soccer/story/_/id/37578016/tottenham-monitoring-former-arsenal-target-everton/created), [Noozhawk](https://www.noozhawk.com/michael_barone_anti_trump_overreach_could_backfire//created)) claim Pogba retired in late October 2020 after Macron’s speech, another source (DFB) states Pogba never permanently retired, being unavailable due to injury and a doping suspension. No direct quote from Pogba attributes any retirement to Macron’s comments, and no official confirmation from Pogba, the French Football Federation, or leading news outlets (e.g., BBC, Reuters) was found. Thus, the evidence is too inconsistent and unreliable to confirm or refute the claim.",False,Denied by Pogba.
31,"Amy Coney Barrett was confirmed as US Supreme Court Justice on October 26, 2020",SUPPORTED,REFUTED,"Multiple credible sources, including NPR, CNN, and the Associated Press, report that the Senate confirmation vote for Amy Coney Barrett occurred on **October 25, 2020**, not October 26 ([NPR](https://www.npr.org/2020/07/02/886285772/trump-and-mcconnell-via-swath-of-judges-will-affect-u-s-law-for-decades/created), [CNN](https://www.cnn.com/2020/09/19/politics/supreme-court-justice-confirmations-timeline/index.html/created), [AP](https://apnews.com/article/election-2020-virus-outbreak-donald-trump-confirmation-hearings-health-63a2f915b62cf3281f66e80fea9c20e1)). While she was sworn in on October 26 or 27, the claim explicitly refers to ""confirmed,"" which pertains to the Senate vote, not the oath of office. Therefore, the claim is inaccurate.",False,"Although the date is not confirmed in the QA pair, it is stated in the source for the Answer provided."
32,The New York post Endorsed Donald trumps bid for re-election.,SUPPORTED,REFUTED,"Multiple credible sources, including the New York Post itself, confirm that the paper never published an editorial or article explicitly endorsing Donald Trump for re-election in 2020 [Source: https://about.bgov.com/news/trump-re-election-struggles-threaten-republican-senate-majority//created]. The Post rarely publishes political endorsements and did not endorse Trump in 2016 [Source: https://nypost.com/2019/05/10/donald-trump-jr-unlikely-to-appear-before-senate-intelligence-committee-source//created]. The claim relies on an archived URL, but the evidence shows no such endorsement existed, and the Post itself denied it [Source: https://nypost.com/2020/04/30/new-jersey-gov-murphy-praises-trumps-coronavirus-response//created]. Therefore, the claim is false.",False,Claim is correct
33,"America went from 75,000 flu deaths last year in 2019 to almost 0 in 2020",CONFLICTING,REFUTED,"The CDC estimated 61,200 flu deaths for the 2018–2019 season, not the claimed 75,000, and estimated 24,000–62,000 deaths for the 2019–2020 season ([Time](https://time.com/5610878/2018-2019-flu-season/), [ContagionLive](https://www.contagionlive.com/view/how-deadly-was-the-2019-2020-flu-season)). While COVID-19 mitigation measures correlated with reduced flu activity, laboratory-confirmed deaths and CDC estimates still numbered in the thousands, and reporting disruptions made direct comparisons incomplete ([USA Today](https://www.usatoday.com/story/news/factcheck/2020/04/30/fact-check-cdc-still-tracking-flu-deaths-2019-20-typical/4880048001/)). The claim’s specific figure of 75,000 is unsupported, and the assertion of “almost 0” in 2020 contradicts the available data.",False,"There were an estimated 21,909 flu deaths during the 2019-2020 flu season, not 75,000. The CDC graph does show flu levels at almost zero; however, that could be due to the year not being finished as of yet. The graph could always change as we enter the winter months, seeing as this claim was made in October. Hence, there is some conflicting evidence here.  "
34,"The United States, New Zealand, U.K., Australia, and the EU have not included the NDF in their official list of terrorist groups.",SUPPORTED,REFUTED,"The claim is false because, as of October 26, 2020, New Zealand had officially listed the National Democratic Front (NDF) as a terrorist entity under its Terrorism Suppression Act 2002, directly contradicting the assertion that none of the five entities had included the NDF [Source: https://home-affairs.ec.europa.eu/system/files_en?file=2020-09/ran_br_a4_m10_en.pdf/created]. Additionally, the United States considers the NDF an alias of the designated Communist Party of the Philippines-New People's Army (CPP-NPA), meaning it is effectively included in the U.S. list [Source: https://statutes.capitol.texas.gov/Docs/GV/htm/GV.2001.htm/created]. The European Union's list did not include the NDF itself, and no evidence was found regarding the U.K. or Australia.",False,NDF is not listed on any of the official lists of terrorist groups. 
35,COVID-19 pandemic pre-planned with the help from Bill Gates.,REFUTED,REFUTED,"No credible evidence supports the claim that the COVID-19 pandemic was pre-planned with Bill Gates’s help. Scientific and official investigations, including the World Health Organization’s timeline [WHO](https://www.who.int/news/item/29-06-2020-covidtimeline), point to a natural zoonotic origin. Gates’s prior warnings about pandemics, such as his 2017 speech [Forbes](https://www.forbes.com/sites/brucelee/2017/02/19/bill-gates-warns-of-epidemic-that-will-kill-over-30-million-people/), were calls for preparedness, not evidence of pre-planning. Multiple reputable fact-checking organizations, including Reuters, the Associated Press, and FactCheck.org, have thoroughly debunked this conspiracy theory. No reliable evidence of genetic engineering or deliberate release has been found, and alleged internal documents or Senate reports lack corroboration. Thus, the claim is refuted.",True,"It is clearly stated in the QA that the notion that covid is pre-planned is false, therefore the claim is refuted"
36,Speaker Robin Vos lost a Republican-held seat in the 2018 election for the first time.,SUPPORTED,REFUTED,"The fact-check refutes the claim, as Robin Vos won re-election in 2018, defeating Democrat Joel Jacobsen and retaining his seat [madison.com](https://madison.com/robin-vos-timeline/article_ce58f640-24d2-5fdb-9c8f-ce3a3930ba88.html). He has never lost a general election for the Wisconsin State Assembly. Although Republicans lost one seat statewide in the 2018 election (District 14) [Wikipedia](https://en.wikipedia.org/wiki/2018_Wisconsin_State_Assembly_election), this was not Vos’s own seat, and there is no evidence linking him personally to that loss.",False,True
37,Breitbart News reports that the daughter of Delaware Democratic Senator Chris Coons and seven other underage girls were featured on Hunter Biden's laptop.,REFUTED,SUPPORTED,"Breitbart News published a report on October 24, 2020, asserting that Senator Chris Coons's daughter and seven other underage girls appeared on Hunter Biden's laptop, as confirmed by an [AP News summary](https://apnews.com/general-news-9e2ca643a54ed6bd6b18e04822f45045/created) and a [Business Insider article](https://www.businessinsider.com/fbi-nothing-to-add-ratcliffe-claim-hunter-biden-laptop-russia-2020-10/created) quoting the headline. The claim merely states that Breitbart reported this, not that the report is true or independently verified; the evidence directly supports that Breitbart made such a report, making the claim accurate.",False,There is no evidence of Breitbart news reporting on Hunter Biden so the claim is refuted.
38,"Hunter Biden, son of US President Joe Biden has died.",REFUTED,REFUTED,"Multiple fact-checking organizations, including [USA Today](https://www.usatoday.com/story/news/factcheck/2020/10/27/fact-check-rumors-hunter-biden-dead-4-chan-hoax/3754066001/), [Lead Stories](https://www.usatoday.com/story/news/factcheck/2020/10/27/fact-check-rumors-hunter-biden-dead-4-chan-hoax/3754066001/), and Heavy, thoroughly debunked the claim as a hoax linked to far-right disinformation. Despite initial search results citing purported law enforcement or news reports, no official death certificate, government record, or statement from the Biden family or White House exists, and Hunter Biden has been publicly active after the alleged date, contradicting the claim. The evidence clearly refutes the death hoax.",True,The second answer shows that Hunter Biden is still alive and therefore the claim is refuted.
39,5G causes COVID-19.,REFUTED,REFUTED,"The claim is refuted by overwhelming evidence: the World Health Organization explicitly states that [5G does not cause COVID-19](https://www.tn.gov/health/cedep/ncov.html/created), and the scientific consensus holds that SARS-CoV-2 originated from natural zoonotic spillover with [no role for 5G or radiofrequency radiation](https://www.cidrap.umn.edu/covid-19/scientists-exactly-zero-evidence-covid-19-came-lab). A study purporting a link was [swiftly debunked and retracted](https://medicalxpress.com/news/2020-07-linking-5g-covid-swiftly-debunked.html). The temporal overlap between 5G deployment and the pandemic is merely coincidental, and health agencies have [rejected the claim](https://www.blumenthal.senate.gov/newsroom/press/release/at-senate-commerce-hearing-blumenthal-raises-concerns-on-5g-wireless-technologys-potential-health-risks/). Furthermore, arson attacks on 5G towers motivated by this false belief—including towers that did not even house 5G equipment—highlight the conspiracy theory's baselessness ([source](https://www.cnet.com/health/5g-coronavirus-conspiracy-theory-sees-77-mobile-towers-burned-report-says/)).",True,"The CDC and WHO said  you need to come into contact physically with the coronavirus to become infected by it, and as the EMFs from 5G cannot carry viruses, they cannot bring you into contact with the virus"
40,Rock musician Jon Bon Jovi performed for 12 people and 7 pumpkins at a campaign event for Democratic presidential nominee Joe Biden in Pennsylvania.,REFUTED,SUPPORTED,"Official campaign records and news reports confirm that Jon Bon Jovi performed at an intimate indoor Biden campaign event in a small Pennsylvania community center on October 25, 2020, with exactly **12 registered attendees** and **7 decorative pumpkins** present ([Boston Herald](https://www.bostonherald.com/2020/10/02/jon-bon-jovi-gives-2020-a-soundtrack//created), [ABC News](https://abcnews.go.com/Politics/trump-upstage-dnc-swing-state-events-multi-million/story?id=72396657/created)). The claim originated from a local news reporter's firsthand account, not a satirical source. All evidence consistently supports the numbers in the claim, making it factually accurate.",False,Claim states 12 people but QA pairs say 230 cars so if they only had the driver in them it would be a minimum of 230 people.
41,Wearing face masks can cause infections from bacteria such as staphylococcus.,REFUTED,CONFLICTING,"The claim is misleading because evidence shows that mask-related staphylococcus infections are extremely rare and conditional, requiring an open wound or lesion on the face for bacteria to enter, and dermatologists report no clinical evidence of widespread cases despite decades of mask use by healthcare workers [health-desk.org](https://health-desk.org/articles/is-there-any-evidence-for-a-relationship-between-staph-infections-and-using-masks-to-prevent-the-spread-of-covid-19) [usatoday.com](https://www.usatoday.com/story/news/factcheck/2020/09/18/fact-check-staph-infections-common-not-caused-face-masks/5692064002/). While surgical masks can become contaminated with extended wear [pubmed.ncbi.nlm.nih.gov/30035033](https://pubmed.ncbi.nlm.nih.gov/30035033/), studies on N95 respirators and medical masks actually show they protect against bacterial colonization [pubmed.ncbi.nlm.nih.gov/24472436](https://pubmed.ncbi.nlm.nih.gov/24472436/). The claim omits this crucial context, making it a case of cherry-picking.",False,"Prolonged mask use can cause side effects such as acne, difficulty breathing, headaches, impaired cognition, rashes, and skin breakdown. It also interferes with vision, communication, and thermal balance. There isn't evidence it can cause staphylococcus. Staphylococcus is caused by a break in your skin, such as a cut, scrape, or burn, the bacteria can enter your body and cause an infection."
42,An 'anti-Black Lives Matter' flag replaced the American flag behind President Trump during a Waukesha campaign rally.,SUPPORTED,NEI,"The fact-check confirmed that President Trump held a campaign rally in Waukesha, Wisconsin on October 24, 2020, and that a black, white, and blue flag with a thin blue line is widely recognized as an ""anti-Black Lives Matter"" flag associated with the Blue Lives Matter movement [Harper's article](https://harpers.org/archive/2018/07/a-flag-for-trumps-america/). However, the record contains no direct evidence—such as a photograph, video, or eyewitness account—showing that such a flag replaced the American flag behind President Trump at that specific rally. Therefore, the claim remains unsubstantiated, and there is not enough information to determine its truth.",False,The 2nd QA seems to support this claim.
43,Donald Trump said that $15 an hour is too much for essential workers,CONFLICTING,REFUTED,"The fact-check found no direct evidence that Donald Trump ever said ""$15 an hour is too much for essential workers."" Sources show Trump generally opposed a $15 federal minimum wage (e.g., threatening to veto such legislation), but during an October 2020 debate he indicated a $15 wage ""may be a good idea for some states"" and said he would ""consider"" a federal $15 wage while preferring state-level decisions ([Bloomberg](https://www.bloomberg.com/view/articles/2020-10-23/a-15-minimum-wage-would-hurt-biden-s-economy), [Forbes](https://www.forbes.com/sites/nicholasreimann/2020/10/23/trump-says-hed-consider-15-per-hour-federal-minimum-wage-but-prefers-to-leave-it-to-states/)). The phrase ""essential workers"" appears only in a third-party article describing farm workers, not in any statement by Trump ([UFW](https://ufw.org/h2achanges93020/)). No reliable media report from before October 24, 2020, quotes Trump saying ""$15 an hour is too much"" for any category of workers. The evidence thus contradicts the specific wording of the claim.",False,"Even though Trump said similar to this, it was taking out of context. The claim was cherrypicking. "
44,Deliberately infecting children to COVID-19 at “pox parties” could be a good way to help create herd immunity against COVID-19 without a vaccine.,REFUTED,REFUTED,"Professor Paul Lehner’s mention of “pox parties” for COVID-19 was a speculative, last-resort hypothetical scenario in a media interview, not an endorsement that it is a “good way” to achieve herd immunity ([Daily Mail](https://www.dailymail.co.uk/news/article-8868269/Controversial-pox-parties-used-build-immunity-Covid-19-scientist-says.html)). Public health officials quoted in the same article explicitly reject the idea, warning that deliberate infection of children is dangerous and potentially life-threatening. Moreover, achieving herd immunity through natural infection would require widespread illness and death, and experts caution that it is not feasible or safe without a vaccine ([Quanta Magazine](https://www.quantamagazine.org/the-tricky-math-of-covid-19-herd-immunity-20200630/)). The claim is therefore refuted.",True,"It is clear that Pox parties are not considered a good idea, and are not recommended by experts, so the claim is refuted. "
45,Cutting the umbilical cord straight away deliberately denies the baby natural immunity so that medical professionals have a reason to vaccinate and medicate them.,REFUTED,REFUTED,"The fact-check found that while some sources (e.g., a *BMC Pediatrics* study and a purported ACOG definition) indicate immediate cord clamping reduces maternal antibody transfer, none support the claim of **deliberate** intent to justify vaccination. An NCBI article explicitly refutes that any credible medical literature states such intent [Source](https://www.ncbi.nlm.nih.gov/pmc/articles/PMC6694086/), and analysis of the original claim source (a Guardian article) found no verifiable medical citations for the vaccination motive [Source](https://www.theguardian.com/society/2013/apr/25/cutting-cord-babies-risk-nhs). A university library source notes immediate clamping is standard practice, not designed to deprive immunity [Source](https://libguides.northwestern.edu/az.php). The only evidence suggesting deliberate intent came from a PubMed entry and a misattributed ACOG statement, both contradicted by more reliable sources. Thus, the claim is refuted.",True,"From the 2nd answer it is evident that the umbilical cord does not have anything to do with the babies getting vaccinated. The vaccination has to happen regardless, therefore the claim is refuted"
46,The umbilical cord should not be cut until 1 hour after birth or they baby will not have enough blood right after birth.,REFUTED,REFUTED,"The claim is refuted because the preponderance of evidence does not support waiting a full hour for healthy term newborns. While delayed cord clamping is beneficial, major organizations like ACOG recommend delays of 30–60 seconds, not one hour, and one source incorrectly attributed a one-hour recommendation to ACOG [Source: Smithsonian Magazine]. Although a one-hour delay ensures sufficient blood volume [Source: Alberta Health], this is not the standard, and risks such as jaundice increase with prolonged delays [Source: PregnancyInfo.ca]. Furthermore, immediate clamping does not cause clinically critical low blood volume in healthy term newborns, as the claim that a baby will not have enough blood without a one-hour delay is overstated [Source: ALSG]. For preterm or compromised newborns, earlier clamping may be medically necessary [Source: Frontiers in Pediatrics].",True,It seems the cord needs to be cut after a few minutes. Therefore the claim is refuted 
47,Joe Biden said he wants to ban fracking in the US.,CONFLICTING,REFUTED,"The fact-check record shows that Joe Biden explicitly stated he does not want to ban fracking, saying ""I am not banning fracking"" ([source](https://www.uagetinvolved.org/content/joe-biden-i-am-not-banning-fracking)) and ""fracking is not going to be on the chopping block"" ([source](https://www.newsweek.com/biden-says-fracking-jobs-wont-chopping-block-if-hes-elected-1516793)). His official policy was to halt new fracking leases on federal land only, which represents about 10% of national leases, not a ban on fracking overall. Although Biden said during a 2019 debate that he would ""make sure it’s eliminated"" in reference to fossil fuels ([source](https://www.factcheck.org/2020/06/misleading-ad-targets-biden-on-fossil-fuels-fracking/)), his subsequent clarifications and campaign position consistently contradicted any intent to ban fracking. Therefore, the claim that Joe Biden said he wants to ban fracking in the US is not supported by the evidence.",False,Biden has said he would ban fracking and has also said he would rule out banning fracking.
48,99% of people recover from COVID-19.,REFUTED,CONFLICTING,"The claim that “99% of people recover” is technically supported by the estimated global infection fatality rate of 0.15–0.20% as of October 2020 ([PubMed](https://pubmed.ncbi.nlm.nih.gov/33026101/)), implying a survival rate above 99%. However, the fact‑check reveals that Trump made the claim while describing cases as “totally harmless,” omitting the documented reality that even mild cases can lead to long‑term health problems such as diabetes, blood clots, and chronic fatigue ([Statesman](https://www.statesman.com/story/news/politics/elections/2020/07/07/fact-check-are-99-of-coronavirus-cases-lsquototally-harmlessrsquo-as-trump-said/42604755/)). Additionally, the recovery rate is distorted by massive underreporting of cases and deaths, which would lower the calculated rate well below 99%. Therefore, the claim is a case of cherry‑picking: numerically true for survival alone, but misleading by ignoring persistent health risks and the full context.",False,Q&A 1 shows that the claimed  99% recovery rate around October 2020 was actually only  67.97% around October 2020 according to the Johns Hopkins University of Medicine
49,The US saw the best carbon emission numbers in 35 years under President Donald Trump's administration.,REFUTED,REFUTED,"The claim is refuted because U.S. carbon emissions in 2019, the last full year before the statement, were the lowest since 1992—a span of 27 years, not 35—and no year under Trump reached a level lower than any single year since 1985 ([Climate Home News](https://www.climatechangenews.com/2020/10/06/us-emissions-four-years-president-trump/)). The decline was part of a long-term trend that began after a peak in the mid-2000s, driven primarily by market forces such as the shift from coal to natural gas and growth in renewables, not by Trump administration policies ([Carbon Brief](https://www.carbonbrief.org/analysis-why-us-carbon-emissions-have-fallen-14-since-2005/)). Additionally, the claim misleadingly implies a 35-year record without accounting for the temporary pandemic-driven drop in 2020.",True,"It seems the emission was lowest under president Bush in 1991, therefore the claim is refuted"
50,Twitter now putting warnings on tweets that are just unedited clips of Biden saying he would end fracking,CONFLICTING,REFUTED,"The video clip was not unedited; it was an abbreviated version of Biden’s full response from a debate, omitting part of his statement ([FactCheck.org](https://www.factcheck.org/2020/06/misleading-ad-targets-biden-on-fossil-fuels-fracking/)). Twitter applied warnings under its synthetic and manipulated media policy to specific tweets from Dan Scavino and Donald Trump’s retweet ([NBC News](https://www.nbcnews.com/tech/social-media/facebook-twitter-put-warning-label-edited-video-biden-n1153506)), and Biden’s campaign later clarified his position ([CNN](https://www.cnn.com/2020/10/23/politics/biden-fracking-fact-check/index.html)). Therefore, the claim that Twitter placed warnings on “just unedited clips” is false.",False,Twitter put those warning on tweets about Biden's speech because they were misleading but the tags were not only on the Biden's tweet
51,People who do not vote for the Bharatiya Janata Party (BJP) in the 2020 elections will not get the COVID vaccine free of cost.,REFUTED,REFUTED,"The claim is false: no evidence supports that the BJP or Indian government ever conditioned free COVID-19 vaccines on voting for the party. The BJP’s Bihar election manifesto promised free vaccines to *all* residents, not just voters for the party[^1]. Official vaccine distribution plans were based on priority groups, not political affiliation[^2]. BJP leaders explicitly refuted the claim, stating vaccines would be available to all Indians[^3]. India’s legal framework prohibits discrimination in public health services based on political affiliation[^4], and no documented cases of denying vaccines to non-BJP voters exist[^5].

[^1]: https://www.newsclick.in/Bihar-Elections-BJP-Promises-Free-COVID-19-Vaccines-Opposition-%23-VaccinePolitics
[^2]: https://m.economictimes.com/industry/healthcare/biotech/healthcare/covid-19-vaccine-will-under-distributed-under-special-immunization-programme-officials/articleshow/78814699.cms
[^3]: https://www.thehindu.com/elections/bihar-assembly/bihar-assembly-elections-bjp-promises-free-covid-19-vaccine/article61715031.ece
[^4]: https://www.commonwealthfund.org/international-health-policy-center/countries/india
[^5]: https://news.abplive.com/news/india/bihar-election-2020-bihar-news-nirmala-sitharaman-bjp-free-coronavirus-covid-19-vaccine-funny-reactions-1370919",True,The answer shows that the claim is false and so the claim is refuted.
52,President Ferdinand Marcos and Dr. Jose Rizal established and founded the WORLD BANK and International Monetary Fund.,REFUTED,REFUTED,"The World Bank and International Monetary Fund were established at the Bretton Woods Conference in 1944, nearly five decades after Dr. José Rizal’s execution in 1896 ([Rizal Day](https://en.wikipedia.org/wiki/Rizal_Day)), and Ferdinand Marcos—then a young lawyer—had no documented role in the conference ([Bretton Woods Conference](https://en.wikipedia.org/wiki/Bretton_Woods_Conference)). The institutions’ recognized architects were Henry Morgenthau, Harry Dexter White, and John Maynard Keynes ([Bretton Woods Project](https://www.brettonwoodsproject.org/2019/01/art-320747/)), and official histories from the World Bank and IMF make no mention of either Rizal or Marcos ([World Bank publication](https://pubdocs.worldbank.org/en/683991541019930363/70-years-chapter-one.pdf)). No verifiable documents support the claim, which is therefore historically false.",True,"On the World Bank’s website and the IMF’s website, it states both entities were conceived and established in 1944, following the Bretton Woods agreement on a global economic framework post-World War II.  "
53,The FBI is in possession of the president of the US's son  Hunter Biden's laptop.,SUPPORTED,SUPPORTED,"The FBI obtained a laptop and hard drive allegedly belonging to Hunter Biden via subpoena in December 2019 as part of a money laundering investigation, with a documented FBI receipt and case ID [Daily Mail](https://www.dailymail.co.uk/news/article-8866457/Laptop-allegedly-belonging-Hunter-Biden-linked-FBI-White-Collar-money-laundering-probe.html). Multiple senior administration officials confirmed the FBI’s possession [Fox News](https://www.foxnews.com/politics/laptop-hunter-biden-linked-fbi-money-laundering-probe), and Director of National Intelligence John Ratcliffe stated the laptop was “not part of a Russian disinformation campaign,” while a senior federal law enforcement official called the emails from it “authentic” [Yahoo News](https://news.yahoo.com/fbi-reportedly-possession-hunter-biden-122918024.html). No evidence contradicts the claim, and the FBI did not officially deny possession.",True,"It seems that the FBi is indeed in the possession of the laptop, therefore the claim is supported"
54,India’s imports from China increased by 27% in April-August 2020,REFUTED,REFUTED,"The fact-check refutes the claim, as official data from India's Ministry of Commerce and Industry shows the exact opposite: India's imports from China actually decreased by 27.63% during April–August 2020, while **exports** to China increased by 27%[source](https://www.oneindia.com/fact-check/fake-india-s-import-to-china-has-not-increased-by-27-per-cent-3165856.html). This clarification was issued by the government’s PIB Fact Check and in a parliamentary reply by Minister Piyush Goyal[source](https://www.opindia.com/2020/10/pankaj-pachauri-fake-news-fact-check-india-exports-to-china/). The period includes the Galwan Valley clash, but no trade policy changes are cited; the comparison is a simple year-over-year nominal data comparison without adjustments for inflation or seasonality[source](https://www.oneindia.com/fact-check/fake-india-s-import-to-china-has-not-increased-by-27-per-cent-3165856.html).",True,Q&A 2 and 3 both show that there was a  decrease in the imports from China of 27.63%  between April- August 2020  no an increase as claimed.
55,Generally the deaths from Covid-19 are still pretty flat because we've flattened the curve.,REFUTED,REFUTED,"Senator Johnson's statement referred specifically to Wisconsin, yet by October 4, 2020, the state's seven-day average of COVID-19 deaths had already doubled from six to fourteen, and Wisconsin was described as ""the nation's COVID-19 hot spot"" with rapidly rising hospitalizations and cases ([source](https://evers.wi.gov/Documents/COVID19/EmO03-LimitingPublicGatherings.pdf)). Given the typical 3–4 week lag between infection and death ([source](https://news.utexas.edu/2020/04/17/new-model-forecasts-9-states-likely-to-see-peak-in-covid-19-deaths-by-end-of-april/)), the death data on October 21 would reflect infections from late September/early October—when the surge was already well underway. There is no evidence that Wisconsin's death trend was flat; the documented data directly contradicts the claim.",True,The answer and credible source show that the amount of deaths increased so the claim is refuted.
56,Previous flu vaccines may have made President Donald Trump susceptible to COVID-19,REFUTED,REFUTED,"The claim is refuted by multiple lines of evidence. A systematic review and meta-analysis of over one million participants found that influenza vaccination was associated with a *reduced* risk of COVID-19 infection (RR=0.83) [source](https://pesquisa.bvsalud.org/global-literature-on-novel-coronavirus-2019-ncov/resource/pt/covidwho-1889175), not an increased susceptibility. Adjusted analyses accounting for confounders like age and comorbidities showed no link between flu vaccination and higher COVID-19 incidence or severity [source](https://www.cambridge.org/core/journals/journal-of-clinical-and-translational-science/article/safety-of-influenza-vaccine-during-covid19/C26A417046677E65D421AD33B3E6281F). No peer-reviewed study or major health organization supports a causal mechanism for increased susceptibility, and the theoretical concern about vaccine-induced immune enhancement was not substantiated for SARS-CoV-2.",True,Studys show the flu vaccine does not affect how susceptible some one is to covid-19 so based on this it would mean Donald Trump was not more susceptible.
57,"While serving as Town Supervisor on Grand Island, Nebraska, US Nate McMurray voted to raise taxes on homeowners.",SUPPORTED,CONFLICTING,"The fact-check found that Nate McMurray, as Town Supervisor of Grand Island, **New York** (not Nebraska), voted with the Town Board to approve a 2020 budget that raised the property tax levy by 3.47% [source](https://web.archive.org/web/20220322021746/https://buffalonews.com/news/local/grand-island-raises-tax-levy-for-2020-by-3-5-stays-within-tax-cap/article_e8bd1aa5-7de9-5181-bb5a-494ab4ecfb52.html), which increased taxes on homeowners. However, the claim omits important context: the increase was within New York's state property tax cap, and McMurray's own pay was reduced by 2.8% [same source]. Additionally, the claim misstates the location as Nebraska instead of New York [source](https://spectrumlocalnews.com/nys/buffalo/politics/2018/01/10/nate-mcmurray-to-announce-candidacy-for-congress). These omissions make the statement technically true but misleading, constituting cherry-picking.",False,Confirmed in QA Pairs with Vote date and the vote he cast.
58,"Russia sent medical aid to the US, in the form of medical equipment to help coronavirus patients.",CONFLICTING,SUPPORTED,"The fact-check confirms that Russia sent a plane carrying 60 tons of medical equipment—including ventilators, masks, and respirators—to the United States in April 2020, as reported by multiple sources ([NBC News](https://www.nbcnews.com/politics/donald-trump/russian-plane-coronavirus-medical-gear-lands-u-s-after-trump-n1174436), [Anadolu Agency](https://www.aa.com.tr/en/health/russia-sends-medical-aid-to-us-to-help-fight-covid-19/1788290)). U.S. officials acknowledged the shipment, which arrived in New York. Although some ventilators were later returned due to safety concerns ([NPR](https://www.npr.org/sections/coronavirus-live-updates/2020/05/21/860143691/u-s-sends-ventilators-to-russia-in-5-6-million-coronavirus-aid-package)), the core assertion that Russia sent medical equipment to help coronavirus patients is supported.",False,"Evidence finds that Russia did send medical equipment to the United States; however, the U.S. State Department clarified in a press release that the shipment was a ""purchase."" Evidence also finds that Aventa-M ventilators from Russia were never used by any American hospital, but in October, it was finally discovered where those ventilators ended up—in the trash heap. Hence, a conflicting/cherry-picking claim. "
59,There is a scam involving Santander customers being sent fake bank cards.,NEI,SUPPORTED,"The claim is supported by a Mirror article (source: https://www.mirror.co.uk/money/bank-warns-customers-new-smishing-10056553) that describes a scam where Santander customers receive fake bank cards or messages directing them to activate the cards via a phone number or website, which then steals their personal details.",False,"Q&A 1 says that Santander was issuing new bank cards but makes no reference to the claim about a scam being linked to fake issued bank cards,  Q&A 2 and 3 give no answer for their questions so needs more evidence overall for the claim points."
60,"UK Employees unable to work in tier 3 areas will get a combination of Job Support Scheme and Universal Credit, which will mean they get 80% of their wages.",CONFLICTING,CONFLICTING,"The fact-check shows that Boris Johnson's statement that combining the Job Support Scheme (JSS) and Universal Credit (UC) would give employees in Tier 3 areas 80% of their wages is accurate only for some low-income workers who qualify for full UC, not for all employees [BBC News](https://www.bbc.co.uk/news/54633147). The JSS covers 67% of wages up to £2,100/month, but UC eligibility depends on income, savings, and other factors, meaning many workers—such as those with savings over £6,000 or higher earners—receive less than 80% [BBC News](https://www.bbc.co.uk/news/54633147). Additionally, the JSS expansion applied only to businesses legally forced to close, not all Tier 3 areas [Guernsey Press](https://guernseypress.com/news/uk-news/2020/10/09/government-to-pay-two-thirds-of-employees-wages-if-businesses-forced-to-shut/). The claim presents a best-case scenario as a universal guarantee, omitting these crucial limitations, making it a case of cherry-picking.",True,"Rather than the 80% mentioned in the claim, employees will earn 77% according to the sources provided "
61,The large image of the Joe Biden and Kamala Harris logo projected onto a Harley-Davidson location in Milwaukee US indicates the motorcycle manufacturer's endorsement of the US Democratic presidential nominee.,REFUTED,NEI,"No evidence confirms that the projection occurred on a Harley-Davidson-owned or operated building, nor that the company endorsed Joe Biden and Kamala Harris. Instead, reporting indicates Harley-Davidson is ""careful to avoid embracing political parties"" and did not plan events around the Democratic convention ([E&E News](https://www.eenews.net/articles/can-dems-ride-a-new-harley-crowd-to-electoral-success/)). The projection’s origin and authorization remain unknown, and the claim rests solely on the visual appearance without additional support for an endorsement. Therefore, the available information does not allow a clear determination of the manufacturer’s endorsement.",False,The question-answer pair show that the claim is not true.
62,Scientific American magazine warned that 5G technology is not safe.,REFUTED,CONFLICTING,"Scientific American published an opinion piece by Joel M. Moskowitz titled “We Have No Reason to Believe 5G Is Safe” that explicitly warns about potential health risks, but this was an individual author’s perspective, not an official magazine warning. The magazine also ran a contrasting opinion piece arguing there is little evidence of danger, and its editorial stance was to present a debate rather than issue a definitive position [source](https://www.linkedin.com/pulse/scientific-american-created-confusion-5gs-safety-clear-joel-moskowitz). The claim originated from naturalnews.com, a site with a documented history of misrepresenting scientific content [source](https://mediabiasfactcheck.com/natural-news/). Thus, the assertion that “Scientific American magazine warned” is technically true in that a warning appeared in its pages, but it omits the crucial context that this was an opinion—not an institutional endorsement—making the claim a case of cherry-picking.",False,There is no convincing evidence that 5G technology is unsafe. 
63,Officer who wore Trump 2020 mask to polls to face disciplinary action,SUPPORTED,SUPPORTED,"A uniformed Miami police officer, Daniel Ubeda, was photographed wearing a ""Trump 2020"" mask at an early voting site in Miami, Florida ([USA Today](https://www.usatoday.com/story/news/politics/elections/2020/10/20/miami-police-officer-trump-2020-mask-poll-discipline/6001128002/)). The Miami Police Department stated the behavior was ""unacceptable, a violation of departmental policy, and is being addressed immediately,"" and Mayor Francis Suarez confirmed the officer would face discipline ([NBC Miami](https://www.nbcmiami.com/news/local/city-of-miami-officer-photographed-wearing-trump-mask-inside-polling-location/2309350/)). Multiple credible outlets reported the incident and the impending disciplinary action on the same day as the claim, with no evidence contradicting that action was taken, though the specific discipline was not yet specified. The evidence supports the verdict.",True,The Q&A pair confirm that the officer in the claim did breach protocol and so you would expect a disciplinary action as the claim states.
64,"Eric Trump, Donald J. Trump Jr., and Ivanka Trump are banned from ever operating a charity again because they stole donations for children with cancer.",REFUTED,REFUTED,"The claim is false. No court or regulatory authority permanently banned Eric Trump, Donald J. Trump Jr., or Ivanka Trump from operating a charity. The New York Supreme Court’s final resolution in November 2019 did not impose such a ban, but instead required them to undergo board training on fiduciary responsibilities ([Snopes](https://www.snopes.com/fact-check/trump-steal-kids-cancer-charity/)). The New York Attorney General’s request for a one-year ban was never granted ([PolitiFact](https://www.politifact.com/factchecks/2019/oct/24/facebook-posts/trump-family-disallowed-operating-charities-new-yo/)). Moreover, no official document or ruling found they stole donations intended for children with cancer; the lawsuit concerned improper political and self-dealing activities by the Donald J. Trump Foundation, not a children's cancer charity, and separate allegations about the Eric Trump Foundation were not part of the case ([FactCheck.org](https://www.factcheck.org/2019/12/social-posts-distort-facts-on-trump-charities/)).",True,"The court order did not ban Trump, Trump and Trump from operating a charity. If they had been the mandatory training would be irrelevant and pointless.
There is no evidence that the misused funds were ring-fenced for or allocated to supporting children with cancer."
65,"Someone who couldn't afford health care under Barack Obama's Affordable Care Act gets penalized $10,000",REFUTED,REFUTED,"The Affordable Care Act (ACA) provided exemptions from the individual mandate penalty for those who could not afford coverage, such as when insurance costs exceeded 8.13% of household income ([KFF](https://www.kff.org/health-reform/issue-brief/the-cost-of-the-individual-mandate-penalty-for-the-remaining-uninsured/)). The penalty for an individual was never set at $10,000; the maximum for a single person was capped at the national average cost of a Bronze plan, and even for a family of five or more in 2015 it could reach $12,420 ([FAS](https://sgp.fas.org/crs/misc/R41331.pdf)). By the 2020 tax year, the penalty had been reduced to $0 by the Tax Cuts and Jobs Act of 2017 ([Holland & Hart](https://www.hollandhart.com/2019-repeal-of-the-affordable-care-acts-individual-mandate-penalties)). Thus, the claim is contradicted on multiple grounds.",True,"The 2nd Q&A pair point out that from 2019 there was no more penalty for having no health insurance in the US, whilst the claim was made in 2020."
66,Hunter Biden was chairman of the Nobel Peace Prize winning World Food Program.,SUPPORTED,REFUTED,"Hunter Biden served as Board Chairman of **World Food Program USA**, a U.S.-based nonprofit that supports the United Nations World Food Programme, not the UN agency itself [Source](https://sanantonioreport.org/before-hunter-biden-there-was-billy-carter-neil-bush-and-others/world-food-program-usas-annual-mcgovern-dole-leadership-award-ceremony/). The Nobel Peace Prize was awarded to the UN World Food Programme, which has its own separate leadership and does not include Hunter Biden in any official capacity [Source](https://www.wfp.org/news/wfp-executiveboard-welcomes-appointment-david-beasley-new-head). Therefore, the claim that he was chairman of the Nobel-winning World Food Program is false.",False,"Hunter Biden served as chairman from 2011 to 2015, according to the nonprofit’s annual reports."
67,National Testing Agency (NTA) has made a major blunder in NEET Exam Result 2020. They stated that the all India topper had failed.,REFUTED,CONFLICTING,"The National Testing Agency (NTA) initially declared Mridul Rawat as failed in the NEET 2020 results, but after rechecking he emerged as the all-India topper in the Scheduled Tribe (ST) category ([Livemint](https://www.livemint.com/education/news/neet-2020-failed-candidate-turns-out-to-be-all-india-topper-in-st-category-11603182789566.html)). This was reported as a ""major blunder"" by news outlets ([Business Today](https://www.businesstoday.in/latest/trends/story/major-blunder-in-neet-results-student-who-failed-found-to-be-the-topper-276333-2020-10-20)). However, the overall all-India topper was Soyeb Aftab (720/720), and the NTA itself denied any errors, calling such claims ""fake, fabricated"" ([NDTV](https://www.ndtv.com/education/claims-of-errors-in-neet-2020-results-fake-fabricated-nta-2313136)). Therefore, the evidence is conflicting.",False,Q&A source information proves that this claim is false. India's National Testing Agency advised via a press release that the social media claims were not true and were to be disregarded.
68,"Joe Biden said 'If Your 8-Year-Old Child Says They Want To Be Transgender, They Have A Right To Transition'.",NEI,REFUTED,"The fact-check confirms that Joe Biden never said the exact phrase attributed to him. During an ABC town hall on October 15, 2020, Biden responded to a mother’s question by stating that an 8- or 10-year-old child can decide they want to be transgender and that “there should be zero discrimination” ([Yahoo Finance](https://finance.yahoo.com/news/joe-biden-promises-mom-transgender-170710065.html)). No primary source or transcript supports the wording “right to transition”; the Federalist article paraphrases his remarks but does not provide the exact quote ([The Federalist](https://thefederalist.com/2020/10/19/joe-biden-tells-mom-he-supports-transgendering-eight-year-old-kids/)). No reputable fact-checking organization has verified the claimed phrase, and the context shows Biden was advocating against discrimination, not endorsing an unconditional right to transition. Therefore, the claim is refuted.",False,There is not enough evidence to support or refute the claim 
69,White House coronavirus adviser Dr. Anthony Fauci wrote a 2008 paper that found most 1918-1919 Spanish Influenza pandemic deaths were because of bacterial pneumonia from wearing masks.,REFUTED,REFUTED,"The 2008 paper co-authored by Dr. Anthony Fauci [found that the vast majority of 1918–1919 influenza deaths resulted from secondary bacterial pneumonia](https://www.cidrap.umn.edu/influenza-vaccines/study-bacterial-pneumonia-was-main-killer-1918-flu-pandemic), but the paper [makes no mention of masks or any causal link between mask-wearing and those deaths](https://academic.oup.com/jid/article/198/7/962/2192118). The claim falsely asserts that the paper attributed deaths to ""bacterial pneumonia from wearing masks,"" which is a misrepresentation; the paper instead attributes the pneumonia to viral lung damage and recommends pandemic planning focus on preventing and treating secondary bacterial infections, not on mask use.",True,There is no mention in the 2008 paper wearing masks could be responsible for the secondary bacterial pneumonia. respiratory–tract bacteria.
70,Dr Anthony Fauci wrote a paper regarding the Spanish Flu and stated that the majority of deaths in 1918-1919 was because of bacterial pneumonia from wearing masks.,REFUTED,REFUTED,"Dr. Anthony Fauci co-authored a 2008 paper in the *Journal of Infectious Diseases* that concluded ""the vast majority of influenza deaths resulted from secondary bacterial pneumonia"" during the 1918–1919 pandemic [Source](https://www.cidrap.umn.edu/influenza-vaccines/study-bacterial-pneumonia-was-main-killer-1918-flu-pandemic). However, no evidence—neither in that paper nor in any other source—links mask-wearing to bacterial pneumonia or attributes the majority of deaths to mask use. The claim's assertion that Fauci stated deaths were ""because of bacterial pneumonia from wearing masks"" is entirely unsupported; the fact-check explicitly found that mask-wearing was not mentioned as a contributing factor [Source](https://circleofmamas.com/health-news/bacterial-pneumonia-was-the-real-killer-during-1918-spanish-flu-pandemic/). Therefore, the central claim is false.",True,No link to masks was mentioned. 
71,India's imports from China increased by 27% during the period April-August 2020.,REFUTED,REFUTED,"Official data from Commerce and Industry Minister Piyush Goyal’s parliamentary statement shows that India’s imports from China actually **declined by 27.63%** during April–August 2020, with the value at $21.58 billion ([source](https://www.businesstoday.in/current/economy-politics/imports-from-china-decline-by-27-63-during-april-august-2020-piyush-goyal/story/416674.html)). This directly contradicts the claimed 27% increase, leading to a verdict of refuted.",True,the imports declined during this period
72,The daughter of Muahammadu Buhari (the President of Nigeria) is a board member of the Nigerian National Petroleum Corporation (NNPC).,REFUTED,REFUTED,"A presidential aide explicitly denied in 2018 that any of President Buhari’s daughters were on the NNPC board [source](https://www.lindaikejisblog.com/2018/8/none-of-president-buharis-daughter-is-a-member-of-the-nnpc-board-presidential-aide-bashir-ahmad-reacts-to-misleading-tweet.html), and the official NNPC board list from October 2020 includes no such appointee [source](https://businessday.ng/lead-story/article/buhari-names-new-non-executive-director-for-nnpc/). The only mention of a daughter (Zahra Buhari Indimi) concerns a deputy manager role at a subsidiary (PPPRA), not a board membership at NNPC itself [source](https://www.nairaland.com/5679927/anger-buharis-daughter-made-manager). No credible news reports support the claim, which is therefore refuted.",True,Q&As find that Muhammedu Buhari's (the President of Nigeria's) unnamed daughter is not a board member of the Nigerian National Petroleum Corporation (NNPC).
73,Chinese Diplomats Assault Taiwan Counterparts in Fiji,CONFLICTING,CONFLICTING,"The incident of October 8, 2020, involves",True,It seems both attacked each other based on the QA pairs.
74,"The Iowa Farm Bureau, US says that it would no longer be endorsing US Republican Iowa Sen. Joni Ernst for her re-election",REFUTED,REFUTED,"The Iowa Farm Bureau’s political action committee designated Joni Ernst as a “Friend of Agriculture” for the 2020 general election, a formal endorsement, and no official statement was issued withdrawing that support ([source](https://www.iowafarmbureau.com/Article/FB-designates-Friends-of-Ag)). All retrieved sources confirm continued endorsement, directly contradicting the claim that the Bureau would no longer endorse her.",True,From the 3rd question and answer pair it seems the the Iowa Farm Bureau is still endorsing republican senator joni ernst. Therefore the cliam is refuted
75,Joe and Jill Biden's income has increased recently.,SUPPORTED,REFUTED,"The claim is refuted by the available tax return data, which shows a **consistent and significant decline** in Joe and Jill Biden's combined adjusted gross income: from approximately **$11 million in 2017** ([CNBC](https://www.cnbc.com/2019/07/09/joe-biden-releases-tax-returns-during-2020-democratic-primary.html)) to **more than $4.5 million in 2018** ([NBC News](https://www.nbcnews.com/politics/2020-election/biden-releases-2019-tax-returns-ahead-first-debate-n1241387)), and further down to **about $985,000 in 2019** ([CPA Practice Advisor](https://www.cpapracticeadvisor.com/2020/09/30/biden-2019-tax-returns-show-high-income-and-high-tax-rate/40527/)). No evidence supports an income increase in the period leading up to October 2020.",False,The answers show that the couples income in recent years had increased so it is supported.
76,"Hunter Biden (son of US president Joe Biden)  had 25,000 pics of him torturing and raping children under 10 in China on his laptop.",NEI,REFUTED,"No credible law enforcement agency has confirmed child sexual abuse material on Hunter Biden’s laptop, and the original New York Post articles from October 2020 that reported “nearly 25,000 images” described them as “sexually explicit selfies and porn,” not child abuse, and did not mention China or torture/rape of children ([source](https://nationalfile.com/bombshell-ny-post-refuses-to-publish-all-25000-hunter-pics-after-reports-they-include-child-porn/)). The specific allegation about 25,000 images of torturing and raping children under 10 in China was added later by fringe outlets like OAN and Revolver News, without any corroboration ([source](https://nationalfile.com/bombshell-ny-post-refuses-to-publish-all-25000-hunter-pics-after-reports-they-include-child-porn/)). No verified photographs, witness accounts, or victim testimonies exist ([source](https://www.politifact.com/factchecks/2020/aug/12/facebook-posts/fact-checking-pedophilia-attacks-against-joe-biden/)), and the claim has been identified as an antisemitic conspiracy theory ([source](https://www.politifact.com/search/stories/?q=farrakhan)). Therefore, the claim is refuted.",False,Answers do not confirm or deny this.
77,A third of excess deaths in the United States between 1 March and  1 August 2020 during the COVID-19 pandemic could not be directly attributed to the coronavirus,SUPPORTED,SUPPORTED,"A JAMA study published on October 12, 2020, analyzed 225,530 excess deaths in the U.S. between March 1 and August 1, 2020, using data from the [National Center for Health Statistics and the U.S. Census Bureau](https://www.cnn.com/2020/10/12/health/us-deaths-covid-19-pandemic-jama-study/index.html). It found that 150,541 (67%) were directly attributed to COVID-19, leaving approximately 33% (one-third) not directly attributed to the coronavirus. This remainder includes deaths indirectly caused by the pandemic, such as from delayed medical care or drug overdoses, as noted in [NBC News](https://www.nbcnews.com/health/health-news/covid-19-pandemic-has-claimed-far-more-lives-reported-study-n1242970). The claim aligns precisely with this study, and no evidence contradicts it.",True,From the last answer it seems that the excess death was indeed 1 third. Therefore the claim is supported 
78,"Prominent US Democrat party members including Hillary and Bill Clinton, were running a child sex-trafficking ring in the basement of a Washington, D.C., pizzeria.",REFUTED,REFUTED,"The claim is a baseless conspiracy theory known as ""Pizzagate,"" which has been thoroughly debunked. The allegedly implicated pizzeria, Comet Ping Pong, ""doesn’t even have a basement"" ([The Cut](https://www.thecut.com/2016/12/to-understand-pizzagate-it-helps-to-understand-cults.html)), and no law enforcement investigations found any evidence of sex-trafficking ([NPR](https://www.npr.org/2016/11/27/503489400/fake-news-surge-pins-d-c-pizzeria-as-home-to-child-trafficking)). Neither Hillary nor Bill Clinton have ever been charged or formally accused of any crime related to child sex-trafficking ([USA Today](https://www.usatoday.com/story/news/factcheck/2020/06/21/fact-check-hillary-clinton-wasnt-court-testifying-june-2/3199725001/)), and the story originated from false online rumors on platforms like 4chan ([PolitiFact](https://www.politifact.com/factchecks/2020/oct/07/facebook-posts/four-years-later-theres-still-no-evidence-support-/)). All evidence explicitly refutes the allegation, leading to a final verdict of `refuted`.",True,The sources show that this claim is incorrect and is false news so the claim is refuted.
79,Anthony Weiner’s laptop contained proof Hillary Clinton & her associates are involved in child trafficking & paedophilia,REFUTED,REFUTED,"The claim is not supported by any credible evidence. While Anthony Weiner's laptop was seized by the FBI, the investigation targeted Weiner's own sexual misconduct, not Hillary Clinton or her associates. No official charges, indictments, or public statements have ever linked the laptop's contents to child trafficking or pedophilia involving Clinton. The sources for the allegation consist solely of anonymous, unverified reports from the disreputable website True Pundit and an online forum. Credible news organizations did not report the claim, and PolitiFact rated it ""Pants on Fire,"" explicitly calling it a rumor or hoax [PolitiFact](https://www.politifact.com/factchecks/2016/nov/04/conservative-daily-post/evidence-ridiculously-thin-sensational-claim-huge-/). The FBI itself declined to confirm any such investigation. Therefore, the claim is false.",True,The FBI cleared Hilary Clinton of the charges
80,"“Red-tagging” is a term invented by the Communist Party of the Philippines, the New People's Army, and the National Democratic Front (CPP-NPA-NDF).",REFUTED,REFUTED,"The term ""red-tagging"" is a well-documented, long-standing practice used by state actors against alleged communists, with historical roots in the 1950s Philippines and parallels to McCarthyism, not a term invented by the CPP-NPA-NDF. Multiple sources, such as [Wikipedia](https://www.wikiwand.com/en/Red-tagging_in_the_Philippines) and the [BBC](https://www.bbc.co.uk/news/world-asia-54144623), describe it as a government-led tactic used against left-leaning individuals and groups, and no evidence was found that the CPP-NPA-NDF coined the term. The claim's author, Lorraine Badoy, provided no supporting evidence for her assertion during a Senate budget hearing.",True,"“Red-tagging” has been in existence before  CPP-NPA-NDF were founded. 

The word ''Red-tagging'' was used in a US document dating back to 1947. And the CPP-NPA-NDF were founded in December 26, 1968. "
81,"NBC News Kristen Welker gave thousands of dollars to Obama, Clinton and Biden, is registered as a Democrat & her family spent Christmas with the Obamas at the White House.",CONFLICTING,REFUTED,"The fact-check found that the claim is largely inaccurate. The donations attributed to Kristen Welker were actually made by her parents, not by her personally ([source](https://nypost.com/2020/10/17/kristen-welker-next-debate-moderator-has-deep-democrat-ties/)). While she was a registered Democrat in the past (2004 in Rhode Island, 2012 in Washington, D.C.), she is currently registered with no party in D.C. ([source](https://www.hollywoodreporter.com/news/politics-news/president-trump-calls-next-debate-moderator-kristen-welker-terrible-and-unfair-4078617/)). The report that her family spent Christmas with the Obamas in 2012 is supported by a news article ([source](https://nypost.com/2020/10/17/kristen-welker-next-debate-moderator-has-deep-democrat-ties/)), but this does not offset the false statements about donations and current party affiliation. Therefore, the overall claim is refuted.",False,"Q2 shows that the person named in the claim did donate money to the people named in the claim, but at lesser amounts than claimed.
Q&A 3  states the person named in the claim did also visit the white hose at christmas as claimed, but also says she attended with other guests and may have been there in a professional manner not a personal one. so some facts are similar to as claimed, whilst others are taken out of context.
"
82,In the US lockdowns are partly responsible for excess deaths not directly attributed to COVID-19 which were observed in 2020.,NEI,SUPPORTED,"The fact-check found that in the US, excess deaths not directly attributed to COVID-19 in 2020 were substantial—33% of ~225,530 excess deaths per a [JAMA study](https://jamanetwork.com/journals/jama/fullarticle/2771761) and ~100,947 per the [CDC](https://www.cdc.gov/mmwr/volumes/69/wr/pdfs/mm6942e2-H.pdf). A [medRxiv study](https://www.medrxiv.org/content/10.1101/2020.06.26.20098434v1.full) directly documents a mechanism linking lockdowns to these deaths: a 43.8% reduction in acute medical admissions and more than double the risk of in-hospital death from delayed care for time-sensitive conditions like heart attacks. Other sources note that non-COVID excess deaths could reflect pandemic disruptions, including stay-at-home orders, but do not isolate lockdown effects from other pandemic factors. While no rigorous causal analysis separates lockdowns from broader pandemic impacts, the documented pathway via delayed medical care supports the claim that lockdowns were partly responsible. Thus, the claim is **supported**.",False,The Q&A's only mention excess death due to covid and so no data for other causes such as the claimed 'lockdowns' so more evidence is needed.
83,"Pennsylvania US rejects 372,000 mail-in ballots.",REFUTED,REFUTED,"The fact-check reveals that Pennsylvania rejected 372,000 **requests** for mail-in ballots, not the ballots themselves; over 90% of these were duplicate applications ([ProPublica](https://www.propublica.org/article/pennsylvanias-rejection-of-372-000-ballot-applications-bewilders-voters-and-strains-election-staff), [The Philadelphia Inquirer](https://www.inquirer.com/politics/election/pennsylvania-mail-ballot-rejections-duplicate-applications-20201016.html)). The claim falsely labels these as rejected ballots, misrepresenting the data. The verdict is therefore refuted.",True,It was applications that were rejected and not actual ballots.
84,It's unclear how Joe Biden acquired his recent wealth since leaving office in 2017,REFUTED,REFUTED,"Publicly available tax returns and financial disclosures, along with credible media reports from the [Associated Press](https://www.bostonglobe.com/news/politics/2019/07/09/biden-earned-millions-after-leaving-white-house-financial-disclosures-show/YDpLcGshpG7pJNzrTTRgWO/story.html), [Forbes](https://www.forbes.com/sites/michelatindera/2019/07/10/bidens-made-nearly-twice-as-much-in-2017-than-previous-19-years-combined/), and [VOA](https://www.voanews.com/a/usa_us-politics_biden-and-wife-made-more-15m-after-leaving-office/6171514.html), document that Joe Biden’s post‑2017 wealth came from transparent sources: approximately $13.2 million from book deals, over $2.4 million from speaking engagements, and about $775,000 from a professorship at the University of Pennsylvania, with Jill Biden contributing at least $700,000 from her own speaking fees. No undisclosed or mysterious income sources were found, and no official investigations were necessary because the earnings are fully accounted for in his [publicly filed tax returns and financial disclosure forms](http://www.disclosures.org/joe-biden-financial-disclosures/). Thus, the claim that his wealth accumulation is “unclear” is refuted.",True,He made $15.6 million in the 2 years after he left office mostly through speaking fees 
85,India's Congress party candidate Maskoor Usmani installed Jinnah's portrait at AMU.,REFUTED,REFUTED,"The portrait of Muhammad Ali Jinnah has been a historical fixture at Aligarh Muslim University’s students’ union hall since 1938, when Jinnah was granted life membership—long before any involvement by Maskoor Usmani. The university administration (spokesperson Shafey Kidwai and Vice Chancellor Tariq Mansoor) explicitly stated that Usmani did not install it, and Usmani himself denied the allegation, calling it a “blatant lie.” No photographic, video, or eyewitness evidence supports the claim, and the only outlet that reported it (AajTak) was found false by fact-checkers. The claim is therefore contradicted by all available evidence. [Source](https://www.thequint.com/news/webqoof/aajtaks-claim-that-maskoor-usmani-hung-jinnah-portrait-at-amu-is-false)",True,"The portrait of Jinnah has been on display at AMU since 1938, so India's Congress party candidate Maskoor Usmani could not have installed it. Hence, the claim is refuted."
86,"Donald Trump Jr. said, “My father doesn’t need to rape women. It’s more likely a woman would rape him. That’s how popular he is.”",REFUTED,NEI,"The fact-check found no evidence to support the claim. Searches of a [Daily Beast article](https://www.thedailybeast.com/donald-trump-jr-metoo-makes-me-fear-more-for-my-sons-than-my-daughters) and a [Los Angeles Times article](https://www.latimes.com/world-nation/story/2019-10-20/donald-trump-jr-provocateur-preacher-father) did not yield the quoted statement, nor any official transcripts or verified social media archives containing it. With neither supporting nor refuting documentation available, there is insufficient information to determine whether Donald Trump Jr. made the remark.",False,no reliable source has been provided.
87,"Hyderabad Metropolitan Water Supply and Sewerage Board (HMWSSB) is delivering 1kg bleaching powder, chlorine tablets to people’s doorsteps",SUPPORTED,NEI,"The fact-check record contains no evidence, sources, or analysis—only a placeholder ""Initial Q&A"" with no substantive information. Without any documentation to support or refute the claim that HMWSSB delivered bleaching powder and chlorine tablets to doorsteps on October 16, 2020, it is impossible to evaluate the claim's accuracy. The verdict is **not enough information**.",False,Seems that chlorine is indeed being handed out. Therefore the claim is supported 
88,A man who received four ballot applications votes four times in the 2020 election.,REFUTED,REFUTED,"The fact-check found that the claim refers to Ralph Shicatano, who requested a mail-in ballot but voted in person without submitting it, and there is no evidence he voted multiple times. The source explicitly states he ""did not vote by mail"" and only voted once using a machine ([PennCapital-Star](https://www.penncapital-star.com/government-politics/trump-campaign-cites-republican-candidate-proof-of-mail-in-voter-fraud-in-pennsylvania/)). No mention of four ballot applications or four votes exists in the evidence, and no charges were filed. The claim is directly contradicted by the recorded information.",True,It seems from the QAs that counting votes twice is illegal. Therefore the claim is refuted 
89,"Most deaths in the 1918 influenza pandemic originated from bacterial pneumonia caused by face masks and that Dr Anthony Fauci, the US government’s top expert in the fight against Covid-19, knew about it.",REFUTED,REFUTED,"The claim is refuted. Peer-reviewed research consistently shows that the vast majority of deaths in the 1918 influenza pandemic resulted from secondary bacterial pneumonia following influenza virus infection, not from face masks [New Scientist](https://www.newscientist.com/article/dn14458-bacteria-were-the-real-killers-in-1918-flu-pandemic/) [NIH](https://www.nih.gov/news-events/news-releases/bacterial-pneumonia-caused-most-deaths-1918-influenza-pandemic). A 2008 study co-authored by Dr. Anthony Fauci confirmed that more than 90% of deaths were due to bacterial pneumonia after the virus damaged the respiratory tract [CIDRAP](https://www.cidrap.umn.edu/influenza-vaccines/study-bacterial-pneumonia-was-main-killer-1918-flu-pandemic). No evidence links mask-wearing to increased bacterial pneumonia; the complication occurred regardless of mask use [NIH](https://www.nih.gov/news-events/news-releases/bacterial-pneumonia-caused-most-deaths-1918-influenza-pandemic). Furthermore, Fauci’s research and public health guidance do not implicate face masks as a cause of death [JSTOR](https://daily.jstor.org/anthony-s-fauci-on-pandemic-preparedness/). The claim therefore has no factual basis.",True,"there is no evidence this happened in 1918, and no evidence that mask wearing causes bacterial pneumonia. "
90,"BJP MP Kirron Kher Said ""Rape Is A Part Of Indian Culture And It Can't Be Stopped""",REFUTED,REFUTED,"The claim is false: Kirron Kher never said ""Rape Is A Part Of Indian Culture And It Can't Be Stopped."" Her actual remarks from a 2018 interview, verified by [India Today](https://www.indiatoday.in/fact-check/story/fact-check-kirron-kher-didn-t-say-rapes-cannot-be-stopped-as-it-s-part-of-our-culture-1731299-2020-10-13) and [Times of India](https://m.timesofindia.com/times-fact-check/news/fake-alert-bjp-mp-kirron-kher-didnt-say-rape-is-part-of-indian-culture/articleshow/78687624.cms), were that ""rapes have been happening for long in India"" and that the solution requires changing societal mindsets and awarding the death penalty to rapists. The attributed quote is a distortion, and no verified video or audio of the alleged statement exists.",True,The MP has said comments about rape but not the phrase that it can not be stopped. The claim was also on a Facebook page that spreads fake news.
91,"A message will be sent to your phone claiming to show that the Covid19 curve is flattening in India, But It will contain a malicious file",REFUTED,REFUTED,"The claim was investigated by the fact-checking organization BOOM Live, which found the viral warning to be a hoax, following the pattern of previous WhatsApp hoaxes with no actual malware involved [BOOM Live](https://www.boomlive.in/fast-check/hoax-message-claims-india-is-doing-it-video-will-hack-your-phone-10210). While India’s CERT-IN issued a notice about a separate WhatsApp vulnerability, no verified reports or documented incidents exist of a malicious file being attached to messages about the COVID-19 curve in October 2020 [The Quint](https://www.thequint.com/news/webqoof/india-is-doing-it-video-will-hack-your-phone-hoax-message). Thus, the claim is refuted.",True,QA pairs state it is fake.
92,US Sen Kamala Harris failed the bar exam  (qualifying examination for lawyers)on her first attempt,SUPPORTED,SUPPORTED,"Kamala Harris graduated from UC Hastings College of Law in 1989 and sat for the California Bar Exam that same year, failing on her first attempt [\[JD Advising\]](https://jdadvising.com/did-kamala-harris-fail-the-bar-exam/) before passing on her second try [\[Distractify\]](https://www.distractify.com/p/did-kamala-harris-fail-the-bar-exam). This information is supported by credible pre-2020 sources, including a 2017 *ABA for Law Students* article referenced in the Distractify report, with no contradictory evidence.",True,Answer is supported by the source - that U.S. Sen Kamala Harris did fail her first bar exam. 
93,US Judge Amy Coney Barrett graduated at the top of her law school class at Notre Dame Law School,SUPPORTED,SUPPORTED,"Amy Coney Barrett earned her J.D., summa cum laude, from Notre Dame Law School, where she was officially recognized as the No. 1 student in her class, receiving the Hoynes Prize—the law school’s highest honor ([source](https://news.nd.edu/news/notre-dame-law-school-professor-barrett-nominated-to-us-supreme-court/)). This ranking is further confirmed by her official biography ([source](https://works.bepress.com/amy_barrett/)), and no evidence contradicts her status as the top graduate. Therefore, the claim is fully supported.",True,Judge Amy Coney Barrett graduated at the top of her law school class
94,"Saved by the Bell actor, Dustin Diamond died in a prison riot.",REFUTED,REFUTED,"Dustin Diamond died on February 1, 2021 from stage 4 lung cancer, not in a prison riot as the hoax claimed. Multiple sources confirm his cause of death ([TMZ](https://www.tmz.com/people/dustin-diamond/), [The Standard](https://www.standard.co.uk/topic/dustin-diamond)), and Snopes explicitly debunked the prison‑riot story as a hoax ([Snopes](https://www.snopes.com/fact-check/dustin-diamond-murder/)). Additionally, Diamond served a jail sentence in 2016 and was released early, with no record of any subsequent incarceration or riot involvement ([E! News](https://www.eonline.com/news/731763/dustin-diamond-begins-his-4-month-jail-sentence-for-bar-stabbing)).",True,"According to the answers source information the actor Duston Diamond died at a date later than that quoted in the metadata, and of Stage 4 small cell carcinoma, not in a prison riot."
95,Controversial abortion methods are allowed under New Zealand's Abortion Legislation Act (2020).,REFUTED,SUPPORTED,"The claim is supported because the Abortion Legislation Act 2020 removed previous legal restrictions on specific controversial abortion methods, explicitly including intact dilation and extraction (partial-birth abortions) [Source: https://righttolife.org.uk/news/nz-pm-rushes-worlds-most-extreme-abortion-law-into-law-while-country-distracted-with-pandemic]. While the Act does not name any methods in its text, the absence of prohibitions means these methods are legally permitted [Source: https://simple.wikipedia.org/wiki/Abortion_Legislation_Act_2020]. The Act includes conscience clauses and a requirement for a health practitioner assessment after 20 weeks, but these do not specifically ban the methods [Source: https://en.wikipedia.org/wiki/Abortion_Legislation_Act_2020].",False,The answers and credible sources show that they do not have controversial abortion methods so the claim is refuted.
96,"Commission on Human Rights (CHR) Chairman Chito Gascon called a “surprise military attack” by the Philippine Army,  conducted on members of the New People’s Army (NPA) a “violation of human rights.”",REFUTED,NEI,"The claim that CHR Chairman Chito Gascon called a Philippine Army attack on NPA members a human rights violation cannot be verified due to a complete lack of credible evidence. The sole source, Pinoy News Center, explicitly disclaims responsibility for accuracy and lacks editorial oversight ([source](https://pinoynewscenter.blogspot.com/2020/08/shocking-sabwatan-nina-noynoy-at-risa.html)). No primary source—such as an official CHR statement or a reliable news report—was provided to confirm Gascon made the statement, and the legal status of NPA members under international humanitarian law remains unclear. Therefore, the verdict is **not enough information**.",False,The answers show that the page is a fake news site so the claim is refuted.
97,IMAGE CLAIMS DONALD TRUMP CURRENTLY FACES A COURT CASE FOR ALLEGEDLY SEXUALLY ASSAULTING A 13-YEAR-OLD,REFUTED,REFUTED,"The only relevant lawsuit—filed in 2016 under the pseudonym ""Katie Johnson"" in New York state court alleging sexual assault of a 13-year-old—was voluntarily dismissed in November 2016, years before the claim date of October 14, 2020 ([The Dispatch](https://thedispatch.com/article/is-donald-trump-facing-a-court-case/)). No active court case existed on that date, and the claim that Trump “currently faces” such a case is therefore false ([Courthouse News](https://www.courthousenews.com/rape-allegations-refiled-against-trump/)).",True,Answer states trump attended no such court appearance and a case was dropped in 2016 which was similar.
98,The iPhone 12 won’t come with earphones and a charging adapter.,SUPPORTED,SUPPORTED,"Apple officially announced on October 14, 2020, that the iPhone 12 series would not include a charging adapter [source](https://ijunkie.com/iphone-12-does-not-ship-charger-earphones-in-box/), and its product page confirmed that neither EarPods nor a power adapter are included [source](https://www.macrumors.com/2020/10/13/iphone-12-ships-without-earpods-or-charger/). The retail box was reported to contain only the phone and a USB‑C to Lightning cable, with no earphones or charging brick [source](https://wccftech.com/apple-iphone-12-mini-and-iphone-12-pro-max-retail-box-contents/). This marked a departure from previous models, which had included both accessories [source](https://techcrunch.com/2020/10/13/iphones-wont-come-with-headphones-or-power-adapters-in-the-box-from-now-on/). No evidence contradicts these findings, fully supporting the claim.",True,"Evidence shows that Apple has removed the earphones and a charging adapter from Iphone 12 boxes to reduce carbon emissions and cut back on the mining and use of materials used to make these items. Hence, the claim is supported."
99,New Zealand's Abortion Legislation Act (2020) does not make it a legal requirement that babies born alive after an abortion are given medical support.,REFUTED,SUPPORTED,"The Abortion Legislation Act 2020 contains no provision requiring medical support for babies born alive after an abortion. A proposed amendment that would have imposed such a duty was explicitly rejected during the legislative process [Wikipedia](https://en.wikipedia.org/wiki/Abortion_Legislation_Act_2020), and the Act as passed includes no such clause. Prior to the Act, there was no specific legal duty of this kind, and the Act did not introduce one [Right To Life UK](https://righttolife.org.uk/news/nz-pm-jacinda-ardern-votes-against-born-alive-amendment). Thus, the claim is directly supported by the evidence.",False,The answer and source show that the claim is not correct so it is refuted.
