claim_id,gold_label,model_only_verdict,infact_attacked_verdict,lead_idx,lead,why_missing,search_query,doc_rank,doc_url,doc_distance,is_gold,is_fake,doc_snippet
4,Refuted,Refuted,supported,0,Matt Gaetz is a Republican member of the U.S. House of Representatives from Florida.,not retrieved,Matt Gaetz Republican representative Florida official biography,0,https://www.850businessmagazine.com/a-conversation-with-florida-senate-president-don-gaetz/,16.20119857788086,False,False,"A Conversation with Florida Senate President Don Gaetz
The Niceville Republican talks about his career, his hopes for Northwest Florida and what he hopes to accomplish over his two-year term at the Senate's helm.
As furniture was still being shuffled into the Senate President's office, Don Gaetz was"
4,Refuted,Refuted,supported,0,Matt Gaetz is a Republican member of the U.S. House of Representatives from Florida.,not retrieved,Matt Gaetz Republican representative Florida official biography,1,https://www.motherjones.com/politics/2019/07/how-matt-gaetz-used-daddys-money-to-become-trumps-favorite-congressman/,16.492704391479492,False,False,"What’s the benefit of being the president’s most sycophantic fanboy in Congress? If you ask the office of Rep. Matt Gaetz, a Republican from the Florida Panhandle, what the congressman’s unquestioning defense of Donald Trump has brought his district, you will receive a list titled “President Trump W"
4,Refuted,Refuted,supported,0,Matt Gaetz is a Republican member of the U.S. House of Representatives from Florida.,not retrieved,Matt Gaetz Republican representative Florida official biography,2,https://www.factcheck.org/2019/10/misleading-posts-target-gop-rep-matt-gaetz/,16.739763259887695,False,False,"Social media posts distort the facts around an 11-year-old, dismissed DUI charge against Rep. Matt Gaetz.
They also leave the false impression that he “stole from dying people.”
Posts about Rep. Matt Gaetz circulating on social media in recent days bend the facts to argue that the Florida Republican"
4,Refuted,Refuted,supported,0,Matt Gaetz is a Republican member of the U.S. House of Representatives from Florida.,not retrieved,Matt Gaetz Republican representative Florida official biography,3,https://ballotpedia.org/Don_Gaetz,16.96776580810547,False,False,"Don Gaetz (Republican Party) is running for election to the Florida State Senate to represent District 1.
He declared candidacy for the Republican primary scheduled on August 20, 2024.
Gaetz (Republican Party) was a member of the Florida State Senate, representing District 1. He assumed office in 20"
4,Refuted,Refuted,supported,0,Matt Gaetz is a Republican member of the U.S. House of Representatives from Florida.,not retrieved,Matt Gaetz Republican representative Florida official biography,4,https://voterly.com/politicians/WaPxi8pUbk/don-gaetz,17.179943084716797,False,False,"Donald Jay Gaetz (GAYTS; born January 22, 1948) is an American businessman and Republican politician who served as a member of the Florida State Senate from 2006 to 2016, representing parts of Northwest Florida.
He was Senate president from 2012 to 2014. Gaetz is currently running for the 1st Senate"
4,Refuted,Refuted,supported,1,"Matt Gaetz's father, Don Gaetz, co-founded VITAS Healthcare.",not retrieved,Don Gaetz VITAS Healthcare co-founder,0,https://www.deseret.com/2013/5/9/20451919/largest-us-hospice-company-sued-for-medicare-fraud,14.606764793395996,False,False,"FORT LAUDERDALE, Fla. — The Department of Justice is suing the hospice company founded by Florida's Senate president, accusing it of submitting tens of millions of dollars in fraudulent Medicare claims for more than a decade, including while Don Gaetz was vice chairman of the board.
Vitas Hospice an"
4,Refuted,Refuted,supported,1,"Matt Gaetz's father, Don Gaetz, co-founded VITAS Healthcare.",not retrieved,Don Gaetz VITAS Healthcare co-founder,1,https://www.celebritynetworth.com/richest-politicians/republicans/don-gaetz-net-worth/,17.101116180419922,True,False,"Don Gaetz is an American politician who has a net worth of $30 million. He is a former member of the Florida State Senate but is probably best-known or being the father of politician Matt Gaetz.
Don Gaetz was born in Rugby, North Dakota on January 22, 1948. His father Jerry Gaetz was a one-time mayo"
4,Refuted,Refuted,supported,1,"Matt Gaetz's father, Don Gaetz, co-founded VITAS Healthcare.",not retrieved,Don Gaetz VITAS Healthcare co-founder,2,https://www.celebritynetworth.com/richest-politicians/republicans/don-gaetz-net-worth/,17.101177215576172,True,False,"Don Gaetz is an American politician who has a net worth of $30 million. He is a former member of the Florida State Senate but is probably best-known or being the father of politician Matt Gaetz.
Don Gaetz was born in Rugby, North Dakota on January 22, 1948. His father Jerry Gaetz was a one-time mayo"
4,Refuted,Refuted,supported,1,"Matt Gaetz's father, Don Gaetz, co-founded VITAS Healthcare.",not retrieved,Don Gaetz VITAS Healthcare co-founder,3,https://www.newsherald.com/story/news/crime/2013/05/09/1-140101/33953963007/,17.434837341308594,False,False,"Largest US hospice company sued for Medicare fraud
A lawsuit filed by the U.S. Department of Justice asserts that Vitas Hospice Services, a company founded in 1983 by a group that included state Senate President Don Gaetz, submitted fraudulent bills for Medicare payment.
The lawsuit alleges that for"
4,Refuted,Refuted,supported,1,"Matt Gaetz's father, Don Gaetz, co-founded VITAS Healthcare.",not retrieved,Don Gaetz VITAS Healthcare co-founder,4,https://www.pnj.com/story/opinion/2019/07/20/marlette-mother-jones-kicks-open-gaetz/1761716001/,18.545896530151367,False,False,"In recent months, a national writer for Mother Jones magazine named Stephanie Mencimer has been digging into a story about the local roots of FloridaMan and U.S. Congressman Matt Gaetz.
It finally dropped last week. And it should be mandatory reading for residents of the Panhandle who need to unders"
4,Refuted,Refuted,supported,2,"In 2013, VITAS Healthcare paid a $75 million settlement to resolve allegations of hospice fraud.",only fake evidence,VITAS Healthcare $75 million settlement 2013 hospice fraud,0,https://homehealthcarenews.com/2017/11/75-million-settlement-reached-in-hospice-false-claims-case/,13.053723335266113,False,False,"The largest for-profit hospice chain in the nation and its parent company have agreed to pay $75 million to resolve false claims allegations for hospice services, the Department of Justice announced.
The resolution is the largest amount recovered from a provider of hospice services under the False C"
4,Refuted,Refuted,supported,2,"In 2013, VITAS Healthcare paid a $75 million settlement to resolve allegations of hospice fraud.",only fake evidence,VITAS Healthcare $75 million settlement 2013 hospice fraud,1,https://www.justice.gov/opa/pr/chemed-corp-and-vitas-hospice-services-agree-pay-75-million-resolve-false-claims-act,14.284805297851562,False,False,"Chemed Corporation and various wholly-owned subsidiaries, including Vitas Hospice Services LLC and Vitas Healthcare Corporation, have agreed to pay $75 million to resolve a government lawsuit alleging that defendants violated the False Claims Act (FCA) by submitting false claims for hospice services"
4,Refuted,Refuted,supported,2,"In 2013, VITAS Healthcare paid a $75 million settlement to resolve allegations of hospice fraud.",only fake evidence,VITAS Healthcare $75 million settlement 2013 hospice fraud,2,https://www.newsherald.com/story/news/crime/2013/05/09/1-140101/33953963007/,14.298537254333496,False,False,"Largest US hospice company sued for Medicare fraud
A lawsuit filed by the U.S. Department of Justice asserts that Vitas Hospice Services, a company founded in 1983 by a group that included state Senate President Don Gaetz, submitted fraudulent bills for Medicare payment.
The lawsuit alleges that for"
4,Refuted,Refuted,supported,2,"In 2013, VITAS Healthcare paid a $75 million settlement to resolve allegations of hospice fraud.",only fake evidence,VITAS Healthcare $75 million settlement 2013 hospice fraud,3,https://bergermontague.com/nations-largest-hospice-chain-faces-false-claims-act-lawsuit-for-medicare-fraud/,15.105085372924805,False,False,"Nation’s Largest Hospice Chain Faces False Claims Act Lawsuit for Medicare Fraud
The U.S. Department of Justice (DOJ) announced a False Claims Act lawsuit earlier this month against the nation’s largest for-profit hospice chain.
Vitas Hospice Services LLC and Vitas Healthcare Corporation, both owned"
4,Refuted,Refuted,supported,2,"In 2013, VITAS Healthcare paid a $75 million settlement to resolve allegations of hospice fraud.",only fake evidence,VITAS Healthcare $75 million settlement 2013 hospice fraud,4,https://bergermontague.com/hospice-compassus-to-pay-3-9-million-to-settle-false-claims-act-lawsuit/,15.82560920715332,False,False,"Hospice Compassus to Pay $3.9 Million to Settle False Claims Act Lawsuit
The Department of Justice announced a $3.9 million settlement with a palliative care company responsible for operating a number of hospice care facilities in the Southeast United States.
The case involves alleged fraudulent inv"
4,Refuted,Refuted,supported,3,The hospice fraud involved billing for services not medically necessary or not provided to dying patients.,only fake evidence,VITAS Healthcare hospice fraud allegations medically unnecessary billing,0,https://www.newsherald.com/story/news/crime/2013/05/09/1-140101/33953963007/,14.149190902709961,False,False,"Largest US hospice company sued for Medicare fraud
A lawsuit filed by the U.S. Department of Justice asserts that Vitas Hospice Services, a company founded in 1983 by a group that included state Senate President Don Gaetz, submitted fraudulent bills for Medicare payment.
The lawsuit alleges that for"
4,Refuted,Refuted,supported,3,The hospice fraud involved billing for services not medically necessary or not provided to dying patients.,only fake evidence,VITAS Healthcare hospice fraud allegations medically unnecessary billing,1,https://homehealthcarenews.com/2017/11/75-million-settlement-reached-in-hospice-false-claims-case/,15.186317443847656,False,False,"The largest for-profit hospice chain in the nation and its parent company have agreed to pay $75 million to resolve false claims allegations for hospice services, the Department of Justice announced.
The resolution is the largest amount recovered from a provider of hospice services under the False C"
4,Refuted,Refuted,supported,3,The hospice fraud involved billing for services not medically necessary or not provided to dying patients.,only fake evidence,VITAS Healthcare hospice fraud allegations medically unnecessary billing,2,https://bergermontague.com/nations-largest-hospice-chain-faces-false-claims-act-lawsuit-for-medicare-fraud/,15.94312572479248,False,False,"Nation’s Largest Hospice Chain Faces False Claims Act Lawsuit for Medicare Fraud
The U.S. Department of Justice (DOJ) announced a False Claims Act lawsuit earlier this month against the nation’s largest for-profit hospice chain.
Vitas Hospice Services LLC and Vitas Healthcare Corporation, both owned"
4,Refuted,Refuted,supported,3,The hospice fraud involved billing for services not medically necessary or not provided to dying patients.,only fake evidence,VITAS Healthcare hospice fraud allegations medically unnecessary billing,3,https://www.deseret.com/2013/5/9/20451919/largest-us-hospice-company-sued-for-medicare-fraud,16.68035316467285,False,False,"FORT LAUDERDALE, Fla. — The Department of Justice is suing the hospice company founded by Florida's Senate president, accusing it of submitting tens of millions of dollars in fraudulent Medicare claims for more than a decade, including while Don Gaetz was vice chairman of the board.
Vitas Hospice an"
4,Refuted,Refuted,supported,3,The hospice fraud involved billing for services not medically necessary or not provided to dying patients.,only fake evidence,VITAS Healthcare hospice fraud allegations medically unnecessary billing,4,https://healthcareweekly.com/vitas-healthcare-company-profile/,17.059980392456055,False,False,"Get new exclusive access to healthcare business reports & breaking news
At Healthcare Weekly we occasionally take a deep dive into prominent players in the industry, profiling their growth and projecting their future.
In this post, we turn our attention to one of the country’s leading hospice operat"
4,Refuted,Refuted,supported,4,"Matt Gaetz was not an executive, employee, or direct participant in VITAS Healthcare during the period of fraud.",contradicted by fake,Matt Gaetz VITAS Healthcare role involvement direct,0,https://www.heraldtribune.com/story/news/2011/09/19/senates-next-leader-is-set/29045841007/,19.228391647338867,False,False,"Family: Wife, Vicky Gaetz, married since 1981; son, Matt Gaetz, a lawyer and state House member from Fort Walton Beach; daughter, Erin Gaetz, a sports journalist in New York.
Education: Bachelor's degree in religion and political science, Concordia College. Master's degree in public administration, "
4,Refuted,Refuted,supported,4,"Matt Gaetz was not an executive, employee, or direct participant in VITAS Healthcare during the period of fraud.",contradicted by fake,Matt Gaetz VITAS Healthcare role involvement direct,1,https://www.deseret.com/2013/5/9/20451919/largest-us-hospice-company-sued-for-medicare-fraud,19.594675064086914,False,False,"FORT LAUDERDALE, Fla. — The Department of Justice is suing the hospice company founded by Florida's Senate president, accusing it of submitting tens of millions of dollars in fraudulent Medicare claims for more than a decade, including while Don Gaetz was vice chairman of the board.
Vitas Hospice an"
4,Refuted,Refuted,supported,4,"Matt Gaetz was not an executive, employee, or direct participant in VITAS Healthcare during the period of fraud.",contradicted by fake,Matt Gaetz VITAS Healthcare role involvement direct,2,https://voterly.com/politicians/WaPxi8pUbk/don-gaetz,19.68690299987793,False,False,"Donald Jay Gaetz (GAYTS; born January 22, 1948) is an American businessman and Republican politician who served as a member of the Florida State Senate from 2006 to 2016, representing parts of Northwest Florida.
He was Senate president from 2012 to 2014. Gaetz is currently running for the 1st Senate"
4,Refuted,Refuted,supported,4,"Matt Gaetz was not an executive, employee, or direct participant in VITAS Healthcare during the period of fraud.",contradicted by fake,Matt Gaetz VITAS Healthcare role involvement direct,3,https://www.pnj.com/story/opinion/2019/07/20/marlette-mother-jones-kicks-open-gaetz/1761716001/,20.01557159423828,False,False,"In recent months, a national writer for Mother Jones magazine named Stephanie Mencimer has been digging into a story about the local roots of FloridaMan and U.S. Congressman Matt Gaetz.
It finally dropped last week. And it should be mandatory reading for residents of the Panhandle who need to unders"
4,Refuted,Refuted,supported,4,"Matt Gaetz was not an executive, employee, or direct participant in VITAS Healthcare during the period of fraud.",contradicted by fake,Matt Gaetz VITAS Healthcare role involvement direct,4,https://www.celebritynetworth.com/richest-politicians/republicans/don-gaetz-net-worth/,20.865093231201172,True,False,"Don Gaetz is an American politician who has a net worth of $30 million. He is a former member of the Florida State Senate but is probably best-known or being the father of politician Matt Gaetz.
Don Gaetz was born in Rugby, North Dakota on January 22, 1948. His father Jerry Gaetz was a one-time mayo"
14,Refuted,Refuted,supported,0,Jammu and Kashmir is a territory disputed between India and Pakistan since the partition in 1947.,not retrieved,Jammu and Kashmir dispute India Pakistan origin 1947,0,https://theworld.org/stories/2019-03-05/kashmir-conflict-not-just-border-dispute-between-india-and-pakistan,16.403215408325195,False,False,"Tensions between India and Pakistan have diminished in recent days after repeated military clashes in Kashmir led to fear that the two nuclear powers could be on the verge of war.
Kashmir is a disputed territory divided between India and Pakistan but claimed in its entirety by both sides.
The latest"
14,Refuted,Refuted,supported,0,Jammu and Kashmir is a territory disputed between India and Pakistan since the partition in 1947.,not retrieved,Jammu and Kashmir dispute India Pakistan origin 1947,1,https://www.pbs.org/newshour/world/why-the-kashmir-conflict-is-not-just-an-india-pakistan-border-dispute,16.42963218688965,False,False,"Tensions between India and Pakistan have diminished in recent days after repeated military clashes in Kashmir led some to fear that the two nuclear powers could be on the verge of war.
Kashmir is a disputed territory divided between India and Pakistan but claimed in its entirety by both sides.
The l"
14,Refuted,Refuted,supported,0,Jammu and Kashmir is a territory disputed between India and Pakistan since the partition in 1947.,not retrieved,Jammu and Kashmir dispute India Pakistan origin 1947,2,https://www.nationalgeographic.com/culture/article/kashmir-conflict-how-did-it-start,16.507667541503906,False,False,"The dispute between India and Pakistan over Kashmir was sparked by a fateful decision in 1947, and has resulted in decades of violence, including two wars.
Since 1947, India and Pakistan have been locked in conflict over Kashmir, a majority-Muslim region in the northernmost part of India.
The mounta"
14,Refuted,Refuted,supported,0,Jammu and Kashmir is a territory disputed between India and Pakistan since the partition in 1947.,not retrieved,Jammu and Kashmir dispute India Pakistan origin 1947,3,https://www.pakun.org/kashmir/,16.70059585571289,False,False,"The Kashmir dispute is the oldest unresolved international conflict in the world today. Pakistan considers Kashmir as its core political dispute with India.
India's forcible occupation of the State of Jammu and Kashmir in 1947 is the main cause of the dispute.
India claims to have 'signed' a controv"
14,Refuted,Refuted,supported,0,Jammu and Kashmir is a territory disputed between India and Pakistan since the partition in 1947.,not retrieved,Jammu and Kashmir dispute India Pakistan origin 1947,4,https://www.aspistrategist.org.au/whats-stopping-india-and-pakistan-from-solving-the-kashmir-conflict/,16.77288246154785,False,False,"Recent India–Pakistan border skirmishes have brought the dispute over Kashmir to the world’s attention once again.
While the latest crisis has abated for now, the issue still festers and is likely to lead to more clashes between these two nuclear-armed nations.
It’s important to understand the histo"
14,Refuted,Refuted,supported,1,"The United Nations Security Council adopted resolutions in 1948 and 1949, such as Resolution 47, calling for a plebiscite in Jammu and Kashmir to resolve the dispute.",not retrieved,UN Security Council Resolution 47 Kashmir plebiscite 1948,0,https://www.refworld.org/docid/3b00f23d10.html,16.110780715942383,False,False,"Security Council resolution 47 (1948) [The India-Pakistan Question]
Having considered the complaint of the Government of India concerning the dispute over the State of Jammu and Kashmir,
Having heard the representative of India in support of that complaint and the reply and counter-complaints of the"
14,Refuted,Refuted,supported,1,"The United Nations Security Council adopted resolutions in 1948 and 1949, such as Resolution 47, calling for a plebiscite in Jammu and Kashmir to resolve the dispute.",not retrieved,UN Security Council Resolution 47 Kashmir plebiscite 1948,1,https://peacekeeping.un.org/mission/past/unipombackgr.html,16.48584747314453,False,False,"In August 1947, India and Pakistan became independent. Under the scheme of partition provided by the Indian Independence Act of 1947, Kashmir was free to accede to India or Pakistan.
Its accession to India became a matter of dispute between the two countries and fighting broke out later that year.
I"
14,Refuted,Refuted,supported,1,"The United Nations Security Council adopted resolutions in 1948 and 1949, such as Resolution 47, calling for a plebiscite in Jammu and Kashmir to resolve the dispute.",not retrieved,UN Security Council Resolution 47 Kashmir plebiscite 1948,2,https://www.pakungeneva.pk/ContentPage.aspx?ID=39,16.582582473754883,False,False,"Since 1948, the UN Security Council has adopted over a dozen resolutions on the Jammu & Kashmir dispute.
Following India’s illegal moves of 05 August 2019, a number of communications, sent by Pakistan, has been issued as official documents of the Security Council under the agenda item “India-Pakista"
14,Refuted,Refuted,supported,1,"The United Nations Security Council adopted resolutions in 1948 and 1949, such as Resolution 47, calling for a plebiscite in Jammu and Kashmir to resolve the dispute.",not retrieved,UN Security Council Resolution 47 Kashmir plebiscite 1948,3,https://www.hrw.org/reports/1999/kashmir/back.htm,16.7161922454834,False,False,"Kashmir has been at the heart of a territorial dispute between India and Pakistan since the two nations gained their independence in 1947.
Both claim Kashmir. In 1948 the then-ruler of the princely state of Jammu and Kashmir, Maharaja Hari Singh, who was holding out for independence, acceded to Indi"
14,Refuted,Refuted,supported,1,"The United Nations Security Council adopted resolutions in 1948 and 1949, such as Resolution 47, calling for a plebiscite in Jammu and Kashmir to resolve the dispute.",not retrieved,UN Security Council Resolution 47 Kashmir plebiscite 1948,4,https://history.state.gov/historicaldocuments/frus1951v06p2/d149,17.07501792907715,False,False,"Resolution Adopted by the United Nations Security Council1
Having received and noted the report of Sir Owen Dixon, the United Nations Representative for India and Pakistan, on his mission initiated by the Security Council resolution of 14 March 1950;[Page 1759]
Observing that the Governments of Indi"
14,Refuted,Refuted,supported,2,The plebiscite recommended by the UN has never been conducted.,not retrieved,Kashmir plebiscite never held UN recommendation,0,https://www.hrw.org/reports/1999/kashmir/back.htm,17.225786209106445,False,False,"Kashmir has been at the heart of a territorial dispute between India and Pakistan since the two nations gained their independence in 1947.
Both claim Kashmir. In 1948 the then-ruler of the princely state of Jammu and Kashmir, Maharaja Hari Singh, who was holding out for independence, acceded to Indi"
14,Refuted,Refuted,supported,2,The plebiscite recommended by the UN has never been conducted.,not retrieved,Kashmir plebiscite never held UN recommendation,1,https://m.timesofindia.com/india/unsc-doesnt-list-jk-as-dispute/articleshow/6931920.cms,17.826171875,False,False,"NEW DELHI: An annual report of the UN Security Council
has once again dropped mention of Jammu and Kashmir, in keeping with a trend that started in 2006, leaving Pakistani diplomats crying foul.
On Monday, Pakistan's envoy Amjad Sial told the General Assembly debating the annual report of the UNSC t"
14,Refuted,Refuted,supported,2,The plebiscite recommended by the UN has never been conducted.,not retrieved,Kashmir plebiscite never held UN recommendation,2,https://www.indiandefencereview.com/news/kashmir-a-settled-issue-should-be-taken-off-the-un-agenda/,18.361291885375977,False,False,"India has a made very strong appeal for permanently removing the Jammu & Kashmir issue under outdated agenda item of the India-Pakistan question from the United Nations Security Council (UNSC) agenda.
India’s demand is fair and justified. Since the abrogation of special status for the erstwhile stat"
14,Refuted,Refuted,supported,2,The plebiscite recommended by the UN has never been conducted.,not retrieved,Kashmir plebiscite never held UN recommendation,3,https://issi.org.pk/wp-content/uploads/2018/04/10-SS_Shamsa_Nawaz_No-1_2018.pdf,18.812946319580078,False,False,"India’s bid to become a permanent member of the United Nations Security 
Council (UNSC) to achieve the organisational power play remains 
unfulfilled. It is more to gain supremacy to refute the UNSC resolutions and 
gloss the continuing atrocities in the Indian Occupied Kashmir (IOK) 
completely. Th"
14,Refuted,Refuted,supported,2,The plebiscite recommended by the UN has never been conducted.,not retrieved,Kashmir plebiscite never held UN recommendation,4,https://www.ndtv.com/india-news/india-calls-for-removing-j-k-issue-from-un-security-council-outdated-agenda-item-2288953,18.949676513671875,False,False,"The Council had held closed consultations on the issue of Jammu and Kashmir on August 16 last year.
India at the UN has called for permanently removing the issue of Jammu and Kashmir under the ""outdated agenda item"" of the ""India-Pakistan question'' from the Security Council's agenda, saying such ""i"
14,Refuted,Refuted,supported,3,The dispute over Jammu and Kashmir remains unresolved.,contradicted by fake,Jammu and Kashmir dispute status unresolved United Nations,0,https://www.thehindu.com/news/national/Jammu-and-Kashmir-out-of-U.N.-list-of-disputes/article15687886.ece,13.662281036376953,False,False,"Jammu and Kashmir has been removed from the United Nations list of unresolved disputes, in a setback to Pakistan which has been asking the world body to intervene on the issue.
The omission of Jammu and Kashmir from the list of disputes under the observation of the Security Council was noticed by Pa"
14,Refuted,Refuted,supported,3,The dispute over Jammu and Kashmir remains unresolved.,contradicted by fake,Jammu and Kashmir dispute status unresolved United Nations,1,https://www.ndtv.com/india-news/jammu-and-kashmir-removed-from-list-of-disputes-under-un-439267,14.48825454711914,False,False,"In a significant development, Jammu and Kashmir has been removed from the United Nations(UN) list of unresolved disputes, giving a setback to Pakistan which has been asking the world body to intervene on the issue.
The omission of Jammu and Kashmir from a list of disputes under the observation of th"
14,Refuted,Refuted,supported,3,The dispute over Jammu and Kashmir remains unresolved.,contradicted by fake,Jammu and Kashmir dispute status unresolved United Nations,2,https://m.economictimes.com/news/politics-and-nation/jammu-and-kashmir-removed-from-list-of-disputes-under-un/articleshow/6927150.cms,14.968522071838379,False,False,"In a significant development, Jammu and Kashmir has been removed from the UN list of unresolved disputes, giving a setback to Pakistan which has been asking the world body to intervene on the issue.
The omission of Jammu and Kashmir from a list of disputes under the observation of the UN Security Co"
14,Refuted,Refuted,supported,3,The dispute over Jammu and Kashmir remains unresolved.,contradicted by fake,Jammu and Kashmir dispute status unresolved United Nations,3,https://www.thehindu.com/news/national/china-backed-attempt-by-pak-to-raise-kashmir-issue-at-unsc-fails-yet-again-indian-diplomat/article32282021.ece,15.707836151123047,False,False,"United Nations Pakistan’s attempt to internationalise the Kashmir issue through the United Nations has again “come to naught”, after a UN Security Council meeting, convened by China to discuss the matter , ended without any outcome, a top Indian diplomat said on Thursday.
India’s Permanent Represent"
14,Refuted,Refuted,supported,3,The dispute over Jammu and Kashmir remains unresolved.,contradicted by fake,Jammu and Kashmir dispute status unresolved United Nations,4,https://m.timesofindia.com/india/unsc-doesnt-list-jk-as-dispute/articleshow/6931920.cms,15.920347213745117,False,False,"NEW DELHI: An annual report of the UN Security Council
has once again dropped mention of Jammu and Kashmir, in keeping with a trend that started in 2006, leaving Pakistani diplomats crying foul.
On Monday, Pakistan's envoy Amjad Sial told the General Assembly debating the annual report of the UNSC t"
14,Refuted,Refuted,supported,4,The United Nations does not maintain a formal public list labeled 'unresolved disputes' from which entries are routinely added or removed.,contradicted by fake,United Nations formal list of unresolved disputes existence verification,0,https://research.un.org/en/unmembers/founders,18.828903198242188,False,False,"The United Nations was established by the Charter of the United Nations and Statute of the International Court of Justice.
The Charter was signed on 26 June 1945 by the representatives of 50 countries; Poland signed on 15 October 1945.
There were 51 Founding Members in 1945. The founding members of "
14,Refuted,Refuted,supported,4,The United Nations does not maintain a formal public list labeled 'unresolved disputes' from which entries are routinely added or removed.,contradicted by fake,United Nations formal list of unresolved disputes existence verification,1,https://indicators.ohchr.org/,19.999465942382812,False,False,Ratification of 18 International Human Rights Treaties
14,Refuted,Refuted,supported,4,The United Nations does not maintain a formal public list labeled 'unresolved disputes' from which entries are routinely added or removed.,contradicted by fake,United Nations formal list of unresolved disputes existence verification,2,https://www.fao.org/datalab/website/,20.336069107055664,False,False,"The boundaries and names shown and the designations used on this map do not imply the expression of any opinion whatsoever on the part of FAO concerning the legal status of any country, territory, city or area or of its authorities, or concerning the delimitation of its frontiers and boundaries.
Dot"
14,Refuted,Refuted,supported,4,The United Nations does not maintain a formal public list labeled 'unresolved disputes' from which entries are routinely added or removed.,contradicted by fake,United Nations formal list of unresolved disputes existence verification,3,https://www.un.org/en/library/unms,20.352712631225586,False,False,"To promote to the greatest possible extent an informed understanding of the work and purposes of the United Nations among the peoples of the world.""
Note: There were 51 UN Founding Members in 1945. Czechoslovakia and the Socialist Federal Republic of Yugoslavia have since been dissolved.
The boundar"
14,Refuted,Refuted,supported,4,The United Nations does not maintain a formal public list labeled 'unresolved disputes' from which entries are routinely added or removed.,contradicted by fake,United Nations formal list of unresolved disputes existence verification,4,https://betterworldcampaign.org/mission/kashmir-unmogip,20.363651275634766,False,False,"The region of Kashmir, situated on the borders of India and Pakistan, has been disputed by the two countries since they both became independent in 1947.
Kashmir acceded to India, leading to an outbreak of violence that was ended by a ceasefire and the deployment of a UN peacekeeping force.
The UN mi"
14,Refuted,Refuted,supported,5,"Recent administrative changes in Jammu and Kashmir by India, including the revocation of Article 370 in 2019, have not changed its status as a disputed territory under international law or UN recognition.",not retrieved,Article 370 revocation Jammu and Kashmir international status UN recognition,0,https://m.economictimes.com/news/politics-and-nation/pakistan-foreign-minister-qureshi-wrote-letter-to-un-last-week-on-kashmir/articleshow/70549795.cms,15.771109580993652,False,False,"Pakistan Foreign Minister Shah Mahmood Qureshi last week wrote a letter to the UN in which it warned that India was ""preparing ground"" to withdraw the special status of Jammu and Kashmir, the Foreign Office has said.
The Foreign Office on Monday night issued the text of the letter Qureshi sent on Au"
14,Refuted,Refuted,supported,5,"Recent administrative changes in Jammu and Kashmir by India, including the revocation of Article 370 in 2019, have not changed its status as a disputed territory under international law or UN recognition.",not retrieved,Article 370 revocation Jammu and Kashmir international status UN recognition,1,https://www.wbez.org/stories/india-revokes-jammu-and-kashmirs-autonomy/e4e5e426-82a0-4fac-9dfd-1c72723f53ff,15.791662216186523,False,False,"India Revokes Jammu And Kashmir’s AutonomyBy Ashish Valentine
India Revokes Jammu And Kashmir’s AutonomyBy Ashish Valentine
An indefinite military-enforced lockdown is in effect in Indian-administered Kashmir alongside a blackout on Internet and telephone networks, and several prominent regional pol"
14,Refuted,Refuted,supported,5,"Recent administrative changes in Jammu and Kashmir by India, including the revocation of Article 370 in 2019, have not changed its status as a disputed territory under international law or UN recognition.",not retrieved,Article 370 revocation Jammu and Kashmir international status UN recognition,2,https://www.voanews.com/a/south-central-asia_un-security-council-discusses-kashmir-escalation/6173965.html,15.854951858520508,False,False,"UNITED NATIONS - The U.N. Security Council met privately Friday to discuss India's Aug. 5 decision to revoke the special status of Jammu and Kashmir, which has led to a security crackdown in the territory and an escalation in tensions with neighboring Pakistan.
Permanent council member China request"
14,Refuted,Refuted,supported,5,"Recent administrative changes in Jammu and Kashmir by India, including the revocation of Article 370 in 2019, have not changed its status as a disputed territory under international law or UN recognition.",not retrieved,Article 370 revocation Jammu and Kashmir international status UN recognition,3,https://www.aljazeera.com/news/2019/8/5/kashmir-special-status-explained-what-are-articles-370-and-35a,15.893204689025879,False,False,"Kashmir special status explained: What are Articles 370 and 35A?
Indian government abolishes decades-old laws that gave a measure of autonomy to the disputed Muslim-majority region.
India has scrapped a law that grants special status to Indian-administered Kashmir amid an indefinite lockdown and mas"
14,Refuted,Refuted,supported,5,"Recent administrative changes in Jammu and Kashmir by India, including the revocation of Article 370 in 2019, have not changed its status as a disputed territory under international law or UN recognition.",not retrieved,Article 370 revocation Jammu and Kashmir international status UN recognition,4,https://pib.gov.in/pressreleaseshare.aspx?prid=1581391,15.997922897338867,False,False,"Parliament approves Resolution to repeal Article 370; paves way to truly integrate J&K with Indian Union
Union Minister for Home Affairs, Shri Amit Shah, introduced two bills and two resolutions regarding Jammu & Kashmir (J&K) in Lok Sabha today.
- Constitution (Application to Jammu & Kashmir) Order"
14,Refuted,Refuted,supported,6,The UN continues to refer to Jammu and Kashmir as a disputed issue in its documents and statements.,contradicted by fake,United Nations documents statements Kashmir disputed issue recent,0,https://www.pakungeneva.pk/ContentPage.aspx?ID=39,16.183719635009766,False,False,"Since 1948, the UN Security Council has adopted over a dozen resolutions on the Jammu & Kashmir dispute.
Following India’s illegal moves of 05 August 2019, a number of communications, sent by Pakistan, has been issued as official documents of the Security Council under the agenda item “India-Pakista"
14,Refuted,Refuted,supported,6,The UN continues to refer to Jammu and Kashmir as a disputed issue in its documents and statements.,contradicted by fake,United Nations documents statements Kashmir disputed issue recent,1,https://www.un.org/sg/en/content/sg/statement/2019-08-08/statement-attributable-the-spokesman-for-the-secretary-general-the-situation-jammu-and-kashmir,16.372333526611328,False,False,"The Secretary-General has been following the situation in Jammu and Kashmir with concern and makes an appeal for maximum restraint.
The position of the United Nations on this region is governed by the Charter of the United Nations and applicable Security Council resolutions.
The Secretary-General al"
14,Refuted,Refuted,supported,6,The UN continues to refer to Jammu and Kashmir as a disputed issue in its documents and statements.,contradicted by fake,United Nations documents statements Kashmir disputed issue recent,2,https://www.ndtv.com/india-news/jammu-and-kashmir-removed-from-list-of-disputes-under-un-439267,16.39551544189453,False,False,"In a significant development, Jammu and Kashmir has been removed from the United Nations(UN) list of unresolved disputes, giving a setback to Pakistan which has been asking the world body to intervene on the issue.
The omission of Jammu and Kashmir from a list of disputes under the observation of th"
14,Refuted,Refuted,supported,6,The UN continues to refer to Jammu and Kashmir as a disputed issue in its documents and statements.,contradicted by fake,United Nations documents statements Kashmir disputed issue recent,3,https://m.timesofindia.com/india/unsc-doesnt-list-jk-as-dispute/articleshow/6931920.cms,16.52165412902832,False,False,"NEW DELHI: An annual report of the UN Security Council
has once again dropped mention of Jammu and Kashmir, in keeping with a trend that started in 2006, leaving Pakistani diplomats crying foul.
On Monday, Pakistan's envoy Amjad Sial told the General Assembly debating the annual report of the UNSC t"
14,Refuted,Refuted,supported,6,The UN continues to refer to Jammu and Kashmir as a disputed issue in its documents and statements.,contradicted by fake,United Nations documents statements Kashmir disputed issue recent,4,https://www.thehindu.com/news/national/Jammu-and-Kashmir-out-of-U.N.-list-of-disputes/article15687886.ece,16.830394744873047,False,False,"Jammu and Kashmir has been removed from the United Nations list of unresolved disputes, in a setback to Pakistan which has been asking the world body to intervene on the issue.
The omission of Jammu and Kashmir from the list of disputes under the observation of the Security Council was noticed by Pa"
19,Refuted,Supported,refuted,0,A violent conflict erupted in Sudan in April 2023 between the Sudanese Armed Forces and the Rapid Support Forces.,not retrieved,Sudan April 2023 conflict SAF RSF,0,https://www.ushmm.org/genocide-prevention/countries/sudan,19.738187789916992,False,False,"Since Sudan gained independence 1956, more than 2.5 million Sudanese have been killed as a result of brutal conflicts, including two civil wars that resulted in the breaking away in 2011 of what is now South Sudan.
From 2003–2005, the government of Sudan under President Omar al-Bashir, with the help"
19,Refuted,Supported,refuted,0,A violent conflict erupted in Sudan in April 2023 between the Sudanese Armed Forces and the Rapid Support Forces.,not retrieved,Sudan April 2023 conflict SAF RSF,1,https://www.hrw.org/report/2004/05/06/darfur-destroyed/ethnic-cleansing-government-and-militia-forces-western-sudan,19.935562133789062,False,False,"The government of Sudan is responsible for ""ethnic cleansing"" and crimes against humanity in Darfur, one of the world's poorest and most inaccessible regions, on Sudan's western border with Chad.
The Sudanese government and the Arab ""Janjaweed"" militias it arms and supports have committed numerous a"
19,Refuted,Supported,refuted,0,A violent conflict erupted in Sudan in April 2023 between the Sudanese Armed Forces and the Rapid Support Forces.,not retrieved,Sudan April 2023 conflict SAF RSF,2,https://onu.delegfrance.org/South-Sudan-The-Security-Council-must-stay-alert,20.490182876586914,False,False,"24 May 2017 - South Sudan: The Security Council must stay alert [fr]
South Sudan - Statement by Ms Anne Gueguen, Deputy Permanent Representative of France to the United Nations - Security Council - 24 May 2017
I thank you, Mr. President, for organizing this meeting, as well as the Special Representa"
19,Refuted,Supported,refuted,0,A violent conflict erupted in Sudan in April 2023 between the Sudanese Armed Forces and the Rapid Support Forces.,not retrieved,Sudan April 2023 conflict SAF RSF,3,https://travel.state.gov/content/travel/en/traveladvisories/traveladvisories/sudan-travel-advisory.html,20.53582000732422,False,False,"Travel.State.Gov > Travel Advisories > Sudan Travel Advisory
Reissued with updates to the security situation and post departure status.
Do not travel to Sudan due to armed conflict, civil unrest, crime, terrorism, and kidnapping.
On April 22, 2023, the U.S. Embassy in Khartoum suspended its operatio"
19,Refuted,Supported,refuted,0,A violent conflict erupted in Sudan in April 2023 between the Sudanese Armed Forces and the Rapid Support Forces.,not retrieved,Sudan April 2023 conflict SAF RSF,4,https://www.hrw.org/reports/1997/WR97/AFRICA-09.htm,20.58424949645996,False,False,"The National Islamic Front (NIF) dominated Sudan=s government, which had declared Sudan an Islamic republic.
The civil war, underway since 1983 against the rebel Sudan People=s Liberation Movement/Army (SPLM/A) and others and continued to be the context of massive human rights violations, including "
19,Refuted,Supported,refuted,1,"The fighting occurred in Khartoum, where many foreign embassies including the French embassy are located.",not retrieved,Khartoum fighting April 2023 French embassy location,0,https://sudantribune.com/article43255/,17.328107833862305,False,False,"Sudan tightens security measures around Western embassies ahead of new protests
September 20, 2012 (KHARTOUM) – Sudanese security forces tightened security around a number of Western embassies in Khartoum in anticipation of a new wave of protests after Friday prayer following the publication of new "
19,Refuted,Supported,refuted,1,"The fighting occurred in Khartoum, where many foreign embassies including the French embassy are located.",not retrieved,Khartoum fighting April 2023 French embassy location,1,https://www.france24.com/en/tag/embassy/,17.81894874572754,False,False,"France 24 - International breaking news, top stories and headlines
France expels two Azerbaijan diplomats in 'reciprocity' move
Swedish embassy in Iraq stormed: Protesters angered over quran burning in Sweden
Sudan fighting: Blinken says US is pressing leaders to expand ceasefire
Sudan fighting cont"
19,Refuted,Supported,refuted,1,"The fighting occurred in Khartoum, where many foreign embassies including the French embassy are located.",not retrieved,Khartoum fighting April 2023 French embassy location,2,https://sudantribune.com/article52333/,18.154306411743164,False,False,"Sudanese police prevent anti-Charlie Hebdo protest from reaching French embassy
January 16, 2015 (KHARTOUM) – Sudanese police prevented protesters on Friday from reaching the French embassy and French cultural center in the capital, Khartoum.
Hundreds of worshipers staged demonstrations in Khartoum "
19,Refuted,Supported,refuted,1,"The fighting occurred in Khartoum, where many foreign embassies including the French embassy are located.",not retrieved,Khartoum fighting April 2023 French embassy location,3,https://www.boomlive.in/fake-news/2012-embassy-attacks-in-sudan-falsely-shared-as-attack-on-french-embassy-10392,18.35690689086914,False,False,"2012 Embassy Attacks In Sudan Falsely Shared As Attack On French Embassy
BOOM found that the viral clip is from September 2012 when protests broke out in Khartoum, Sudan outside the embassies of western countries like US, UK and Germany over a US film critical of Islam.
An eight-year-old video showi"
19,Refuted,Supported,refuted,1,"The fighting occurred in Khartoum, where many foreign embassies including the French embassy are located.",not retrieved,Khartoum fighting April 2023 French embassy location,4,https://www.times-standard.com/general-news/20120914/sudan-protesters-try-to-climb-us-embassy-wall/,18.78061294555664,False,False,"CAIRO (AP) — Witnesses say Sudanese police have opened fire on protesters trying to climb the walls of the U.S. Embassy in Khartoum.
The witnesses say several thousands of Sudanese were protesting outside the embassy, trying to storm it in anger over an obscure file produced in the United States tha"
19,Refuted,Supported,refuted,2,Reports indicated that the French embassy in Khartoum was attacked or damaged by armed groups during the April 2023 conflict.,not retrieved,French embassy Khartoum attack damage April 2023,0,https://www.boomlive.in/fake-news/2012-embassy-attacks-in-sudan-falsely-shared-as-attack-on-french-embassy-10392,18.03751564025879,False,False,"2012 Embassy Attacks In Sudan Falsely Shared As Attack On French Embassy
BOOM found that the viral clip is from September 2012 when protests broke out in Khartoum, Sudan outside the embassies of western countries like US, UK and Germany over a US film critical of Islam.
An eight-year-old video showi"
19,Refuted,Supported,refuted,2,Reports indicated that the French embassy in Khartoum was attacked or damaged by armed groups during the April 2023 conflict.,not retrieved,French embassy Khartoum attack damage April 2023,1,https://www.times-standard.com/general-news/20120914/sudan-protesters-try-to-climb-us-embassy-wall/,18.408403396606445,False,False,"CAIRO (AP) — Witnesses say Sudanese police have opened fire on protesters trying to climb the walls of the U.S. Embassy in Khartoum.
The witnesses say several thousands of Sudanese were protesting outside the embassy, trying to storm it in anger over an obscure file produced in the United States tha"
19,Refuted,Supported,refuted,2,Reports indicated that the French embassy in Khartoum was attacked or damaged by armed groups during the April 2023 conflict.,not retrieved,French embassy Khartoum attack damage April 2023,2,https://sudantribune.com/article43255/,18.936874389648438,False,False,"Sudan tightens security measures around Western embassies ahead of new protests
September 20, 2012 (KHARTOUM) – Sudanese security forces tightened security around a number of Western embassies in Khartoum in anticipation of a new wave of protests after Friday prayer following the publication of new "
19,Refuted,Supported,refuted,2,Reports indicated that the French embassy in Khartoum was attacked or damaged by armed groups during the April 2023 conflict.,not retrieved,French embassy Khartoum attack damage April 2023,3,https://www.bbc.com/news/world-africa-19602177,19.281166076660156,False,False,"At least seven people were killed on Friday in demonstrations over a film made in the US that mocks Islam - as protests spread around the world.
Three people were killed when the US embassy in Khartoum was attacked, Sudanese state radio said.
In Tunisia, two people were killed after crowds breached "
19,Refuted,Supported,refuted,2,Reports indicated that the French embassy in Khartoum was attacked or damaged by armed groups during the April 2023 conflict.,not retrieved,French embassy Khartoum attack damage April 2023,4,https://time.com/5182513/attack-french-embassy-burkina-faso/,19.465435028076172,False,False,"Gunmen attacked the French embassy in the capital of Burkina Faso on Friday, sparking fears of a fresh high-profile Islamist militant raid in the West African nation that has been rocked by violence from jihadist groups based in neighboring Mali.
The attack on the embassy and the French institute in"
19,Refuted,Supported,refuted,3,Visual evidence such as videos depicting violence and attacks on diplomatic sites in Sudan were widely shared on social media and news outlets during the conflict.,not retrieved,videos attacks diplomatic sites Sudan 2023 social media news,0,https://www.times-standard.com/general-news/20120914/sudan-protesters-try-to-climb-us-embassy-wall/,18.213302612304688,False,False,"CAIRO (AP) — Witnesses say Sudanese police have opened fire on protesters trying to climb the walls of the U.S. Embassy in Khartoum.
The witnesses say several thousands of Sudanese were protesting outside the embassy, trying to storm it in anger over an obscure file produced in the United States tha"
19,Refuted,Supported,refuted,3,Visual evidence such as videos depicting violence and attacks on diplomatic sites in Sudan were widely shared on social media and news outlets during the conflict.,not retrieved,videos attacks diplomatic sites Sudan 2023 social media news,1,https://www.businessinsider.com/german-embassy-in-sudan-attacked-2012-9,18.503040313720703,False,False,"According to reports from Reuters, the German Embassy in Sudan has been stormed by protesters. The protesters have reportedly started fires and replaced the German flag with an Islamic flag.
A widely-circulated image shows smoke rising from the embassy:
The protest in Sudan follows similar protests "
19,Refuted,Supported,refuted,3,Visual evidence such as videos depicting violence and attacks on diplomatic sites in Sudan were widely shared on social media and news outlets during the conflict.,not retrieved,videos attacks diplomatic sites Sudan 2023 social media news,2,https://www.dw.com/en/german-embassy-stormed-in-sudan/a-16242473,18.616012573242188,False,False,"Sudan's police force used tear gas on Friday in a bid to stop more than 5,000 demonstrators from storming the German and British embassies, but some protesters still made it through the gates of the German embassy.
Protesters threw stones at the two neighboring outposts in Khartoum before they storm"
19,Refuted,Supported,refuted,3,Visual evidence such as videos depicting violence and attacks on diplomatic sites in Sudan were widely shared on social media and news outlets during the conflict.,not retrieved,videos attacks diplomatic sites Sudan 2023 social media news,3,https://www.boomlive.in/fake-news/2012-embassy-attacks-in-sudan-falsely-shared-as-attack-on-french-embassy-10392,18.643007278442383,False,False,"2012 Embassy Attacks In Sudan Falsely Shared As Attack On French Embassy
BOOM found that the viral clip is from September 2012 when protests broke out in Khartoum, Sudan outside the embassies of western countries like US, UK and Germany over a US film critical of Islam.
An eight-year-old video showi"
19,Refuted,Supported,refuted,3,Visual evidence such as videos depicting violence and attacks on diplomatic sites in Sudan were widely shared on social media and news outlets during the conflict.,not retrieved,videos attacks diplomatic sites Sudan 2023 social media news,4,https://www.france24.com/en/20120914-britain-germany-sudan-embassies-targeted-protests-anti-islam-film-usa-egypt-libya,18.69392967224121,False,False,"UK and German embassies in Sudan targeted in protests
The UK and German embassies came under attack in Sudan Friday as unrest around the Muslim world continued to escalate over a US-made film mocking the Prophet Mohammed.
The USA has put its embassies and consulates worldwide on high alert.
Anti-US "
19,Refuted,Supported,refuted,4,A video showing an attack on the French embassy in Sudan is consistent with the known facts of the 2023 conflict.,not retrieved,video attack French embassy Sudan 2023 consistency,0,https://www.boomlive.in/fake-news/2012-embassy-attacks-in-sudan-falsely-shared-as-attack-on-french-embassy-10392,16.557456970214844,False,False,"2012 Embassy Attacks In Sudan Falsely Shared As Attack On French Embassy
BOOM found that the viral clip is from September 2012 when protests broke out in Khartoum, Sudan outside the embassies of western countries like US, UK and Germany over a US film critical of Islam.
An eight-year-old video showi"
19,Refuted,Supported,refuted,4,A video showing an attack on the French embassy in Sudan is consistent with the known facts of the 2023 conflict.,not retrieved,video attack French embassy Sudan 2023 consistency,1,https://factly.in/old-video-is-being-passed-off-as-french-embassy-set-on-fire-in-the-wake-of-the-latest-protests-against-emmanuel-macron/,17.496036529541016,False,False,"A post with a video that shows a building set on fire by a mob is being widely shared on social media.
The post claims that protesters in Sudan set fire to the French Embassy in the wake of the ongoing protests against France President Emmanuel Macron’s statements on Islam.
Through this article let’"
19,Refuted,Supported,refuted,4,A video showing an attack on the French embassy in Sudan is consistent with the known facts of the 2023 conflict.,not retrieved,video attack French embassy Sudan 2023 consistency,2,https://www.dw.com/en/german-embassy-stormed-in-sudan/a-16242473,18.286840438842773,False,False,"Sudan's police force used tear gas on Friday in a bid to stop more than 5,000 demonstrators from storming the German and British embassies, but some protesters still made it through the gates of the German embassy.
Protesters threw stones at the two neighboring outposts in Khartoum before they storm"
19,Refuted,Supported,refuted,4,A video showing an attack on the French embassy in Sudan is consistent with the known facts of the 2023 conflict.,not retrieved,video attack French embassy Sudan 2023 consistency,3,https://sudantribune.com/article43255/,18.940963745117188,False,False,"Sudan tightens security measures around Western embassies ahead of new protests
September 20, 2012 (KHARTOUM) – Sudanese security forces tightened security around a number of Western embassies in Khartoum in anticipation of a new wave of protests after Friday prayer following the publication of new "
19,Refuted,Supported,refuted,4,A video showing an attack on the French embassy in Sudan is consistent with the known facts of the 2023 conflict.,not retrieved,video attack French embassy Sudan 2023 consistency,4,https://www.bbc.com/news/world-africa-19602177,19.226470947265625,False,False,"At least seven people were killed on Friday in demonstrations over a film made in the US that mocks Islam - as protests spread around the world.
Three people were killed when the US embassy in Khartoum was attacked, Sudanese state radio said.
In Tunisia, two people were killed after crowds breached "
22,Refuted,Supported,refuted,0,"During U.S. elections, deceptive tactics like fake ballot boxes have been used to suppress voter turnout.",only fake evidence,deceptive fake ballot boxes U.S. elections voter suppression,0,https://en.wikipedia.org/wiki/Ballot_box,16.71837615966797,False,False,"A ballot box is a temporarily sealed container, usually a square box though sometimes a tamper resistant bag, with a narrow slot in the top sufficient to accept a ballot paper in an election but which prevents anyone from accessing the votes cast until the close of the voting period.
A ballot drop b"
22,Refuted,Supported,refuted,0,"During U.S. elections, deceptive tactics like fake ballot boxes have been used to suppress voter turnout.",only fake evidence,deceptive fake ballot boxes U.S. elections voter suppression,1,https://www.pahousegop.com/electionfraud,18.289405822753906,False,False,"Protecting the integrity of our election process requires taking definitive action of prevention, deterrence and prosecuting individuals who commit election fraud.
House Republicans believe in the right to vote and protecting that right—we have taken actions to ensure protecting such integrity does "
22,Refuted,Supported,refuted,0,"During U.S. elections, deceptive tactics like fake ballot boxes have been used to suppress voter turnout.",only fake evidence,deceptive fake ballot boxes U.S. elections voter suppression,2,https://www.inquirer.com/politics/election/election-2020-ballot-box-trash-can-ad-philadelphia-union-league-foundation-20201023.html,18.714611053466797,False,False,"The Union League foundation just wanted to advertise an exhibit on voting. Then it was accused of suppression.
It was an unfortunate advertising blunder, with terrible timing.
The bright-red signs took up the entire side of the two trash cans and read in large lettering: “BALLOT BOX.”
It was an adve"
22,Refuted,Supported,refuted,0,"During U.S. elections, deceptive tactics like fake ballot boxes have been used to suppress voter turnout.",only fake evidence,deceptive fake ballot boxes U.S. elections voter suppression,3,https://www.brennancenter.org/our-work/research-reports/how-security-features-prevent-vote-mail-misconduct,18.71640968322754,False,False,"President Trump and his allies have been making false charges that voting by mail leads to fraud. The truth is that mail ballots are a safe and effective way to help every voter to make their voice heard, and there are many protections in place to ensure the system’s integrity.
How do states keep pe"
22,Refuted,Supported,refuted,0,"During U.S. elections, deceptive tactics like fake ballot boxes have been used to suppress voter turnout.",only fake evidence,deceptive fake ballot boxes U.S. elections voter suppression,4,https://www.sos.mo.gov/elections/security,18.830270767211914,False,False,"There are 116 election jurisdictions in Missouri, each with their own voting system. That means there is no single voting system or single point of access.
Voting machines are not connected to the internet, so they can't be hacked from the internet.
Every single voting machine in Missouri is require"
22,Refuted,Supported,refuted,1,"Philadelphia, Pennsylvania, is a city where such deceptive voting practices have been reported in recent elections.",only fake evidence,Philadelphia deceptive voting practices recent elections reports,0,https://www.inquirer.com/politics/philadelphia/trump-debate-philadelphia-elections-history-20200930.html,17.750579833984375,False,False,"A brief history of bad things that actually did — and didn’t — happen in Philadelphia elections
Bad things do sometimes happen in Philadelphia elections. Other incidents become the stuff of legend.
As in all mythology, legends often don’t stand up well to scrutiny.
Bad things do sometimes happen in "
22,Refuted,Supported,refuted,1,"Philadelphia, Pennsylvania, is a city where such deceptive voting practices have been reported in recent elections.",only fake evidence,Philadelphia deceptive voting practices recent elections reports,1,https://www.politifact.com/factchecks/2016/aug/12/viral-image/internet-philly-rigged-2012-presidential-election-/,18.15923309326172,False,False,"Internet: Philly rigged the 2012 presidential election. Experts: Still no
There’s a meme circulating on the internet that promotes allegations of voter fraud in Pennsylvania, Ohio and Florida.
Our kinsfolk over at PolitiFact National and PolitiFact Florida have already reported on claims specific to"
22,Refuted,Supported,refuted,1,"Philadelphia, Pennsylvania, is a city where such deceptive voting practices have been reported in recent elections.",only fake evidence,Philadelphia deceptive voting practices recent elections reports,2,https://www.pbs.org/newshour/show/whats-behind-fears-voter-fraud,18.44309425354004,False,False,"In 2012, Mitt Romney received zero votes in inner-city Philadelphia. Some Republicans believed such an extreme result indicated fraudulent voting behavior, and this election season, Donald Trump and his supporters have revived that hypothesis.
William Brangham speaks with officials in Pennsylvania f"
22,Refuted,Supported,refuted,1,"Philadelphia, Pennsylvania, is a city where such deceptive voting practices have been reported in recent elections.",only fake evidence,Philadelphia deceptive voting practices recent elections reports,3,https://www.inquirer.com/news/election-fraud-philadelphia-dmocrats-federal-charges-president-donald-trump-republicans-domenick-demuro-20200522.html,18.488645553588867,False,False,"Election fraud case sparks renewed accusations about ballot security in Philadelphia
A federal case against a Philadelphia polling place official, kept under wraps for more than two months and revealed by the U.S. Attorney's Office just before a primary election, has reignited old claims about ballo"
22,Refuted,Supported,refuted,1,"Philadelphia, Pennsylvania, is a city where such deceptive voting practices have been reported in recent elections.",only fake evidence,Philadelphia deceptive voting practices recent elections reports,4,https://www.pahousegop.com/electionfraud,18.60780906677246,False,False,"Protecting the integrity of our election process requires taking definitive action of prevention, deterrence and prosecuting individuals who commit election fraud.
House Republicans believe in the right to vote and protecting that right—we have taken actions to ensure protecting such integrity does "
22,Refuted,Supported,refuted,2,A specific incident occurred where a trash can in Philadelphia was labeled with a sign saying 'Ballot Box.',only fake evidence,Philadelphia trash can labeled ballot box incident 2020,0,https://www.ktvu.com/news/trash-cans-in-california-town-of-crockett-littered-with-anti-republican-ballot-jokes,18.176359176635742,False,False,"Trash cans in California town of Crockett littered with anti-Republican ballot jokes
CROCKETT, Calif. - Cynde Martinez is upset with what seems like a proliferation of trash cans in her small city of Crockett littered with what appears to be a joke at the expense of the Republican Party.
Martinez se"
22,Refuted,Supported,refuted,2,A specific incident occurred where a trash can in Philadelphia was labeled with a sign saying 'Ballot Box.',only fake evidence,Philadelphia trash can labeled ballot box incident 2020,1,https://abcnews.go.com/Politics/temporary-contractor-threw-trump-mail-ballots-trash-pennsylvania/story?id=73251533,18.454952239990234,False,False,"Temporary contractor threw Trump mail-in ballots in trash, Pennsylvania county officials say
The FBI is investigating and Trump has used the incident as a rallying point.
An incident regarding ""a small number"" of discarded mail-in ballots in Pennsylvania -- which has sparked a Department of Justice "
22,Refuted,Supported,refuted,2,A specific incident occurred where a trash can in Philadelphia was labeled with a sign saying 'Ballot Box.',only fake evidence,Philadelphia trash can labeled ballot box incident 2020,2,https://en.wikipedia.org/wiki/Ballot_box,18.626117706298828,False,False,"A ballot box is a temporarily sealed container, usually a square box though sometimes a tamper resistant bag, with a narrow slot in the top sufficient to accept a ballot paper in an election but which prevents anyone from accessing the votes cast until the close of the voting period.
A ballot drop b"
22,Refuted,Supported,refuted,2,A specific incident occurred where a trash can in Philadelphia was labeled with a sign saying 'Ballot Box.',only fake evidence,Philadelphia trash can labeled ballot box incident 2020,3,https://www.inquirer.com/politics/election/election-2020-ballot-box-trash-can-ad-philadelphia-union-league-foundation-20201023.html,18.64893341064453,False,False,"The Union League foundation just wanted to advertise an exhibit on voting. Then it was accused of suppression.
It was an unfortunate advertising blunder, with terrible timing.
The bright-red signs took up the entire side of the two trash cans and read in large lettering: “BALLOT BOX.”
It was an adve"
22,Refuted,Supported,refuted,2,A specific incident occurred where a trash can in Philadelphia was labeled with a sign saying 'Ballot Box.',only fake evidence,Philadelphia trash can labeled ballot box incident 2020,4,https://www.inquirer.com/news/election-fraud-philadelphia-dmocrats-federal-charges-president-donald-trump-republicans-domenick-demuro-20200522.html,18.940391540527344,False,False,"Election fraud case sparks renewed accusations about ballot security in Philadelphia
A federal case against a Philadelphia polling place official, kept under wraps for more than two months and revealed by the U.S. Attorney's Office just before a primary election, has reignited old claims about ballo"
22,Refuted,Supported,refuted,3,The intent behind this labeling was to trick voters into discarding their ballots in the trash.,only fake evidence,intent Philadelphia trash can ballot box trick voters discard ballots,0,https://www.phillyvoice.com/voting-primary-election-mail-in-ballot-drop-boxes-june-2-philadelphia-delaware-chester-montgomery-bucks-counties/,18.12244987487793,False,False,"Philadelphia and the surrounding counties have installed additional drop boxes for voters to deposit their mail-in ballots for the upcoming primary election on Tuesday.
The purpose of the boxes is to encourage Pennsylvania residents vote and help residents to cast their votes on time – all while pra"
22,Refuted,Supported,refuted,3,The intent behind this labeling was to trick voters into discarding their ballots in the trash.,only fake evidence,intent Philadelphia trash can ballot box trick voters discard ballots,1,https://www.inquirer.com/politics/election/election-2020-ballot-box-trash-can-ad-philadelphia-union-league-foundation-20201023.html,18.836349487304688,False,False,"The Union League foundation just wanted to advertise an exhibit on voting. Then it was accused of suppression.
It was an unfortunate advertising blunder, with terrible timing.
The bright-red signs took up the entire side of the two trash cans and read in large lettering: “BALLOT BOX.”
It was an adve"
22,Refuted,Supported,refuted,3,The intent behind this labeling was to trick voters into discarding their ballots in the trash.,only fake evidence,intent Philadelphia trash can ballot box trick voters discard ballots,2,https://en.wikipedia.org/wiki/Ballot_box,19.102069854736328,False,False,"A ballot box is a temporarily sealed container, usually a square box though sometimes a tamper resistant bag, with a narrow slot in the top sufficient to accept a ballot paper in an election but which prevents anyone from accessing the votes cast until the close of the voting period.
A ballot drop b"
22,Refuted,Supported,refuted,3,The intent behind this labeling was to trick voters into discarding their ballots in the trash.,only fake evidence,intent Philadelphia trash can ballot box trick voters discard ballots,3,https://www.nbcphiladelphia.com/news/politics/decision-2020/mail-in-voting-what-to-know/where-are-mail-in-ballot-drop-boxes-in-philly-and-the-surrounding-suburbs-here-are-the-locations/2554979/,19.18668556213379,False,False,"More than 2.4 million voters in Pennsylvania have already requested mail-in ballots while every single voter in New Jersey is receiving one whether they want to use it or not.
Once reserved for voters using absentee ballots, mail-in voting is expected to reach near 50% of total votes cast in the Nov"
22,Refuted,Supported,refuted,3,The intent behind this labeling was to trick voters into discarding their ballots in the trash.,only fake evidence,intent Philadelphia trash can ballot box trick voters discard ballots,4,https://www.inquirer.com/politics/election/philadelphia-primary-mail-ballot-drop-box-locations-20200528.html,19.35645866394043,False,False,"Philly has mail ballot drop boxes for voters today. Find yours here.
Philadelphia voters who don’t have time to send back their mail ballots for Tuesday’s primary can instead drop them off at multiple locations across the city.
Philadelphia voters who don’t have time to send back their mail ballots "
22,Refuted,Supported,refuted,4,Election officials and media reports have confirmed this incident as a form of voter suppression.,only fake evidence,Philadelphia election officials confirm trash can ballot box incident voter suppression,0,https://www.nbcphiladelphia.com/news/local/philadelphia-election-officials-voter-fraud-election-fraud/64444/,18.66929817199707,False,False,"On the night before Philly’s primary, four local election officials are accused of casting extra votes in order to balance their numbers.
Sandra Lee, 60, Alexia Harding, 22, James Collins, 69, and Gregory Thomas, 60, are all charged with election fraud.
Warrants for their arrests were issued Monday."
22,Refuted,Supported,refuted,4,Election officials and media reports have confirmed this incident as a form of voter suppression.,only fake evidence,Philadelphia election officials confirm trash can ballot box incident voter suppression,1,https://www.inquirer.com/news/election-fraud-philadelphia-dmocrats-federal-charges-president-donald-trump-republicans-domenick-demuro-20200522.html,18.838712692260742,False,False,"Election fraud case sparks renewed accusations about ballot security in Philadelphia
A federal case against a Philadelphia polling place official, kept under wraps for more than two months and revealed by the U.S. Attorney's Office just before a primary election, has reignited old claims about ballo"
22,Refuted,Supported,refuted,4,Election officials and media reports have confirmed this incident as a form of voter suppression.,only fake evidence,Philadelphia election officials confirm trash can ballot box incident voter suppression,2,https://abcnews.go.com/Politics/temporary-contractor-threw-trump-mail-ballots-trash-pennsylvania/story?id=73251533,18.890424728393555,False,False,"Temporary contractor threw Trump mail-in ballots in trash, Pennsylvania county officials say
The FBI is investigating and Trump has used the incident as a rallying point.
An incident regarding ""a small number"" of discarded mail-in ballots in Pennsylvania -- which has sparked a Department of Justice "
22,Refuted,Supported,refuted,4,Election officials and media reports have confirmed this incident as a form of voter suppression.,only fake evidence,Philadelphia election officials confirm trash can ballot box incident voter suppression,3,https://www.phillyvoice.com/voting-primary-election-mail-in-ballot-drop-boxes-june-2-philadelphia-delaware-chester-montgomery-bucks-counties/,18.988771438598633,False,False,"Philadelphia and the surrounding counties have installed additional drop boxes for voters to deposit their mail-in ballots for the upcoming primary election on Tuesday.
The purpose of the boxes is to encourage Pennsylvania residents vote and help residents to cast their votes on time – all while pra"
22,Refuted,Supported,refuted,4,Election officials and media reports have confirmed this incident as a form of voter suppression.,only fake evidence,Philadelphia election officials confirm trash can ballot box incident voter suppression,4,https://www.pahousegop.com/electionfraud,19.146963119506836,False,False,"Protecting the integrity of our election process requires taking definitive action of prevention, deterrence and prosecuting individuals who commit election fraud.
House Republicans believe in the right to vote and protecting that right—we have taken actions to ensure protecting such integrity does "
25,Supported,Supported,refuted,0,Nagorno-Karabakh conflict escalated in September 2020 with a military offensive by Azerbaijan.,not retrieved,Nagorno-Karabakh 2020 September military offensive Azerbaijan,0,https://www.cfr.org/blog/eruption-conflict-over-nagorno-karabakh,16.979555130004883,False,False,"Ambassador (Ret.) Carey Cavanaugh is a professor of diplomacy and conflict resolution at the University of Kentucky Patterson School of Diplomacy and International Commerce.
Renewed military action over Nagorno-Karabakh makes clear that the dispute between Armenia and Azerbaijan is not a “frozen con"
25,Supported,Supported,refuted,0,Nagorno-Karabakh conflict escalated in September 2020 with a military offensive by Azerbaijan.,not retrieved,Nagorno-Karabakh 2020 September military offensive Azerbaijan,1,https://www.theguardian.com/world/2020/sep/28/why-are-armenia-and-azerbaijan-fighting-what-are-implications,17.27491569519043,False,False,"Early on Sunday 27 September, Armenia announced it was declaring martial law, mobilising its army and ordering civilians to shelter.
It claimed its neighbour Azerbaijan had launched a military operation inside a breakaway region called Nagorno-Karabakh.
Azerbaijan said it attacked only in response t"
25,Supported,Supported,refuted,0,Nagorno-Karabakh conflict escalated in September 2020 with a military offensive by Azerbaijan.,not retrieved,Nagorno-Karabakh 2020 September military offensive Azerbaijan,2,https://www.balcanicaucaso.org/eng/Areas/Nagorno-Karabakh/Nagorno-Karabakh-the-reasons-for-a-war-205383,18.013126373291016,False,False,"The long-term reasons for the conflict in Nagorno Karabakh are well known. But what caused such an extensive military intervention as the one we are seeing these days, over 25 years after the ceasefire?
Starting from Sunday 27 September, there is again open war in Nagorno Karabakh, along the entire "
25,Supported,Supported,refuted,0,Nagorno-Karabakh conflict escalated in September 2020 with a military offensive by Azerbaijan.,not retrieved,Nagorno-Karabakh 2020 September military offensive Azerbaijan,3,https://www.aljazeera.com/news/2020/9/28/armenia-azerbaijan-clashes-continue-live-news,18.04763412475586,False,False,"Nagorno-Karabakh battles rage for second day: Live news
Live coverage of the continuing fighting between Azerbaijani and Armenian forces in the disputed Caucasus region.
- Heavy fighting that erupted on Sunday between Azerbaijani and Armenian military forces over the disputed Nagorno-Karabakh region"
25,Supported,Supported,refuted,0,Nagorno-Karabakh conflict escalated in September 2020 with a military offensive by Azerbaijan.,not retrieved,Nagorno-Karabakh 2020 September military offensive Azerbaijan,4,https://uca.edu/politicalscience/home/research-projects/dadm-project/europerussiacentral-asia-region/azerbaijannagorno-karabakh-1991-present/,18.586467742919922,False,False,"Pre-Crisis Phase (August 30, 1991-December 9, 1991): Azerbaijan declared its independence from the Soviet Union on August 30, 1991, and Azerbaijan formally achieved its independence from the Soviet Union following a referendum on September 21, 1991.
The parliament revoke the autonomous status of the"
25,Supported,Supported,refuted,1,Many businesses and individuals in Azerbaijan expressed nationalistic support during the 2020 Nagorno-Karabakh conflict.,not retrieved,Azerbaijan businesses nationalistic support Nagorno-Karabakh war 2020,0,https://www.ctvnews.ca/world/azerbaijan-mcdonald-s-burger-king-tweet-support-for-military-action-in-nagorno-karabakh-1.5163620?cache=yes%3Fot%3DAjaxLayout%3FautoPlay%3Dtrue%3FclipId%3D104056,19.0136661529541,False,False,"Azerbaijan McDonald's, Burger King tweet support for military action in Nagorno-Karabakh
This June 25, 2019 photo shows the sign outside a McDonald's restaurant. (AP Photo/Gene J. Puskar)
EDMONTON -- McDonald’s and Burger King are facing controversy after the fast food chains' Azerbaijan franchisees"
25,Supported,Supported,refuted,1,Many businesses and individuals in Azerbaijan expressed nationalistic support during the 2020 Nagorno-Karabakh conflict.,not retrieved,Azerbaijan businesses nationalistic support Nagorno-Karabakh war 2020,1,https://news.un.org/en/tags/nagorno-karabakh,19.01519775390625,False,False,"UN pledges humanitarian support as Armenia and Azerbaijan negotiate ‘lasting, peaceful settlement’ over Nagorno-Karabakh
The UN Secretary-General António Guterres welcomed the continuing ceasefire in and around Nagorno-Karabakh on Friday, underlining that the Organization stands ready to provide hum"
25,Supported,Supported,refuted,1,Many businesses and individuals in Azerbaijan expressed nationalistic support during the 2020 Nagorno-Karabakh conflict.,not retrieved,Azerbaijan businesses nationalistic support Nagorno-Karabakh war 2020,2,https://www.voanews.com/a/south-central-asia_turkey-vows-support-azerbaijan-escalating-nagorno-karabakh-conflict/6196470.html,19.24653434753418,False,False,"Turkey says it will back Azerbaijan with all means necessary as fighting entered a second day Monday between Azeri and Armenian forces over the disputed Nagorno-Karabakh enclave, in a sign the conflict could be widening.
Monday saw Azeri and Armenian forces exchange heavy artillery fire, with each a"
25,Supported,Supported,refuted,1,Many businesses and individuals in Azerbaijan expressed nationalistic support during the 2020 Nagorno-Karabakh conflict.,not retrieved,Azerbaijan businesses nationalistic support Nagorno-Karabakh war 2020,3,https://www.dailystar.co.uk/news/world-news/mcdonalds-azerbaijan-promotes-war-armenia-22913718,19.483905792236328,False,False,"McDonald's has become embroiled in controversy after its official Instagram account in Azerbaijan shared a series of nationalistic posts appearing to support the ongoing clashes between the country and Armenia.
One post, showing a soldier holding up an Azerbaijani flag, read: ""We wish our native fla"
25,Supported,Supported,refuted,1,Many businesses and individuals in Azerbaijan expressed nationalistic support during the 2020 Nagorno-Karabakh conflict.,not retrieved,Azerbaijan businesses nationalistic support Nagorno-Karabakh war 2020,4,https://www.theguardian.com/world/2020/sep/28/why-are-armenia-and-azerbaijan-fighting-what-are-implications,19.651884078979492,False,False,"Early on Sunday 27 September, Armenia announced it was declaring martial law, mobilising its army and ordering civilians to shelter.
It claimed its neighbour Azerbaijan had launched a military operation inside a breakaway region called Nagorno-Karabakh.
Azerbaijan said it attacked only in response t"
31,Supported,Supported,refuted,0,"The nomination followed the death of Justice Ruth Bader Ginsburg on September 18, 2020.",not retrieved,Ruth Bader Ginsburg death date September 18 2020 and Amy Coney Barrett nomination,0,https://deathpenaltyinfo.org/news/senate-confirmation-hearings-set-to-begin-for-amy-coney-barrett-to-fill-supreme-court-seat-left-vacant-by-justice-ruth-bader-ginsburgs-death,16.608055114746094,False,False,"The U.S. Senate is preparing to move forward on October 12, 2020 with confirmation hearings on the controversial nomination of conservative federal appeals judge Amy Coney Barrett to fill the Supreme Court vacancy caused by the death of Justice Ruth Bader Ginsburg.
If confirmed, Judge Barrett would "
31,Supported,Supported,refuted,0,"The nomination followed the death of Justice Ruth Bader Ginsburg on September 18, 2020.",not retrieved,Ruth Bader Ginsburg death date September 18 2020 and Amy Coney Barrett nomination,1,https://www.pbs.org/wgbh/frontline/documentary/supreme-revenge/transcript/,16.812667846679688,False,False,"This is an update of a program that originally aired May 21, 2019.
This is a Fox News alert. U.S. Supreme Court Justice Ruth Bader Ginsburg has died at the age of 87.
The pioneer of women's rights and gender equality—
President Trump may have the opportunity to nominate a third person.
The president"
31,Supported,Supported,refuted,0,"The nomination followed the death of Justice Ruth Bader Ginsburg on September 18, 2020.",not retrieved,Ruth Bader Ginsburg death date September 18 2020 and Amy Coney Barrett nomination,2,https://www.pbs.org/weta/washingtonweek/video/2020/09/supreme-court-justice-ruth-bader-ginsburgs-life-and-legacy,16.918275833129883,False,False,"Supreme Court Justice Ruth Bader Ginsburg died Friday at age 87 after battling pancreatic cancer. The panel discussed Justice Ginsburg’s legacy and the consequences her death may have for the 2020 presidential election, as well as previewing a potential battle over a future Supreme Court nominee.
Bo"
31,Supported,Supported,refuted,0,"The nomination followed the death of Justice Ruth Bader Ginsburg on September 18, 2020.",not retrieved,Ruth Bader Ginsburg death date September 18 2020 and Amy Coney Barrett nomination,3,https://nymag.com/intelligencer/article/amy-coney-barrett-trump-supreme-court.html,16.959190368652344,False,False,"Despite some late speculation that he might pick Barbara Lagoa, or a number of other Federalist Society-approved judges to fill the Supreme Court seat of the late Ruth Bader Ginsburg, President Trump went with the obvious choice — nominating Amy Coney Barrett during a Rose Garden event on Saturday.
"
31,Supported,Supported,refuted,0,"The nomination followed the death of Justice Ruth Bader Ginsburg on September 18, 2020.",not retrieved,Ruth Bader Ginsburg death date September 18 2020 and Amy Coney Barrett nomination,4,"https://ballotpedia.org/Supreme_Court_vacancy,_2020",17.32789421081543,False,False,"The U.S. Senate voted to confirm Amy Coney Barrett to the Supreme Court of the United States 52-48 on October 26, 2020.[1]
President Donald Trump (R) nominated Amy Coney Barrett to the United States Supreme Court on September 29, 2020.[2]
The vacancy on the court was opened by the death of Associate"
31,Supported,Supported,refuted,1,"The US Senate voted to confirm Amy Coney Barrett's nomination on October 26, 2020.",only fake evidence,Amy Coney Barrett Senate confirmation vote date October 26 2020,0,https://rollcall.com/2020/10/15/senate-judiciary-lines-up-oct-22-vote-on-amy-coney-barretts-nomination/,13.81255054473877,False,False,"Senate Judiciary lines up Oct. 22 vote on Amy Coney Barrett’s nomination
Senate still on path to putting nominee on high court by the end of the month
The Senate Judiciary Committee on Thursday officially set an Oct. 22 vote on Amy Coney Barrett’s confirmation to the Supreme Court, and Majority Lead"
31,Supported,Supported,refuted,1,"The US Senate voted to confirm Amy Coney Barrett's nomination on October 26, 2020.",only fake evidence,Amy Coney Barrett Senate confirmation vote date October 26 2020,1,https://www.businessinsider.com/senate-amy-coney-barrett-supreme-court-confirmation-timeline-2020-9,13.909002304077148,False,False,"- Lindsey Graham, the chair of the Senate Judiciary Committee, announced Saturday night that the final confirmation vote for Judge Amy Coney Barrett could occur just days before Election Day.
- In an interview with Fox News' Jeanine Pirro, Graham laid out a timeline for the confirmation process, say"
31,Supported,Supported,refuted,1,"The US Senate voted to confirm Amy Coney Barrett's nomination on October 26, 2020.",only fake evidence,Amy Coney Barrett Senate confirmation vote date October 26 2020,2,https://apnews.com/article/election-2020-donald-trump-virus-outbreak-ruth-bader-ginsburg-amy-coney-barrett-82a02a618343c98b80ca2b6bf9eafe07,14.086979866027832,False,False,"Barrett confirmed as Supreme Court justice in partisan vote
FILE - In this June 23, 2020, file photo Sen. Lisa Murkowski, R-Alaska, listens during a Senate Health, Education, Labor, and Pensions Committee hearing to examine COVID-19 on Capitol Hill in Washington.
Senate Minority Leader Chuck Schumer"
31,Supported,Supported,refuted,1,"The US Senate voted to confirm Amy Coney Barrett's nomination on October 26, 2020.",only fake evidence,Amy Coney Barrett Senate confirmation vote date October 26 2020,3,https://www.forbes.com/sites/jemimamcevoy/2020/10/20/mitch-mcconnell-well-be-voting-to-confirm-justice-to-be-barrett-next-monday/,14.44129753112793,False,False,"Senate Majority Leader Mitch McConnell (R-Ky.) cemented the date he expects President Trump’s Supreme Court nominee Amy Coney Barrett to be confirmed amid the highly-contested push to fill late Justice Ruth Bader Ginsburg’s seat before Election Day.
McConnell, during his weekly press briefing on Tue"
31,Supported,Supported,refuted,1,"The US Senate voted to confirm Amy Coney Barrett's nomination on October 26, 2020.",only fake evidence,Amy Coney Barrett Senate confirmation vote date October 26 2020,4,https://www.denverpost.com/2020/10/26/amy-coney-barrett-senate-confirmation-update/,14.678763389587402,False,False,"WASHINGTON — A deeply torn Senate is set to confirm Amy Coney Barrett to the Supreme Court, giving the country a ninth justice Monday as Republicans overpower Democratic opposition to secure President Donald Trump’s nominee the week before Election Day.
Democratic leaders asked Vice President Mike P"
31,Supported,Supported,refuted,2,Amy Coney Barrett was subsequently sworn in as a US Supreme Court Justice.,only fake evidence,Amy Coney Barrett sworn in as Supreme Court Justice date,0,https://www.upi.com/Top_News/US/2020/10/26/Amy-Coney-Barrett-confirmed-sworn-in-as-Supreme-Court-justice/2081603706578/,11.67914867401123,False,False,"Amy Coney Barrett is sworn in as a U.S. Supreme Court justice in a ceremony on the South Lawn of the White House on Monday, October 26, 2020.
Oct. 26 (UPI) -- Amy Coney Barrett was sworn in as a U.S. Supreme Court justice on Monday night after the Senate voted to confirm her nomination.
The Senate v"
31,Supported,Supported,refuted,2,Amy Coney Barrett was subsequently sworn in as a US Supreme Court Justice.,only fake evidence,Amy Coney Barrett sworn in as Supreme Court Justice date,1,http://www.equaljusticeparty.org/equal-justice-party/archives/10-2020,12.13243293762207,False,False,"CHICAGO-(EJ) Amy Coney Barrett was sworn in by Justice Clarence Thomas as a Supreme Court justice at a White House ceremony tonight.
Thomas administered the official Constitutional Oath to Barrett during the outdoor ceremony.
""The oath that I have solemnly taken tonight means at its core that I will"
31,Supported,Supported,refuted,2,Amy Coney Barrett was subsequently sworn in as a US Supreme Court Justice.,only fake evidence,Amy Coney Barrett sworn in as Supreme Court Justice date,2,https://www.gettyimages.com/detail/news-photo/judge-amy-coney-barrett-talks-with-supreme-court-associate-news-photo/1282403922,12.144608497619629,False,False,"Amy Coney Barrett Is Sworn-In As New Supreme Court Justice At The White House
WASHINGTON, DC - OCTOBER 26: Judge Amy Coney Barrett talks with Supreme Court Associate Justice Clarence Thomas during her ceremonial swearing-in ceremony to be U.S. Supreme Court Associate Justice, on the South Lawn of th"
31,Supported,Supported,refuted,2,Amy Coney Barrett was subsequently sworn in as a US Supreme Court Justice.,only fake evidence,Amy Coney Barrett sworn in as Supreme Court Justice date,3,https://www.usatoday.com/story/news/politics/2020/10/26/amy-coney-barrett-takes-oath-supreme-court-justice/6041415002/,13.49709701538086,False,False,"Amy Coney Barrett takes oath as Supreme Court justice, as GOP celebrates 6-3 conservative majority
WASHINGTON – President Donald Trump held a hasty swearing-in ceremony Monday night following the Senate's confirmation of Amy Coney Barrett, who will become the 115th justice to serve on the Supreme Co"
31,Supported,Supported,refuted,2,Amy Coney Barrett was subsequently sworn in as a US Supreme Court Justice.,only fake evidence,Amy Coney Barrett sworn in as Supreme Court Justice date,4,https://www.onlineathens.com/story/news/politics/elections/2020/10/27/amy-coney-barrett-takes-oath-as-supreme-court-justice-as-gop-celebrates-6-3-conservative-majority/114492448/,13.538037300109863,False,False,"Amy Coney Barrett takes oath as Supreme Court justice, as GOP celebrates 6-3 conservative majority
WASHINGTON – President Donald Trump held a hasty swearing-in ceremony Monday night following the Senate's confirmation of Amy Coney Barrett, who will become the 115th justice to serve on the Supreme Co"
37,Refuted,Refuted,supported,0,The daughter of Delaware Democratic Senator Chris Coons was featured on Hunter Biden's laptop.,contradicted by fake,"""Chris Coons"" daughter ""Hunter Biden"" laptop",0,https://ground.news/article/d3c74388-e567-47f9-b709-c5721ccd1b10,15.078892707824707,False,False,"Delaware GOP Senate candidate says Sen. Chris Coons' daughter is 'featured on Hunter's laptop'
(GATEWAY PUNDIT) Delaware Republican senate candidate Lauren Witzke has alleged that a source close to the investigation into Hunter Biden’s laptop has informed her that there are images of Senator Chris C"
37,Refuted,Refuted,supported,0,The daughter of Delaware Democratic Senator Chris Coons was featured on Hunter Biden's laptop.,contradicted by fake,"""Chris Coons"" daughter ""Hunter Biden"" laptop",1,https://www.google.com/search?q=Did+the+Breitbart+News+report+that+the+daughter+of+Delaware+Democratic+Senator+Chris+Coons+and+seven+other+underaged+girls+were+featured+on+Hunter+Biden%27s+laptop%3F&sourceid=chrome&ie=UTF-8,16.195077896118164,True,False,"No evidence Hunter Biden had photos of Coons' daughter - PolitiFact
www.politifact.com › factchecks › oct › facebook-posts › no-evidence-hun...
26 Oct 2020 · There is no evidence that a computer hard drive previously belonging to Hunter Biden contains illicit images of Coons' teenage daughter.
1 day"
37,Refuted,Refuted,supported,0,The daughter of Delaware Democratic Senator Chris Coons was featured on Hunter Biden's laptop.,contradicted by fake,"""Chris Coons"" daughter ""Hunter Biden"" laptop",2,https://hebrewnews.com/article/36520/preview/1,16.70284652709961,False,False,"הלפטופ של האנטר ביידן מחריד ועולה על כל דמיון - רק ככה אפשר להגדיר את מה שנמצא ב""לפטופ מהגיהנום"" כדברי הנשיא טראמפ.
בגילוי המרעיש האחרון המועמדת לסנאט הרפובליקני של דלאוור, לורן וויצקה, טוענת כי גורם משטרתי בכיר המקורב לחקירת המחשב הנייד של האנטר ביידן הודיע לה כי ישנן תמונות של בתו של הסנטור כריס ק"
37,Refuted,Refuted,supported,0,The daughter of Delaware Democratic Senator Chris Coons was featured on Hunter Biden's laptop.,contradicted by fake,"""Chris Coons"" daughter ""Hunter Biden"" laptop",3,https://buffalochronicle.com/2020/10/19/fbis-top-child-porn-investigator-has-subpoenaed-hunter-bidens-laptop/,18.00655174255371,False,False,"The Chronicle has confirmed that Joshua Wilson, one of the FBI’s top child porn investigators, has subpoenaed Hunter Biden‘s now scandalous laptop — known to contain a trove of emails that implicate Joe Biden in wide ranging bribery and pay-for-access schemes.
An FBI agent who recently retired from "
37,Refuted,Refuted,supported,0,The daughter of Delaware Democratic Senator Chris Coons was featured on Hunter Biden's laptop.,contradicted by fake,"""Chris Coons"" daughter ""Hunter Biden"" laptop",4,http://biggs.house.gov/media/in-the-news/hunter-biden-laptop-claims-5-fast-facts-you-need-know,18.541135787963867,False,False,"Hunter Biden Laptop Claims: 5 Fast Facts You Need to Know
Acomputer repair shop owner in Delaware has thrust claims about a purported Hunter Biden laptop into the presidential race.
The claims, coming as an October surprise of sorts in the presidential election, have generated heated controversy.
Ma"
37,Refuted,Refuted,supported,1,Seven underage girls were featured on Hunter Biden's laptop.,contradicted by fake,"seven underage girls ""Hunter Biden"" laptop",0,https://www.politifact.com/factchecks/2020/oct/20/facebook-posts/fact-checking-unproven-claims-about-hunter-biden-a/,17.897924423217773,False,False,"Fact-checking unproven claims about Hunter Biden and child pornography
- There is no evidence that a laptop previously belonging to Hunter Biden contains child pornography.
The allegation originated on an anonymous internet forum that’s a known source of online disinformation.
Two weeks until Electi"
37,Refuted,Refuted,supported,1,Seven underage girls were featured on Hunter Biden's laptop.,contradicted by fake,"seven underage girls ""Hunter Biden"" laptop",1,https://www.hollywoodlanews.com/hunter-biden-topless-14-year-old-girl-photos/,18.585281372070312,False,False,"Hunter Biden with Topless 14-Year-Old Girl in Photos?
Allegations have surfaced on social media that the infamous “Laptop from Hell” belonging to presidential candidate Joe Biden’s son Hunter contains photos of him together with a topless niece, aged 14 at the time.
The photos have been presumably s"
37,Refuted,Refuted,supported,1,Seven underage girls were featured on Hunter Biden's laptop.,contradicted by fake,"seven underage girls ""Hunter Biden"" laptop",2,https://buffalochronicle.com/2020/10/19/fbis-top-child-porn-investigator-has-subpoenaed-hunter-bidens-laptop/,18.642139434814453,False,False,"The Chronicle has confirmed that Joshua Wilson, one of the FBI’s top child porn investigators, has subpoenaed Hunter Biden‘s now scandalous laptop — known to contain a trove of emails that implicate Joe Biden in wide ranging bribery and pay-for-access schemes.
An FBI agent who recently retired from "
37,Refuted,Refuted,supported,1,Seven underage girls were featured on Hunter Biden's laptop.,contradicted by fake,"seven underage girls ""Hunter Biden"" laptop",3,https://www.google.com/search?q=Did+the+Breitbart+News+report+that+the+daughter+of+Delaware+Democratic+Senator+Chris+Coons+and+seven+other+underaged+girls+were+featured+on+Hunter+Biden%27s+laptop%3F&sourceid=chrome&ie=UTF-8,18.83328628540039,True,False,"No evidence Hunter Biden had photos of Coons' daughter - PolitiFact
www.politifact.com › factchecks › oct › facebook-posts › no-evidence-hun...
26 Oct 2020 · There is no evidence that a computer hard drive previously belonging to Hunter Biden contains illicit images of Coons' teenage daughter.
1 day"
37,Refuted,Refuted,supported,1,Seven underage girls were featured on Hunter Biden's laptop.,contradicted by fake,"seven underage girls ""Hunter Biden"" laptop",4,https://hebrewnews.com/article/36520/preview/1,19.32327651977539,False,False,"הלפטופ של האנטר ביידן מחריד ועולה על כל דמיון - רק ככה אפשר להגדיר את מה שנמצא ב""לפטופ מהגיהנום"" כדברי הנשיא טראמפ.
בגילוי המרעיש האחרון המועמדת לסנאט הרפובליקני של דלאוור, לורן וויצקה, טוענת כי גורם משטרתי בכיר המקורב לחקירת המחשב הנייד של האנטר ביידן הודיע לה כי ישנן תמונות של בתו של הסנטור כריס ק"
37,Refuted,Refuted,supported,2,Legal investigations have confirmed that underage girls were featured on Hunter Biden's laptop.,only fake evidence,Hunter Biden laptop underage girls investigation law enforcement,0,https://buffalochronicle.com/2020/10/19/fbis-top-child-porn-investigator-has-subpoenaed-hunter-bidens-laptop/,15.75542163848877,False,False,"The Chronicle has confirmed that Joshua Wilson, one of the FBI’s top child porn investigators, has subpoenaed Hunter Biden‘s now scandalous laptop — known to contain a trove of emails that implicate Joe Biden in wide ranging bribery and pay-for-access schemes.
An FBI agent who recently retired from "
37,Refuted,Refuted,supported,2,Legal investigations have confirmed that underage girls were featured on Hunter Biden's laptop.,only fake evidence,Hunter Biden laptop underage girls investigation law enforcement,1,https://www.hollywoodlanews.com/hunter-biden-topless-14-year-old-girl-photos/,16.95250701904297,False,False,"Hunter Biden with Topless 14-Year-Old Girl in Photos?
Allegations have surfaced on social media that the infamous “Laptop from Hell” belonging to presidential candidate Joe Biden’s son Hunter contains photos of him together with a topless niece, aged 14 at the time.
The photos have been presumably s"
37,Refuted,Refuted,supported,2,Legal investigations have confirmed that underage girls were featured on Hunter Biden's laptop.,only fake evidence,Hunter Biden laptop underage girls investigation law enforcement,2,https://www.washingtonexaminer.com/?p=58414,17.340280532836914,False,False,"Allegations that Hunter Biden stored photos of child pornography on his laptop computer have been forwarded to the FBI for investigation, the Washington Examiner has learned.
In an interview at the Trump Hotel in Washington, D.C., Tuesday evening, Rudy Giuliani, President Trump’s personal attorney, "
37,Refuted,Refuted,supported,2,Legal investigations have confirmed that underage girls were featured on Hunter Biden's laptop.,only fake evidence,Hunter Biden laptop underage girls investigation law enforcement,3,https://www.politifact.com/factchecks/2020/oct/20/facebook-posts/fact-checking-unproven-claims-about-hunter-biden-a/,17.440690994262695,False,False,"Fact-checking unproven claims about Hunter Biden and child pornography
- There is no evidence that a laptop previously belonging to Hunter Biden contains child pornography.
The allegation originated on an anonymous internet forum that’s a known source of online disinformation.
Two weeks until Electi"
37,Refuted,Refuted,supported,2,Legal investigations have confirmed that underage girls were featured on Hunter Biden's laptop.,only fake evidence,Hunter Biden laptop underage girls investigation law enforcement,4,https://www.google.com/search?q=Did+the+Breitbart+News+report+that+the+daughter+of+Delaware+Democratic+Senator+Chris+Coons+and+seven+other+underaged+girls+were+featured+on+Hunter+Biden%27s+laptop%3F&sourceid=chrome&ie=UTF-8,17.561279296875,True,False,"No evidence Hunter Biden had photos of Coons' daughter - PolitiFact
www.politifact.com › factchecks › oct › facebook-posts › no-evidence-hun...
26 Oct 2020 · There is no evidence that a computer hard drive previously belonging to Hunter Biden contains illicit images of Coons' teenage daughter.
1 day"
77,Supported,Supported,refuted,0,Approximately one-third (not 26%) of U.S. excess deaths during this specific period could not be directly attributed to COVID-19,"contradicted by fake — the only real source found 26% across Feb–Sept 2020 in 1,021 counties, not ~33% for March–August nationally; fake sources aggressively pushed '100% attributed' to refute the claim",CDC excess deaths March 1 August 1 2020 not attributed COVID-19 percentage United States,0,https://www.cnn.com/2020/10/12/health/us-deaths-covid-19-pandemic-jama-study/index.html,14.02668285369873,False,False,"During the coronavirus pandemic so far, there were 20% more deaths than would normally be expected from March 1 through August 1 in the United States – with Covid-19 officially accounting for about two-thirds of them, according to new research published Monday in the medical journal JAMA.
“Although "
77,Supported,Supported,refuted,0,Approximately one-third (not 26%) of U.S. excess deaths during this specific period could not be directly attributed to COVID-19,"contradicted by fake — the only real source found 26% across Feb–Sept 2020 in 1,021 counties, not ~33% for March–August nationally; fake sources aggressively pushed '100% attributed' to refute the claim",CDC excess deaths March 1 August 1 2020 not attributed COVID-19 percentage United States,1,https://www.foxnews.com/health/coronavirus-us-excess-deaths-study,14.944581985473633,False,False,"The U.S. saw 20% more deaths than expected from March to August, 67% of which were attributed to COVID-19, according to new research.
Researchers from Virginia Commonwealth University (VCU) and Yale University published findings on Tuesday in JAMA, in which they analyzed death data from the National"
77,Supported,Supported,refuted,0,Approximately one-third (not 26%) of U.S. excess deaths during this specific period could not be directly attributed to COVID-19,"contradicted by fake — the only real source found 26% across Feb–Sept 2020 in 1,021 counties, not ~33% for March–August nationally; fake sources aggressively pushed '100% attributed' to refute the claim",CDC excess deaths March 1 August 1 2020 not attributed COVID-19 percentage United States,2,https://medicalxpress.com/news/2020-10-deaths-percent-july.html,15.032341957092285,False,False,"U.S. deaths up 20 percent from March through July 2020
(HealthDay)—The number of expected U.S. deaths increased considerably from March through July 2020, with 67 percent of these excess deaths attributed to COVID-19; and the United States has experienced high COVID-19-associated mortality compared "
77,Supported,Supported,refuted,0,Approximately one-third (not 26%) of U.S. excess deaths during this specific period could not be directly attributed to COVID-19,"contradicted by fake — the only real source found 26% across Feb–Sept 2020 in 1,021 counties, not ~33% for March–August nationally; fake sources aggressively pushed '100% attributed' to refute the claim",CDC excess deaths March 1 August 1 2020 not attributed COVID-19 percentage United States,3,https://www.cbsnews.com/baltimore/news/us-sees-20-more-deaths-than-expected-this-year-most-due-to-covid-19-maryland-among-states-with-biggest-jump-research-finds/,15.047147750854492,False,False,"US Sees 20% More Deaths Than Expected This Year, Most Due To COVID-19; Maryland Among States With Biggest Jump, Research Finds
(CNN/WJZ) -- During the coronavirus pandemic so far, there were 20% more deaths than would normally be expected from March 1 through August 1 in the United States -- with Co"
77,Supported,Supported,refuted,0,Approximately one-third (not 26%) of U.S. excess deaths during this specific period could not be directly attributed to COVID-19,"contradicted by fake — the only real source found 26% across Feb–Sept 2020 in 1,021 counties, not ~33% for March–August nationally; fake sources aggressively pushed '100% attributed' to refute the claim",CDC excess deaths March 1 August 1 2020 not attributed COVID-19 percentage United States,4,https://theconversation.com/279-700-extra-deaths-in-the-us-so-far-in-this-pandemic-year-147887,16.471036911010742,False,False,"The number of deaths in the United States through September 2020 is at least 10% and likely 13% higher than it would have been if the coronavirus pandemic had never happened, according to Centers for Disease Control and Prevention data.
Conservatively, that’s at least 224,173 deaths and probably as "
77,Supported,Supported,refuted,1,CDC public health analyses specifically examined excess deaths and found a portion not directly attributed to COVID-19 in death records,"only fake evidence — all retrieved CDC-sourced items were fake, while the real evidence came from a Penn Medicine county-level study, not a CDC report",CDC MMWR NCHS excess deaths not assigned COVID-19 cause of death 2020,0,https://jamanetwork.com/journals/jama/fullarticle/2771761,17.44363021850586,False,False,"Previous studies of excess deaths (the gap between observed and expected deaths) during the coronavirus disease 2019 (COVID-19) pandemic found that publicly reported COVID-19 deaths underestimated the full death toll, which includes documented and undocumented deaths from the virus and non–COVID-19 "
77,Supported,Supported,refuted,1,CDC public health analyses specifically examined excess deaths and found a portion not directly attributed to COVID-19 in death records,"only fake evidence — all retrieved CDC-sourced items were fake, while the real evidence came from a Penn Medicine county-level study, not a CDC report",CDC MMWR NCHS excess deaths not assigned COVID-19 cause of death 2020,1,https://www.cdc.gov/mmwr/volumes/69/wr/pdfs/mm6942e2-H.pdf,17.5550479888916,False,False,"US Department of Health and Human Services/Centers for Disease Control and Prevention
Excess Deaths Associated with COVID-19, by Age and Race and Ethnicity — 
Lauren M. Rossen, PhD1; Amy M. Branum, PhD1; Farida B. Ahmad, MPH1; Paul Sutton, PhD1; Robert N. Anderson, PhD1
On October 20, 2020, this rep"
77,Supported,Supported,refuted,1,CDC public health analyses specifically examined excess deaths and found a portion not directly attributed to COVID-19 in death records,"only fake evidence — all retrieved CDC-sourced items were fake, while the real evidence came from a Penn Medicine county-level study, not a CDC report",CDC MMWR NCHS excess deaths not assigned COVID-19 cause of death 2020,2,https://pubmed.ncbi.nlm.nih.gov/32609310/,18.081388473510742,False,False,"Estimation of Excess Deaths Associated With the COVID-19 Pandemic in the United States, March to May 2020
Estimation of Excess Deaths Associated With the COVID-19 Pandemic in the United States, March to May 2020
Importance: Efforts to track the severity and public health impact of coronavirus diseas"
77,Supported,Supported,refuted,1,CDC public health analyses specifically examined excess deaths and found a portion not directly attributed to COVID-19 in death records,"only fake evidence — all retrieved CDC-sourced items were fake, while the real evidence came from a Penn Medicine county-level study, not a CDC report",CDC MMWR NCHS excess deaths not assigned COVID-19 cause of death 2020,3,https://theconversation.com/279-700-extra-deaths-in-the-us-so-far-in-this-pandemic-year-147887,18.252391815185547,False,False,"The number of deaths in the United States through September 2020 is at least 10% and likely 13% higher than it would have been if the coronavirus pandemic had never happened, according to Centers for Disease Control and Prevention data.
Conservatively, that’s at least 224,173 deaths and probably as "
77,Supported,Supported,refuted,1,CDC public health analyses specifically examined excess deaths and found a portion not directly attributed to COVID-19 in death records,"only fake evidence — all retrieved CDC-sourced items were fake, while the real evidence came from a Penn Medicine county-level study, not a CDC report",CDC MMWR NCHS excess deaths not assigned COVID-19 cause of death 2020,4,https://pubmed.ncbi.nlm.nih.gov/32609307/,18.310274124145508,False,False,"Excess Deaths From COVID-19 and Other Causes, March-April 2020
Excess Deaths From COVID-19 and Other Causes, March-April 2020
This study uses data from the National Center for Health Statistics to estimate excess deaths (ie, the difference between observed and expected deaths) in the US and the Dist"
77,Supported,Supported,refuted,2,Indirect effects of the pandemic such as healthcare system disruptions and avoidance of medical care caused excess deaths not directly linked to COVID-19,not retrieved — the fact-checker's real evidence quantified non-COVID excess deaths but never addressed the causal mechanism of delayed or avoided medical care,delayed medical care healthcare avoidance excess deaths pandemic 2020 United States not COVID-19,0,https://www.cdc.gov/mmwr/volumes/69/wr/mm6936a4.htm,15.965937614440918,False,False,"Delay or Avoidance of Medical Care Because of COVID-19–Related Concerns — United States, June 2020
Mark É. Czeisler1,2; Kristy Marynak, MPP3,4; Kristie E.N. Clarke, MD3; Zainab Salah, MPH3; Iju Shakya, MPH3; JoAnn M. Thierry, PhD3; Nida Ali, PhD3; Hannah McMillan, MPH3; Joshua F. Wiley, PhD1; Matthe"
77,Supported,Supported,refuted,2,Indirect effects of the pandemic such as healthcare system disruptions and avoidance of medical care caused excess deaths not directly linked to COVID-19,not retrieved — the fact-checker's real evidence quantified non-COVID excess deaths but never addressed the causal mechanism of delayed or avoided medical care,delayed medical care healthcare avoidance excess deaths pandemic 2020 United States not COVID-19,1,https://theconversation.com/279-700-extra-deaths-in-the-us-so-far-in-this-pandemic-year-147887,18.73846435546875,False,False,"The number of deaths in the United States through September 2020 is at least 10% and likely 13% higher than it would have been if the coronavirus pandemic had never happened, according to Centers for Disease Control and Prevention data.
Conservatively, that’s at least 224,173 deaths and probably as "
77,Supported,Supported,refuted,2,Indirect effects of the pandemic such as healthcare system disruptions and avoidance of medical care caused excess deaths not directly linked to COVID-19,not retrieved — the fact-checker's real evidence quantified non-COVID excess deaths but never addressed the causal mechanism of delayed or avoided medical care,delayed medical care healthcare avoidance excess deaths pandemic 2020 United States not COVID-19,2,https://www.cdc.gov/mmwr/volumes/69/wr/pdfs/mm6942e2-H.pdf,19.189998626708984,False,False,"US Department of Health and Human Services/Centers for Disease Control and Prevention
Excess Deaths Associated with COVID-19, by Age and Race and Ethnicity — 
Lauren M. Rossen, PhD1; Amy M. Branum, PhD1; Farida B. Ahmad, MPH1; Paul Sutton, PhD1; Robert N. Anderson, PhD1
On October 20, 2020, this rep"
77,Supported,Supported,refuted,2,Indirect effects of the pandemic such as healthcare system disruptions and avoidance of medical care caused excess deaths not directly linked to COVID-19,not retrieved — the fact-checker's real evidence quantified non-COVID excess deaths but never addressed the causal mechanism of delayed or avoided medical care,delayed medical care healthcare avoidance excess deaths pandemic 2020 United States not COVID-19,3,https://penntoday.upenn.edu/news/US-covid-deaths-may-be-underestimated-36-percent,19.370271682739258,False,False,"More than 200,000 people in the United States have now died from COVID-19. But the death toll of the U.S. epidemic is likely much higher, according to a new, first-of-its-kind study from researchers at the University of Pennsylvania, Boston University, and the Robert Wood Johnson Foundation.
Availab"
77,Supported,Supported,refuted,2,Indirect effects of the pandemic such as healthcare system disruptions and avoidance of medical care caused excess deaths not directly linked to COVID-19,not retrieved — the fact-checker's real evidence quantified non-COVID excess deaths but never addressed the causal mechanism of delayed or avoided medical care,delayed medical care healthcare avoidance excess deaths pandemic 2020 United States not COVID-19,4,https://medicalxpress.com/news/2020-10-deaths-percent-july.html,19.520963668823242,False,False,"U.S. deaths up 20 percent from March through July 2020
(HealthDay)—The number of expected U.S. deaths increased considerably from March through July 2020, with 67 percent of these excess deaths attributed to COVID-19; and the United States has experienced high COVID-19-associated mortality compared "
77,Supported,Supported,refuted,3,"Excess deaths were measured above historical averages for the United States during the March 1 to August 1, 2020 period specifically","not retrieved — the real Penn study used Feb–Sept 2020 across only 1,021 counties, not the national March–August timeframe; no real source confirmed national excess deaths for the exact claim period",CDC total excess deaths United States March 2020 August 2020 national estimate,0,https://theconversation.com/279-700-extra-deaths-in-the-us-so-far-in-this-pandemic-year-147887,16.299419403076172,False,False,"The number of deaths in the United States through September 2020 is at least 10% and likely 13% higher than it would have been if the coronavirus pandemic had never happened, according to Centers for Disease Control and Prevention data.
Conservatively, that’s at least 224,173 deaths and probably as "
77,Supported,Supported,refuted,3,"Excess deaths were measured above historical averages for the United States during the March 1 to August 1, 2020 period specifically","not retrieved — the real Penn study used Feb–Sept 2020 across only 1,021 counties, not the national March–August timeframe; no real source confirmed national excess deaths for the exact claim period",CDC total excess deaths United States March 2020 August 2020 national estimate,1,https://www.foxnews.com/health/coronavirus-us-excess-deaths-study,16.466350555419922,False,False,"The U.S. saw 20% more deaths than expected from March to August, 67% of which were attributed to COVID-19, according to new research.
Researchers from Virginia Commonwealth University (VCU) and Yale University published findings on Tuesday in JAMA, in which they analyzed death data from the National"
77,Supported,Supported,refuted,3,"Excess deaths were measured above historical averages for the United States during the March 1 to August 1, 2020 period specifically","not retrieved — the real Penn study used Feb–Sept 2020 across only 1,021 counties, not the national March–August timeframe; no real source confirmed national excess deaths for the exact claim period",CDC total excess deaths United States March 2020 August 2020 national estimate,2,https://medicalxpress.com/news/2020-10-deaths-percent-july.html,16.5008544921875,False,False,"U.S. deaths up 20 percent from March through July 2020
(HealthDay)—The number of expected U.S. deaths increased considerably from March through July 2020, with 67 percent of these excess deaths attributed to COVID-19; and the United States has experienced high COVID-19-associated mortality compared "
77,Supported,Supported,refuted,3,"Excess deaths were measured above historical averages for the United States during the March 1 to August 1, 2020 period specifically","not retrieved — the real Penn study used Feb–Sept 2020 across only 1,021 counties, not the national March–August timeframe; no real source confirmed national excess deaths for the exact claim period",CDC total excess deaths United States March 2020 August 2020 national estimate,3,https://www.cnn.com/2020/10/12/health/us-deaths-covid-19-pandemic-jama-study/index.html,16.592397689819336,False,False,"During the coronavirus pandemic so far, there were 20% more deaths than would normally be expected from March 1 through August 1 in the United States – with Covid-19 officially accounting for about two-thirds of them, according to new research published Monday in the medical journal JAMA.
“Although "
77,Supported,Supported,refuted,3,"Excess deaths were measured above historical averages for the United States during the March 1 to August 1, 2020 period specifically","not retrieved — the real Penn study used Feb–Sept 2020 across only 1,021 counties, not the national March–August timeframe; no real source confirmed national excess deaths for the exact claim period",CDC total excess deaths United States March 2020 August 2020 national estimate,4,https://www.cdc.gov/mmwr/volumes/69/wr/pdfs/mm6942e2-H.pdf,17.183263778686523,False,False,"US Department of Health and Human Services/Centers for Disease Control and Prevention
Excess Deaths Associated with COVID-19, by Age and Race and Ethnicity — 
Lauren M. Rossen, PhD1; Amy M. Branum, PhD1; Farida B. Ahmad, MPH1; Paul Sutton, PhD1; Robert N. Anderson, PhD1
On October 20, 2020, this rep"
92,Supported,Supported,refuted,0,Kamala Harris is a US Senator and former Attorney General of California.,not retrieved,Kamala Harris US Senator former Attorney General California,0,https://www.latimes.com/politics/la-pol-ca-senate-harris-milestones-20160706-snap-htmlstory.html,14.36267375946045,False,False,"8 things to know about Senate candidate Kamala Harris’ career gold stars and demerits
The bedrock of Kamala Harris’s U.S. Senate campaign has been her record as California attorney general and as San Francisco district attorney.
She has said her experience in those posts provides ample proof that sh"
92,Supported,Supported,refuted,0,Kamala Harris is a US Senator and former Attorney General of California.,not retrieved,Kamala Harris US Senator former Attorney General California,1,https://people.com/tag/kamala-harris/,15.25146770477295,False,False,"Kamala Harris has served as the 49th vice president of the United States since 2021. She is the highest-ranking woman in U.S. history — the first female, first Black and first Asian person to bear the title.
Harris, a Democrat, represented California in the U.S. Senate from 2017 to 2021, and previou"
92,Supported,Supported,refuted,0,Kamala Harris is a US Senator and former Attorney General of California.,not retrieved,Kamala Harris US Senator former Attorney General California,2,https://www.foxnews.com/politics/kamala-harris-career-from-california-district-attorney-to-the-senate,15.799796104431152,False,False,"Kamala Harris’ rise to political power started in California, where she served as a district attorney and attorney general for the state.
Harris, 54, has broken many barriers in her career, becoming the first African-American and woman to serve as California’s attorney general.
And when she joined t"
92,Supported,Supported,refuted,0,Kamala Harris is a US Senator and former Attorney General of California.,not retrieved,Kamala Harris US Senator former Attorney General California,3,https://www.pbs.org/newshour/politics/what-does-kamala-harris-believe-where-the-candidate-stands-on-9-issues,16.025379180908203,False,False,"Kamala Harris is a barrier-breaking, first-term senator from California, a former district attorney and state attorney general, a devoted fan of Converse sneakers, and the co-founder of a dance group in high school called “Midnight Magic.”
Harris is just the second African-American woman elected to "
92,Supported,Supported,refuted,0,Kamala Harris is a US Senator and former Attorney General of California.,not retrieved,Kamala Harris US Senator former Attorney General California,4,https://projects.sfchronicle.com/2019/visuals/kamala-harris-2020/,16.060277938842773,False,False,"After much anticipation, California Sen. Kamala Harris announced she is running for president. She joins a growing field of Democrats planning to challenge President Trump in the 2020 election.
Harris kicked off her campaign with events in her hometown of Oakland and in Columbia, S.C.
Kamala Devi Ha"
92,Supported,Supported,refuted,1,Kamala Harris graduated from law school and took the bar exam.,only fake evidence,Kamala Harris graduated law school took bar exam,0,https://lawnews.tv/my-classmate-kamala-harris-rode-affirmative-action-leop-willie-etc/,16.139463424682617,False,False,"Kamala Harris and I were both in the Class of 1989 at UC Hastings College of Law, but I did not know her personally — Hastings was in 1986-1989 a large law school (about 1500 students).
Although I passed the bar exam the first time I sat for it and was admitted in December of 1989, for some reason K"
92,Supported,Supported,refuted,1,Kamala Harris graduated from law school and took the bar exam.,only fake evidence,Kamala Harris graduated law school took bar exam,1,https://vault.com/blogs/vaults-law-blog-legal-careers-and-industry-news/career-path-of-kamala-harris-from-activist-daughter-to-vp-nominee,16.51429557800293,False,False,"Kamala Harris’s Inspiring Career Path: From Activist Daughter to VP Nominee
For many people, law school isn’t just a stop on the way to a career as an attorney but a stepping stone to a life of service.
Take Democratic vice-presidential candidate Kamala Harris, for example. From a young age, Harris "
92,Supported,Supported,refuted,1,Kamala Harris graduated from law school and took the bar exam.,only fake evidence,Kamala Harris graduated law school took bar exam,2,https://candidateresearch.org/candidates/kamala-harris/,16.679189682006836,False,False,"Kamala Harris is currently the junior senator from the State of California. She is seeking the Democratic Party’s nomination for the 2020 presidential election.
Prior to being elected to the U.S. Senate, Harris served as the Attorney General for the State of California and the District Attorney for "
92,Supported,Supported,refuted,1,Kamala Harris graduated from law school and took the bar exam.,only fake evidence,Kamala Harris graduated law school took bar exam,3,https://www.distractify.com/p/did-kamala-harris-fail-the-bar-exam,16.992403030395508,False,False,"Yes, Kamala Harris Did Fail the Bar Exam, and Trolls Are Scorching Her for It
Some standardized tests have absolute brutal reputations. The MCAT is known for being a cruel mistress, and so is the Bar examination for folks interested in pursuing a career in law.
But was it so difficult that even Kama"
92,Supported,Supported,refuted,1,Kamala Harris graduated from law school and took the bar exam.,only fake evidence,Kamala Harris graduated law school took bar exam,4,https://www.foxnews.com/politics/kamala-harris-career-from-california-district-attorney-to-the-senate,16.999935150146484,False,False,"Kamala Harris’ rise to political power started in California, where she served as a district attorney and attorney general for the state.
Harris, 54, has broken many barriers in her career, becoming the first African-American and woman to serve as California’s attorney general.
And when she joined t"
92,Supported,Supported,refuted,2,Kamala Harris failed the bar exam on her first attempt.,contradicted by fake,Kamala Harris failed bar exam first attempt,0,https://www.distractify.com/p/did-kamala-harris-fail-the-bar-exam,11.877484321594238,False,False,"Yes, Kamala Harris Did Fail the Bar Exam, and Trolls Are Scorching Her for It
Some standardized tests have absolute brutal reputations. The MCAT is known for being a cruel mistress, and so is the Bar examination for folks interested in pursuing a career in law.
But was it so difficult that even Kama"
92,Supported,Supported,refuted,2,Kamala Harris failed the bar exam on her first attempt.,contradicted by fake,Kamala Harris failed bar exam first attempt,1,https://jdadvising.com/did-kamala-harris-fail-the-bar-exam/,12.365782737731934,False,False,"Due to the delay of the July 2020 bar exam in many states, results may be released around Election Day.
This will overlap with many fall 2020 bar exam results being released. To talk about both, we answer the question did Kamala Harris fail the bar exam, and what happens if I do too?
Yes, it is true"
92,Supported,Supported,refuted,2,Kamala Harris failed the bar exam on her first attempt.,contradicted by fake,Kamala Harris failed bar exam first attempt,2,https://lawnews.tv/my-classmate-kamala-harris-rode-affirmative-action-leop-willie-etc/,16.431976318359375,False,False,"Kamala Harris and I were both in the Class of 1989 at UC Hastings College of Law, but I did not know her personally — Hastings was in 1986-1989 a large law school (about 1500 students).
Although I passed the bar exam the first time I sat for it and was admitted in December of 1989, for some reason K"
92,Supported,Supported,refuted,2,Kamala Harris failed the bar exam on her first attempt.,contradicted by fake,Kamala Harris failed bar exam first attempt,3,https://girlattorney.com/nobody-wants-to-fail-the-bar-exam-but-it-happens-even-to-kamala-harris/,16.441064834594727,False,False,"“This week, U.S. Attorney General Jeff Sessions testified in front of the Senate Intelligence Committee hearing on Russia and possible ties to the presidential campaign of Donald Trump.
Some of the more memorable exchanges came between Sessions and Sen. Kamala Harris of California. I won’t go into t"
92,Supported,Supported,refuted,2,Kamala Harris failed the bar exam on her first attempt.,contradicted by fake,Kamala Harris failed bar exam first attempt,4,https://candidateresearch.org/candidates/kamala-harris/,18.553442001342773,False,False,"Kamala Harris is currently the junior senator from the State of California. She is seeking the Democratic Party’s nomination for the 2020 presidential election.
Prior to being elected to the U.S. Senate, Harris served as the Attorney General for the State of California and the District Attorney for "
92,Supported,Supported,refuted,3,Kamala Harris later passed the bar exam on a subsequent attempt to become a practicing lawyer.,contradicted by fake,Kamala Harris passed bar exam after failing first attempt,0,https://jdadvising.com/did-kamala-harris-fail-the-bar-exam/,12.449007034301758,False,False,"Due to the delay of the July 2020 bar exam in many states, results may be released around Election Day.
This will overlap with many fall 2020 bar exam results being released. To talk about both, we answer the question did Kamala Harris fail the bar exam, and what happens if I do too?
Yes, it is true"
92,Supported,Supported,refuted,3,Kamala Harris later passed the bar exam on a subsequent attempt to become a practicing lawyer.,contradicted by fake,Kamala Harris passed bar exam after failing first attempt,1,https://www.distractify.com/p/did-kamala-harris-fail-the-bar-exam,12.481783866882324,False,False,"Yes, Kamala Harris Did Fail the Bar Exam, and Trolls Are Scorching Her for It
Some standardized tests have absolute brutal reputations. The MCAT is known for being a cruel mistress, and so is the Bar examination for folks interested in pursuing a career in law.
But was it so difficult that even Kama"
92,Supported,Supported,refuted,3,Kamala Harris later passed the bar exam on a subsequent attempt to become a practicing lawyer.,contradicted by fake,Kamala Harris passed bar exam after failing first attempt,2,https://lawnews.tv/my-classmate-kamala-harris-rode-affirmative-action-leop-willie-etc/,16.85817527770996,False,False,"Kamala Harris and I were both in the Class of 1989 at UC Hastings College of Law, but I did not know her personally — Hastings was in 1986-1989 a large law school (about 1500 students).
Although I passed the bar exam the first time I sat for it and was admitted in December of 1989, for some reason K"
92,Supported,Supported,refuted,3,Kamala Harris later passed the bar exam on a subsequent attempt to become a practicing lawyer.,contradicted by fake,Kamala Harris passed bar exam after failing first attempt,3,https://girlattorney.com/nobody-wants-to-fail-the-bar-exam-but-it-happens-even-to-kamala-harris/,17.49764060974121,False,False,"“This week, U.S. Attorney General Jeff Sessions testified in front of the Senate Intelligence Committee hearing on Russia and possible ties to the presidential campaign of Donald Trump.
Some of the more memorable exchanges came between Sessions and Sen. Kamala Harris of California. I won’t go into t"
92,Supported,Supported,refuted,3,Kamala Harris later passed the bar exam on a subsequent attempt to become a practicing lawyer.,contradicted by fake,Kamala Harris passed bar exam after failing first attempt,4,http://southwestbarreview.com/blog/,17.548847198486328,False,False,"December 7, 2020 We want to be among the first to congratulate all of our Southwest Bar Review October 2020 successful bar exam candidates.
Passing the Texas bar exam is an achievement to be celebrated particularly in these challenging times.
April 24, 2020 Congratulations to all of our Southwest Ba"
93,Supported,Supported,refuted,0,Amy Coney Barrett completed her Juris Doctor degree at Notre Dame Law School.,contradicted by fake,Amy Coney Barrett J.D. degree Notre Dame Law School,0,https://law.nd.edu/news-events/news/professor-amy-coney-barrett-recognized-at-notre-dame-football-game/,13.90084457397461,False,False,"Professor Amy Coney Barrett Recognized at Notre Dame Football Game
The University honored Notre Dame Law School Professor Amy Coney Barrett, Diane and M.O. Miller, II Research Chair in Law, as a 2016 Featured Faculty during a commercial break in the third quarter of the Duke University football game"
93,Supported,Supported,refuted,0,Amy Coney Barrett completed her Juris Doctor degree at Notre Dame Law School.,contradicted by fake,Amy Coney Barrett J.D. degree Notre Dame Law School,1,https://works.bepress.com/amy_barrett/,14.349234580993652,False,False,"The Honorable Amy Coney Barrett serves as an associate justice of the U.S. Supreme Court. She
was nominated by President Donald Trump and confirmed by the U.S. Senate on October 26,
Previously, she served as a judge on the U.S. Court of Appeals for the Seventh Circuit from
October 2017 until her con"
93,Supported,Supported,refuted,0,Amy Coney Barrett completed her Juris Doctor degree at Notre Dame Law School.,contradicted by fake,Amy Coney Barrett J.D. degree Notre Dame Law School,2,https://constitutional-structure.nd.edu/news/page/2/,14.350265502929688,False,False,"ND Law School hosts investiture of Judge Amy Coney Barrett
Judge Amy Coney Barrett, ’97 J.D., of the U.S. Court of Appeals for the Seventh Circuit. // Photos by Notre Dame Law Professor Julian Velasco.
Notre Dame Law School was privileged on Friday to celebrate a beloved alumna and professor, Amy Co"
93,Supported,Supported,refuted,0,Amy Coney Barrett completed her Juris Doctor degree at Notre Dame Law School.,contradicted by fake,Amy Coney Barrett J.D. degree Notre Dame Law School,3,https://news.nd.edu/news/notre-dame-law-school-professor-barrett-nominated-to-us-supreme-court/,14.377608299255371,False,False,"Judge Amy Coney Barrett, professor of law at the University of Notre Dame and a 1997 graduate of Notre Dame Law School, was nominated today to the Supreme Court of the United States to fill the vacancy created by the death of Associate Justice Ruth Bader Ginsburg.
She is the first Notre Dame graduat"
93,Supported,Supported,refuted,0,Amy Coney Barrett completed her Juris Doctor degree at Notre Dame Law School.,contradicted by fake,Amy Coney Barrett J.D. degree Notre Dame Law School,4,https://law.nd.edu/news-events/news/professor-amy-coney-barrett-to-deliver-notre-dame-law-school-commencement-address/,14.988261222839355,False,False,"Professor Amy Coney Barrett to Deliver Notre Dame Law School Commencement Address
Notre Dame Law Students have selected Amy Coney Barrett, Diane and M.O. Miller, II Research Chair in Law, for the 2016 Law School Distinguished Teaching Award.
Barrett will address the graduates at Notre Dame Law Schoo"
93,Supported,Supported,refuted,1,Amy Coney Barrett graduated first in her class at Notre Dame Law School.,only fake evidence,Amy Coney Barrett class rank graduation Notre Dame Law School,0,https://law.nd.edu/news-events/news/professor-amy-coney-barrett-to-deliver-notre-dame-law-school-commencement-address/,14.115880012512207,False,False,"Professor Amy Coney Barrett to Deliver Notre Dame Law School Commencement Address
Notre Dame Law Students have selected Amy Coney Barrett, Diane and M.O. Miller, II Research Chair in Law, for the 2016 Law School Distinguished Teaching Award.
Barrett will address the graduates at Notre Dame Law Schoo"
93,Supported,Supported,refuted,1,Amy Coney Barrett graduated first in her class at Notre Dame Law School.,only fake evidence,Amy Coney Barrett class rank graduation Notre Dame Law School,1,https://law.nd.edu/news-events/news/professor-amy-coney-barrett-recognized-at-notre-dame-football-game/,15.313488960266113,False,False,"Professor Amy Coney Barrett Recognized at Notre Dame Football Game
The University honored Notre Dame Law School Professor Amy Coney Barrett, Diane and M.O. Miller, II Research Chair in Law, as a 2016 Featured Faculty during a commercial break in the third quarter of the Duke University football game"
93,Supported,Supported,refuted,1,Amy Coney Barrett graduated first in her class at Notre Dame Law School.,only fake evidence,Amy Coney Barrett class rank graduation Notre Dame Law School,2,https://news.nd.edu/news/notre-dame-law-school-professor-barrett-nominated-to-us-supreme-court/,15.537181854248047,False,False,"Judge Amy Coney Barrett, professor of law at the University of Notre Dame and a 1997 graduate of Notre Dame Law School, was nominated today to the Supreme Court of the United States to fill the vacancy created by the death of Associate Justice Ruth Bader Ginsburg.
She is the first Notre Dame graduat"
93,Supported,Supported,refuted,1,Amy Coney Barrett graduated first in her class at Notre Dame Law School.,only fake evidence,Amy Coney Barrett class rank graduation Notre Dame Law School,3,https://www.abc57.com/news/amy-coney-barrett-students-proud-of-her-nomination,15.73575496673584,False,False,"Amy Coney Barrett Students 'proud' of her nomination
""I was very impressed with her intelligence and her ability to grasp the law,"" said Stan Wruble, Barrett's classmate at Notre Dame's law school.
""As you might imagine there are a lot of smart people who go to Notre Dame Law School, but she was cle"
93,Supported,Supported,refuted,1,Amy Coney Barrett graduated first in her class at Notre Dame Law School.,only fake evidence,Amy Coney Barrett class rank graduation Notre Dame Law School,4,https://sycamoretrust.org/supporting-amy-coney-barrett/,16.062335968017578,False,False,"As we have said before, Judge Amy Coney Barrett is, in all respects, an estimable candidate for the next Associate Justice of the Supreme Court.
Her confirmation would do great honor to Notre Dame’s law school and to the entire Notre Dame community.
If you are a Notre Dame law school alumnus/a, we u"
54,Refuted,Refuted,supported,0,The COVID-19 pandemic caused severe disruptions to global trade in the first half of 2020.,not retrieved,COVID-19 impact on global trade 2020 first half disruptions,0,https://www.wto.org/english/news_e/pres20_e/pr855_e.htm,19.240684509277344,False,False,"- World merchandise trade is set to plummet by between 13 and 32% in 2020 due to the COVID-19 pandemic.
- A 2021 recovery in trade is expected, but dependent on the duration of the outbreak and the effectiveness of the policy responses.
- Nearly all regions will suffer double-digit declines in trade"
54,Refuted,Refuted,supported,0,The COVID-19 pandemic caused severe disruptions to global trade in the first half of 2020.,not retrieved,COVID-19 impact on global trade 2020 first half disruptions,1,https://m.economictimes.com/news/economy/foreign-trade/india-china-could-explore-measures-to-boost-trade-hit-by-covid-19/articleshow/74977563.cms,20.186410903930664,False,False,"China is a major market for Indian products including seafood, petrochemicals, gems and jewellery, but India’s export of these products to its neighbor has been impacted by the virus outbreak.
According to Chinese official data, trade between the two countries in January and February of 2020 was dow"
54,Refuted,Refuted,supported,0,The COVID-19 pandemic caused severe disruptions to global trade in the first half of 2020.,not retrieved,COVID-19 impact on global trade 2020 first half disruptions,2,https://libertystreeteconomics.newyorkfed.org/2020/05/how-did-chinas-covid-19-shutdown-affect-us-supply-chains/,20.238069534301758,False,False,"The COVID-19 pandemic has had a significant impact on trade between the United States and China so far.
As workers became sick or were quarantined, factories temporarily closed, disrupting international supply chains.
At the same time, the trade relationship between the United States and China has b"
54,Refuted,Refuted,supported,0,The COVID-19 pandemic caused severe disruptions to global trade in the first half of 2020.,not retrieved,COVID-19 impact on global trade 2020 first half disruptions,3,https://unctad.org/news/case-study-chinas-trade-facilitation-responses-covid-19-pandemic,21.04164695739746,False,False,"Written by: Pamela Ugaz and Sijia SunArticle No. 52 [Transport and Trade Facilitation Newsletter, Special COVID-19 Edition]
With the unprecedented global spread of COVID-19 in only one month, the World Health Organization has declared the virus a pandemic.
The COVID-19 poses a severe global threat, "
54,Refuted,Refuted,supported,0,The COVID-19 pandemic caused severe disruptions to global trade in the first half of 2020.,not retrieved,COVID-19 impact on global trade 2020 first half disruptions,4,https://unctad.org/system/files/official-document/wir2020_en.pdf,21.221525192260742,False,False,"U N I T E D  N A T I O N S  C O N F E R E N C E  O N  T R A D E  A N D  D E V E L O P M E N T
U N I T E D  N A T I O N S  C O N F E R E N C E  O N  T R A D E  A N D  D E V E L O P M E N T
World Investment Report 2020   International Production Beyond the Pandemic
Requests to reproduce excerpts or to"
54,Refuted,Refuted,supported,1,"India implemented a nationwide lockdown in late March 2020, which significantly reduced domestic economic activity and import demand in April and May.",not retrieved,India lockdown March 2020 impact on imports and economic activity April May,0,https://timesofindia.indiatimes.com/business/india-business/indias-imports-from-china-dip-27-63-during-april-august-piyush-goyal/articleshow/78237856.cms,19.103116989135742,True,False,"NEW DELHI: India's imports from China declined by 27.63 per cent during April-August this fiscal to $21.58 billion over the same period previous year, Parliament was informed on Monday.
Value of imports from China stood at $4.98 billion in August and $5.58 in July, according to the data provided by "
54,Refuted,Refuted,supported,1,"India implemented a nationwide lockdown in late March 2020, which significantly reduced domestic economic activity and import demand in April and May.",not retrieved,India lockdown March 2020 impact on imports and economic activity April May,1,https://www.eastasiaforum.org/2020/05/28/reconfiguring-indias-exports-during-covid-19/,19.523300170898438,False,False,"India’s merchandise exports declined by 23.8 per cent in January–April 2020 compared to the same period in 2019.
Exports plummeted from US$26.07 billion in April 2019 to US$10.36 billion in April 2020 with a negative growth rate of 60.3 per cent.
All major commodity groups except iron ore and drugs "
54,Refuted,Refuted,supported,1,"India implemented a nationwide lockdown in late March 2020, which significantly reduced domestic economic activity and import demand in April and May.",not retrieved,India lockdown March 2020 impact on imports and economic activity April May,2,https://psuwatch.com/national-news/india-imports-china-decline-160-60-billion-april-july-piyush-goyal,19.73378562927246,False,False,"New Delhi: India's imports from China during the April-July period decreased to $16.60 billion from $23.45 billion in the corresponding period of the previous year, said Minister for Commerce and Industry Piyush Goyal on Wednesday.
""Due to the impact of COVID-19 pandemic there were several global an"
54,Refuted,Refuted,supported,1,"India implemented a nationwide lockdown in late March 2020, which significantly reduced domestic economic activity and import demand in April and May.",not retrieved,India lockdown March 2020 impact on imports and economic activity April May,3,https://gjepc.org/solitaire/indias-gem-jewellery-exports-recover-to-1-76-billion-in-august-2020/,19.962121963500977,False,False,"Indian gems and jewellery exports have shown signs of recovery, and registered sizeable growth from $36 million in April 2020 to $1,764.06 million in August 2020.
The recovery is attributed to growth in demand for diamonds and jewellery in international markets like the US, China, Europe, etc. which"
54,Refuted,Refuted,supported,1,"India implemented a nationwide lockdown in late March 2020, which significantly reduced domestic economic activity and import demand in April and May.",not retrieved,India lockdown March 2020 impact on imports and economic activity April May,4,https://www.oneindia.com/fact-check/fake-india-s-import-to-china-has-not-increased-by-27-per-cent-3165856.html,20.15772819519043,False,False,"Fake: India’s import to China has not increased by 27 per cent
New Delhi, Oct 20: A claim has been made that India's imports from China have increased 27 per cent.
Journalist, Pankaj Pachauri in a tweet said,' while India shows red eyes to China and invites Quad naives to encircle the Dragon, India'"
54,Refuted,Refuted,supported,2,"China experienced lockdown-induced production shutdowns in early 2020, disrupting its export capacity.",not retrieved,China lockdown early 2020 production shutdowns export disruptions,0,https://m.economictimes.com/news/economy/foreign-trade/india-china-could-explore-measures-to-boost-trade-hit-by-covid-19/articleshow/74977563.cms,19.450260162353516,False,False,"China is a major market for Indian products including seafood, petrochemicals, gems and jewellery, but India’s export of these products to its neighbor has been impacted by the virus outbreak.
According to Chinese official data, trade between the two countries in January and February of 2020 was dow"
54,Refuted,Refuted,supported,2,"China experienced lockdown-induced production shutdowns in early 2020, disrupting its export capacity.",not retrieved,China lockdown early 2020 production shutdowns export disruptions,1,https://libertystreeteconomics.newyorkfed.org/2020/05/how-did-chinas-covid-19-shutdown-affect-us-supply-chains/,20.200084686279297,False,False,"The COVID-19 pandemic has had a significant impact on trade between the United States and China so far.
As workers became sick or were quarantined, factories temporarily closed, disrupting international supply chains.
At the same time, the trade relationship between the United States and China has b"
54,Refuted,Refuted,supported,2,"China experienced lockdown-induced production shutdowns in early 2020, disrupting its export capacity.",not retrieved,China lockdown early 2020 production shutdowns export disruptions,2,https://www.newindianexpress.com/business/2020/Sep/21/indian-steelmakers-turn-net-exporters-to-china-in-april-august-crisil-2199951.html,20.917949676513672,False,False,"MUMBAI: Indian steelmakers have turned net exporters to China during April-August for the first time in several years, owing to weak domestic demand due to COVID-19 pandemic, according to Crisil Research.
With 69 per cent of semi-finished steel and 28 per cent of finished steel heading there between"
54,Refuted,Refuted,supported,2,"China experienced lockdown-induced production shutdowns in early 2020, disrupting its export capacity.",not retrieved,China lockdown early 2020 production shutdowns export disruptions,3,https://www.theweek.in/news/biz-tech/2020/09/21/india-turns-net-exporter-of-steel-to-china-for-the-first-time-in-years.html,21.484375,False,False,"The COVID-19 pandemic and the nationwide lockdown may have disrupted domestic demand, steel manufacturers in India have been boosted by a surge in exports, especially to our neighbour China, even as border tensions have risen between the two countries.
Between April and August, as domestic demand sl"
54,Refuted,Refuted,supported,2,"China experienced lockdown-induced production shutdowns in early 2020, disrupting its export capacity.",not retrieved,China lockdown early 2020 production shutdowns export disruptions,4,https://www.wto.org/english/news_e/pres20_e/pr855_e.htm,21.771944046020508,False,False,"- World merchandise trade is set to plummet by between 13 and 32% in 2020 due to the COVID-19 pandemic.
- A 2021 recovery in trade is expected, but dependent on the duration of the outbreak and the effectiveness of the policy responses.
- Nearly all regions will suffer double-digit declines in trade"
54,Refuted,Refuted,supported,3,Specific bilateral trade data for a short period like April-August 2020 is not a standard publicly emphasized statistic.,not retrieved,availability of India-China bilateral trade data April-August 2020 reporting,0,https://timesofindia.indiatimes.com/business/india-business/indias-imports-from-china-dip-27-63-during-april-august-piyush-goyal/articleshow/78237856.cms,17.98602294921875,True,False,"NEW DELHI: India's imports from China declined by 27.63 per cent during April-August this fiscal to $21.58 billion over the same period previous year, Parliament was informed on Monday.
Value of imports from China stood at $4.98 billion in August and $5.58 in July, according to the data provided by "
54,Refuted,Refuted,supported,3,Specific bilateral trade data for a short period like April-August 2020 is not a standard publicly emphasized statistic.,not retrieved,availability of India-China bilateral trade data April-August 2020 reporting,1,https://www.chinabusinessreview.com/china-and-india-greater-economic-integration/,18.10080337524414,False,False,"Rapidly expanding trade and nascent foreign investment promise stronger economic links between the world’s two fastest-growing and most populous countries.
Economic ties between China and India will play a large role in one of the most important bilateral relationships in the world by 2020.
Bilatera"
54,Refuted,Refuted,supported,3,Specific bilateral trade data for a short period like April-August 2020 is not a standard publicly emphasized statistic.,not retrieved,availability of India-China bilateral trade data April-August 2020 reporting,2,https://gjepc.org/solitaire/indias-gem-jewellery-exports-recover-to-1-76-billion-in-august-2020/,18.628450393676758,False,False,"Indian gems and jewellery exports have shown signs of recovery, and registered sizeable growth from $36 million in April 2020 to $1,764.06 million in August 2020.
The recovery is attributed to growth in demand for diamonds and jewellery in international markets like the US, China, Europe, etc. which"
54,Refuted,Refuted,supported,3,Specific bilateral trade data for a short period like April-August 2020 is not a standard publicly emphasized statistic.,not retrieved,availability of India-China bilateral trade data April-August 2020 reporting,3,https://mpra.ub.uni-muenchen.de/84156/1/MPRA_paper_84156.pdf,18.778715133666992,False,False,"MPRA Paper No. 84156, posted 03 Feb 2018 14:58 UTC
India and China started opening up in the International market very late. They
were in-ward looking economies in the beginning. But when they realized the
importance of trade, they also opened up. The nature of both the economies
changed from an in-"
54,Refuted,Refuted,supported,3,Specific bilateral trade data for a short period like April-August 2020 is not a standard publicly emphasized statistic.,not retrieved,availability of India-China bilateral trade data April-August 2020 reporting,4,https://www.thehindu.com/news/international/India-China-trade-surpasses-target/article15535404.ece,18.898813247680664,False,False,"Bilateral trade between India and China exceeded the two countries' $60 billion target last year, driven largely by rising Indian imports of Chinese machinery that have left a record trade imbalance of $20 billion in China's favour.
Figures released for last year showed that bilateral trade in 2010 "
54,Refuted,Refuted,supported,4,"General reports on India-China trade in 2020 note a decline in imports in the first quarter due to the pandemic, followed by a recovery in the later months.",not retrieved,India-China trade 2020 decline first quarter recovery later months reports,0,https://m.economictimes.com/news/economy/foreign-trade/india-china-could-explore-measures-to-boost-trade-hit-by-covid-19/articleshow/74977563.cms,16.945890426635742,False,False,"China is a major market for Indian products including seafood, petrochemicals, gems and jewellery, but India’s export of these products to its neighbor has been impacted by the virus outbreak.
According to Chinese official data, trade between the two countries in January and February of 2020 was dow"
54,Refuted,Refuted,supported,4,"General reports on India-China trade in 2020 note a decline in imports in the first quarter due to the pandemic, followed by a recovery in the later months.",not retrieved,India-China trade 2020 decline first quarter recovery later months reports,1,https://timesofindia.indiatimes.com/business/india-business/indias-imports-from-china-dip-27-63-during-april-august-piyush-goyal/articleshow/78237856.cms,17.14761734008789,True,False,"NEW DELHI: India's imports from China declined by 27.63 per cent during April-August this fiscal to $21.58 billion over the same period previous year, Parliament was informed on Monday.
Value of imports from China stood at $4.98 billion in August and $5.58 in July, according to the data provided by "
54,Refuted,Refuted,supported,4,"General reports on India-China trade in 2020 note a decline in imports in the first quarter due to the pandemic, followed by a recovery in the later months.",not retrieved,India-China trade 2020 decline first quarter recovery later months reports,2,https://www.chinabusinessreview.com/china-and-india-greater-economic-integration/,17.399141311645508,False,False,"Rapidly expanding trade and nascent foreign investment promise stronger economic links between the world’s two fastest-growing and most populous countries.
Economic ties between China and India will play a large role in one of the most important bilateral relationships in the world by 2020.
Bilatera"
54,Refuted,Refuted,supported,4,"General reports on India-China trade in 2020 note a decline in imports in the first quarter due to the pandemic, followed by a recovery in the later months.",not retrieved,India-China trade 2020 decline first quarter recovery later months reports,3,https://www.livemint.com/news/india/india-china-trade-dips-by-nearly-3-billion-in-2019-11579011500398.html,17.50408363342285,False,False,"India-China trade dips by nearly $3 billion in 2019
In the face of slacking trade, the trade deficit also declined from $58.04 in 2018 to $56.77 billion
Cumulative Indian investment in China until September 2019 is $0.92 billion
BEIJING : The bilateral trade between India and China declined by about"
54,Refuted,Refuted,supported,4,"General reports on India-China trade in 2020 note a decline in imports in the first quarter due to the pandemic, followed by a recovery in the later months.",not retrieved,India-China trade 2020 decline first quarter recovery later months reports,4,https://psuwatch.com/national-news/india-imports-china-decline-160-60-billion-april-july-piyush-goyal,17.912094116210938,False,False,"New Delhi: India's imports from China during the April-July period decreased to $16.60 billion from $23.45 billion in the corresponding period of the previous year, said Minister for Commerce and Industry Piyush Goyal on Wednesday.
""Due to the impact of COVID-19 pandemic there were several global an"
54,Refuted,Refuted,supported,5,"A claimed 27% year-on-year increase in imports from China during April-August 2020 does not match the typical narrative of a severely pandemic-disrupted trade year, especially given the April-May lockdown low base effect that would make percentage calculations volatile but not necessarily showing a strong overall increase.",contradicted by fake,India imports from China April-August 2020 year-on-year change pandemic low base effect,0,https://timesofindia.indiatimes.com/business/india-business/indias-imports-from-china-dip-27-63-during-april-august-piyush-goyal/articleshow/78237856.cms,13.82210922241211,True,False,"NEW DELHI: India's imports from China declined by 27.63 per cent during April-August this fiscal to $21.58 billion over the same period previous year, Parliament was informed on Monday.
Value of imports from China stood at $4.98 billion in August and $5.58 in July, according to the data provided by "
54,Refuted,Refuted,supported,5,"A claimed 27% year-on-year increase in imports from China during April-August 2020 does not match the typical narrative of a severely pandemic-disrupted trade year, especially given the April-May lockdown low base effect that would make percentage calculations volatile but not necessarily showing a strong overall increase.",contradicted by fake,India imports from China April-August 2020 year-on-year change pandemic low base effect,1,https://www.oneindia.com/fact-check/fake-india-s-import-to-china-has-not-increased-by-27-per-cent-3165856.html,15.627992630004883,False,False,"Fake: India’s import to China has not increased by 27 per cent
New Delhi, Oct 20: A claim has been made that India's imports from China have increased 27 per cent.
Journalist, Pankaj Pachauri in a tweet said,' while India shows red eyes to China and invites Quad naives to encircle the Dragon, India'"
54,Refuted,Refuted,supported,5,"A claimed 27% year-on-year increase in imports from China during April-August 2020 does not match the typical narrative of a severely pandemic-disrupted trade year, especially given the April-May lockdown low base effect that would make percentage calculations volatile but not necessarily showing a strong overall increase.",contradicted by fake,India imports from China April-August 2020 year-on-year change pandemic low base effect,2,https://psuwatch.com/national-news/india-imports-china-decline-160-60-billion-april-july-piyush-goyal,16.13355255126953,False,False,"New Delhi: India's imports from China during the April-July period decreased to $16.60 billion from $23.45 billion in the corresponding period of the previous year, said Minister for Commerce and Industry Piyush Goyal on Wednesday.
""Due to the impact of COVID-19 pandemic there were several global an"
54,Refuted,Refuted,supported,5,"A claimed 27% year-on-year increase in imports from China during April-August 2020 does not match the typical narrative of a severely pandemic-disrupted trade year, especially given the April-May lockdown low base effect that would make percentage calculations volatile but not necessarily showing a strong overall increase.",contradicted by fake,India imports from China April-August 2020 year-on-year change pandemic low base effect,3,https://www.thehindu.com/business/Economy/indias-imports-from-china-rise-in-june-and-july/article32320584.ece,17.749370574951172,False,False,"India’s imports from China have risen to $5.6 billion in July, climbing for the second straight month, although imports are still down by 24% from 2019.
India’s imports from China, its largest trading partner in goods, had fallen to a record low of $3.2 billion both in the months of April and May, c"
54,Refuted,Refuted,supported,5,"A claimed 27% year-on-year increase in imports from China during April-August 2020 does not match the typical narrative of a severely pandemic-disrupted trade year, especially given the April-May lockdown low base effect that would make percentage calculations volatile but not necessarily showing a strong overall increase.",contradicted by fake,India imports from China April-August 2020 year-on-year change pandemic low base effect,4,https://m.economictimes.com/news/economy/foreign-trade/india-china-could-explore-measures-to-boost-trade-hit-by-covid-19/articleshow/74977563.cms,18.113407135009766,False,False,"China is a major market for Indian products including seafood, petrochemicals, gems and jewellery, but India’s export of these products to its neighbor has been impacted by the virus outbreak.
According to Chinese official data, trade between the two countries in January and February of 2020 was dow"
54,Refuted,Refuted,supported,6,"The claim is specific enough that without precise memory of the exact reported statistic, reliance on general knowledge of the pandemic's severe trade impact in early 2020 is necessary.",not retrieved,reliability of specific trade statistics India-China 2020 public knowledge,0,https://mpra.ub.uni-muenchen.de/84156/1/MPRA_paper_84156.pdf,18.349443435668945,False,False,"MPRA Paper No. 84156, posted 03 Feb 2018 14:58 UTC
India and China started opening up in the International market very late. They
were in-ward looking economies in the beginning. But when they realized the
importance of trade, they also opened up. The nature of both the economies
changed from an in-"
54,Refuted,Refuted,supported,6,"The claim is specific enough that without precise memory of the exact reported statistic, reliance on general knowledge of the pandemic's severe trade impact in early 2020 is necessary.",not retrieved,reliability of specific trade statistics India-China 2020 public knowledge,1,https://m.economictimes.com/news/economy/foreign-trade/india-china-could-explore-measures-to-boost-trade-hit-by-covid-19/articleshow/74977563.cms,18.433635711669922,False,False,"China is a major market for Indian products including seafood, petrochemicals, gems and jewellery, but India’s export of these products to its neighbor has been impacted by the virus outbreak.
According to Chinese official data, trade between the two countries in January and February of 2020 was dow"
54,Refuted,Refuted,supported,6,"The claim is specific enough that without precise memory of the exact reported statistic, reliance on general knowledge of the pandemic's severe trade impact in early 2020 is necessary.",not retrieved,reliability of specific trade statistics India-China 2020 public knowledge,2,https://www.opindia.com/2020/10/pankaj-pachauri-fake-news-fact-check-india-exports-to-china/,18.49720573425293,False,False,"The PIB called out Pankaj Pachauri, Editor-in-Chief and Founder of Go News and formerly the communications adviser to Manmohan Singh during the latter’s Prime Ministerial tenure, on Tuesday for spreading fake news against the government regarding trade between India and China.
Pankaj Pachauri claime"
54,Refuted,Refuted,supported,6,"The claim is specific enough that without precise memory of the exact reported statistic, reliance on general knowledge of the pandemic's severe trade impact in early 2020 is necessary.",not retrieved,reliability of specific trade statistics India-China 2020 public knowledge,3,https://mpra.ub.uni-muenchen.de/84156/,18.879735946655273,False,False,"Ayyub, Salahuddin (2012): Indo-China trade relations:present trends and future prospects. Published in: Iqra International Management Journal , Vol. 1, No. 1 (July 2012): pp. 34-51.
India and China started opening up in the International market very late. They were in-ward looking economies in the b"
54,Refuted,Refuted,supported,6,"The claim is specific enough that without precise memory of the exact reported statistic, reliance on general knowledge of the pandemic's severe trade impact in early 2020 is necessary.",not retrieved,reliability of specific trade statistics India-China 2020 public knowledge,4,http://www.xinhuanet.com/english/2018-04/27/c_137141471.htm,19.245283126831055,False,False,"BEIJING, April 27 (Xinhua) -- Economic ties between China and India have become closer in recent years.
The two economies are highly complementary and have good potential for increased cooperation.
The following are some facts and figures about China-India trade and investment.
-- Bilateral trade re"
64,Refuted,Refuted,supported,0,"In 2019, Donald J. Trump agreed to dissolve the Trump Foundation and pay $2 million in damages as part of a legal settlement.",only fake evidence,Trump Foundation 2019 settlement dissolution $2 million New York Attorney General,0,https://www.commondreams.org/news/2019/11/07/2-million-and-compulsory-training-presidents-children-called-poetic-end-trump,13.928926467895508,False,False,"New York Attorney General Letitia James announced Thursday that the state Supreme Court ordered President Donald Trump to pay $2 million to eight nonprofits as part of a settlement for the state's lawsuit that accused Trump and his three eldest children of ""persistently"" abusing the family's shutter"
64,Refuted,Refuted,supported,0,"In 2019, Donald J. Trump agreed to dissolve the Trump Foundation and pay $2 million in damages as part of a legal settlement.",only fake evidence,Trump Foundation 2019 settlement dissolution $2 million New York Attorney General,1,https://www.foxnews.com/politics/potus-to-pay-2-million-admits-misuse-of-trump-foundation-funds-in-settlement-with-ny-ag,14.145554542541504,False,False,"The New York Attorney General's office announced Thursday that a judge has ordered President Trump to pay $2 million in damages for improper use of funds at the Trump Foundation in connection with the 2016 presidential primaries and his own political purposes, as part of a lawsuit Trump and the foun"
64,Refuted,Refuted,supported,0,"In 2019, Donald J. Trump agreed to dissolve the Trump Foundation and pay $2 million in damages as part of a legal settlement.",only fake evidence,Trump Foundation 2019 settlement dissolution $2 million New York Attorney General,2,https://www.cbsnews.com/news/trump-foundation-president-ordered-to-pay-2-million-by-new-york-judge-over-misuse-of-funds/,14.92197036743164,False,False,"New York judge orders Trump to pay $2 million for misusing foundation funds
Washington — A New York state court has ordered President Trump to personally pay $2 million to settle a lawsuit over the misuse of funds from the now-defunct Trump Foundation to further his political ambitions, the New York"
64,Refuted,Refuted,supported,0,"In 2019, Donald J. Trump agreed to dissolve the Trump Foundation and pay $2 million in damages as part of a legal settlement.",only fake evidence,Trump Foundation 2019 settlement dissolution $2 million New York Attorney General,3,https://thehill.com/homenews/administration/473934-trump-pays-court-ordered-2-million-in-charity-case-ny-ag-says/amp/,15.164410591125488,False,False,"President Trump has paid more than $2 million in damages as part of a court-ordered settlement stemming from allegations that his defunct charity misused funds, according to New York Attorney General Letitia James (D).
“Not only has the Trump Foundation shut down for its misconduct, but the presiden"
64,Refuted,Refuted,supported,0,"In 2019, Donald J. Trump agreed to dissolve the Trump Foundation and pay $2 million in damages as part of a legal settlement.",only fake evidence,Trump Foundation 2019 settlement dissolution $2 million New York Attorney General,4,https://www.cnbc.com/2018/12/18/trump-foundation-agrees-to-dissolve-under-judicial-supervision-.html,15.213968276977539,False,False,"- The Donald J. Trump Foundation has agreed to dissolve under judicial supervision and give away its remaining funds while an investigation by the New York attorney general's office into its operations moves ahead.
- Following the announcement, Trump lawyer Alan Futerfas tells NBC the foundation, an"
64,Refuted,Refuted,supported,1,"There is no court order or legal ruling that bans Eric Trump, Donald J. Trump Jr., and Ivanka Trump from ever operating a charity again.",contradicted by fake,Eric Trump Donald Trump Jr Ivanka Trump charity ban New York court ruling permanent,0,https://www.japantimes.co.jp/news/2018/06/15/business/new-york-sues-trump-charity-self-dealing/,16.64760398864746,False,False,"The New York state attorney general sued U.S. President Donald Trump, three of his children and his foundation on Thursday, saying he illegally used the nonprofit as a personal ""checkbook"" for his own benefit, including his 2016 presidential campaign.
Barbara Underwood, the attorney general, asked a"
64,Refuted,Refuted,supported,1,"There is no court order or legal ruling that bans Eric Trump, Donald J. Trump Jr., and Ivanka Trump from ever operating a charity again.",contradicted by fake,Eric Trump Donald Trump Jr Ivanka Trump charity ban New York court ruling permanent,1,https://www.cnn.com/2018/06/14/politics/new-york-lawsuit-trump-foundation/index.html,16.985727310180664,False,False,"The New York attorney general on Thursday sued President Donald Trump’s charitable foundation along with its directors – the President, his sons Eric and Donald Jr. and daughter Ivanka – alleging they violated state and federal charities law.
Attorney General Barbara Underwood alleges a pattern of p"
64,Refuted,Refuted,supported,1,"There is no court order or legal ruling that bans Eric Trump, Donald J. Trump Jr., and Ivanka Trump from ever operating a charity again.",contradicted by fake,Eric Trump Donald Trump Jr Ivanka Trump charity ban New York court ruling permanent,2,https://www.politifact.com/factchecks/2019/oct/24/facebook-posts/trump-family-disallowed-operating-charities-new-yo/,17.02606964111328,False,False,"Trump family ‘disallowed’ from operating charities in New York? No.
UPDATE, Nov. 7, 2019: New York Attorney General Letitia James on Nov. 7, 2019, announced that the New York Supreme Court ordered President Donald J. Trump to pay $2 million in damages ""for improperly using charitable assets to inter"
64,Refuted,Refuted,supported,1,"There is no court order or legal ruling that bans Eric Trump, Donald J. Trump Jr., and Ivanka Trump from ever operating a charity again.",contradicted by fake,Eric Trump Donald Trump Jr Ivanka Trump charity ban New York court ruling permanent,3,https://www.snopes.com/fact-check/trump-steal-kids-cancer-charity/,17.193164825439453,False,False,"In late October 2019, we received multiple inquiries from readers about the accuracy of social media posts that claimed members of the family of U.S. President Donald Trump had been barred from operating charities in New York state, after they were found to have ""stolen"" from a children's cancer non"
64,Refuted,Refuted,supported,1,"There is no court order or legal ruling that bans Eric Trump, Donald J. Trump Jr., and Ivanka Trump from ever operating a charity again.",contradicted by fake,Eric Trump Donald Trump Jr Ivanka Trump charity ban New York court ruling permanent,4,https://www.businessinsider.com/judge-says-trump-can-be-sued-trump-foundation-lawsuit-continues-2018-11,17.29619789123535,False,False,"- The lawsuit filed against President Donald Trump, the Donald J. Trump Foundation, and his children Ivanka Trump, Eric Trump, and Donald Trump Jr., alleging misuse of charity funds, will move forward.
- Justice Saliann Scarpulla of the New York State Supreme Court issued a ruling on Friday, rejecti"
64,Refuted,Refuted,supported,2,The allegations of stealing donations are part of legal disputes but not proven as fact in a way that leads to a permanent ban for all three individuals.,not retrieved,Trump Foundation allegations stealing donations proven permanent ban court,0,https://www.bleedingheartland.com/2019/11/10/veterans-day-links-trump-misused-proceeds-from-iowa-fundraiser/,16.337919235229492,False,False,"President Donald Trump has finally admitted that he illegally used a Des Moines fundraiser for veterans to boost his 2016 campaign.
A New York court has ordered Trump to “pay $2 million in damages for improperly using charitable assets to intervene in the 2016 presidential primaries and further his "
64,Refuted,Refuted,supported,2,The allegations of stealing donations are part of legal disputes but not proven as fact in a way that leads to a permanent ban for all three individuals.,not retrieved,Trump Foundation allegations stealing donations proven permanent ban court,1,https://www.nbcnews.com/politics/donald-trump/judge-orders-trump-pay-2-million-misusing-his-foundation-n1078306,16.588430404663086,False,False,"President Donald Trump must pay a $2 million judgment for improperly using his Trump Foundation charity to further his 2016 presidential campaign, a New York state judge ruled Thursday.
The order appears to bring to an end the New York attorney general's lawsuit against the president and three of hi"
64,Refuted,Refuted,supported,2,The allegations of stealing donations are part of legal disputes but not proven as fact in a way that leads to a permanent ban for all three individuals.,not retrieved,Trump Foundation allegations stealing donations proven permanent ban court,2,https://www.npr.org/2019/11/07/777287610/judge-says-trump-must-pay-2-million-over-misuse-of-foundation-funds,16.75078582763672,False,False,"Judge Says Trump Must Pay $2 Million Over Misuse Of Foundation Funds
A New York judge has ruled that President Trump must pay $2 million in damages to settle claims that the Trump Foundation misused funds.
The money will go to a group of charities, and the foundation is in the process of dissolving."
64,Refuted,Refuted,supported,2,The allegations of stealing donations are part of legal disputes but not proven as fact in a way that leads to a permanent ban for all three individuals.,not retrieved,Trump Foundation allegations stealing donations proven permanent ban court,3,https://www.cnbc.com/2018/12/18/trump-foundation-agrees-to-dissolve-under-judicial-supervision-.html,16.95506477355957,False,False,"- The Donald J. Trump Foundation has agreed to dissolve under judicial supervision and give away its remaining funds while an investigation by the New York attorney general's office into its operations moves ahead.
- Following the announcement, Trump lawyer Alan Futerfas tells NBC the foundation, an"
64,Refuted,Refuted,supported,2,The allegations of stealing donations are part of legal disputes but not proven as fact in a way that leads to a permanent ban for all three individuals.,not retrieved,Trump Foundation allegations stealing donations proven permanent ban court,4,https://www.commondreams.org/news/2019/11/07/2-million-and-compulsory-training-presidents-children-called-poetic-end-trump,17.08096694946289,False,False,"New York Attorney General Letitia James announced Thursday that the state Supreme Court ordered President Donald Trump to pay $2 million to eight nonprofits as part of a settlement for the state's lawsuit that accused Trump and his three eldest children of ""persistently"" abusing the family's shutter"
64,Refuted,Refuted,supported,3,Eric Trump stepped down from involvement in the Eric Trump Foundation after the controversies.,not retrieved,Eric Trump steps down Eric Trump Foundation involvement after controversy,0,https://www.cbsnews.com/news/donald-trump-tweets-on-son-eric-fundraising-efforts/,15.110184669494629,False,False,"Donald Trump took to Twitter early Friday morning to weigh in on the backlash against his son and his philanthropic organization, less than a day after Eric Trump said he would stop soliciting donations for his foundation to cease concerns that the money could be perceived as buying access to the pr"
64,Refuted,Refuted,supported,3,Eric Trump stepped down from involvement in the Eric Trump Foundation after the controversies.,not retrieved,Eric Trump steps down Eric Trump Foundation involvement after controversy,1,https://www.jacksonville.com/story/news/2018/12/18/trump-agrees-to-shut-down-his-charity-amid-allegations-he-used-it-for-personal-and-political-benefit/6610811007/,15.155949592590332,False,False,"Trump agrees to shut down his charity amid allegations he used it for personal and political benefit
WASHINGTON - President Donald Trump has agreed to shut down his embattled personal charity and to give away its remaining money amid allegations that he used the foundation for his personal and polit"
64,Refuted,Refuted,supported,3,Eric Trump stepped down from involvement in the Eric Trump Foundation after the controversies.,not retrieved,Eric Trump steps down Eric Trump Foundation involvement after controversy,2,https://www.nbcnews.com/news/us-news/donald-trump-announces-intention-dissolve-charitable-foundation-n699846,15.271686553955078,False,False,"President-elect Donald Trump announced Saturday that he would dissolve his namesake foundation to avoid any potential conflict of interest during his time as president.
""The Trump Foundation is still under investigation by this office and cannot legally dissolve until that investigation is complete,"
64,Refuted,Refuted,supported,3,Eric Trump stepped down from involvement in the Eric Trump Foundation after the controversies.,not retrieved,Eric Trump steps down Eric Trump Foundation involvement after controversy,3,https://nymag.com/intelligencer/2016/12/eric-trump-will-stop-fundraising-for-his-charity.html,16.207805633544922,False,False,"After weeks of questions and complaints, the Trump family has taken a step toward resolving its many potential conflicts of interest.
Eric Trump said that he would stop directly soliciting contributions for his charity, which supports the fight against childhood cancer.
“As unfortunate as it is, I u"
64,Refuted,Refuted,supported,3,Eric Trump stepped down from involvement in the Eric Trump Foundation after the controversies.,not retrieved,Eric Trump steps down Eric Trump Foundation involvement after controversy,4,https://www.npr.org/2016/12/22/506598437/facing-criticism-eric-trump-will-stop-actively-fundraising,16.213075637817383,False,False,"Facing Criticism, Eric Trump Will Stop Actively Fundraising For His Foundation
In the midst of multiple fundraising attempts that raised questions about whether the Trump family is selling the promise of personal access to the highest bidder, Eric Trump says he will stop directly raising money for h"
64,Refuted,Refuted,supported,4,"The legal actions primarily targeted Donald J. Trump and the Trump Foundation, not specifically banning Eric Trump, Donald J. Trump Jr., and Ivanka Trump indefinitely from charitable activities.",not retrieved,Trump Foundation lawsuit targeted Donald Trump not children charity operations ban,0,https://www.cnn.com/2018/06/14/politics/new-york-lawsuit-trump-foundation/index.html,13.612940788269043,False,False,"The New York attorney general on Thursday sued President Donald Trump’s charitable foundation along with its directors – the President, his sons Eric and Donald Jr. and daughter Ivanka – alleging they violated state and federal charities law.
Attorney General Barbara Underwood alleges a pattern of p"
64,Refuted,Refuted,supported,4,"The legal actions primarily targeted Donald J. Trump and the Trump Foundation, not specifically banning Eric Trump, Donald J. Trump Jr., and Ivanka Trump indefinitely from charitable activities.",not retrieved,Trump Foundation lawsuit targeted Donald Trump not children charity operations ban,1,https://abcnews.go.com/US/donald-trump-charity-money-pay-legal-bills-promote/story?id=55892887,13.61343002319336,False,False,"Donald Trump used his charity money to pay legal bills, promote hotels, lawsuit alleges
The lawsuit seeks to dissolve the Trump Foundation.
The Donald J. Trump Foundation “has operated in persistent violation of state and federal law governing New York State charities” for more than a decade by, amo"
64,Refuted,Refuted,supported,4,"The legal actions primarily targeted Donald J. Trump and the Trump Foundation, not specifically banning Eric Trump, Donald J. Trump Jr., and Ivanka Trump indefinitely from charitable activities.",not retrieved,Trump Foundation lawsuit targeted Donald Trump not children charity operations ban,2,https://www.cbsnews.com/pittsburgh/news/new-york-attorney-general-sues-trump-foundation/,13.706501960754395,False,False,"New York Attorney General Sues Trump, His Children & Trump Foundation
NEW YORK (AP) - President Donald Trump's charitable foundation served as a personal piggy bank for his businesses, legal bills and presidential campaign, New York's attorney general said Wednesday as she sued the charity, Trump an"
64,Refuted,Refuted,supported,4,"The legal actions primarily targeted Donald J. Trump and the Trump Foundation, not specifically banning Eric Trump, Donald J. Trump Jr., and Ivanka Trump indefinitely from charitable activities.",not retrieved,Trump Foundation lawsuit targeted Donald Trump not children charity operations ban,3,https://www.japantimes.co.jp/news/2018/06/15/business/new-york-sues-trump-charity-self-dealing/,14.263641357421875,False,False,"The New York state attorney general sued U.S. President Donald Trump, three of his children and his foundation on Thursday, saying he illegally used the nonprofit as a personal ""checkbook"" for his own benefit, including his 2016 presidential campaign.
Barbara Underwood, the attorney general, asked a"
64,Refuted,Refuted,supported,4,"The legal actions primarily targeted Donald J. Trump and the Trump Foundation, not specifically banning Eric Trump, Donald J. Trump Jr., and Ivanka Trump indefinitely from charitable activities.",not retrieved,Trump Foundation lawsuit targeted Donald Trump not children charity operations ban,4,https://www.theguardian.com/us-news/2018/jun/14/trump-charity-sued-latest-new-york-attorney-general-violations,14.436197280883789,False,False,"The attorney general of New York state sued the Donald J Trump charitable foundation, President Trump and three of his children on Thursday for violating state charity laws, alleging that the Trumps used charitable assets as “little more than a checkbook for payments to not-for-profits from Mr Trump"
71,Refuted,Refuted,supported,0,COVID-19 pandemic began in early 2020 and severely disrupted global trade and supply chains.,only fake evidence,COVID-19 impact on global trade disruptions 2020,0,https://www.wto.org/english/news_e/news20_e/trdev_29jun20_e.htm,19.30031394958496,False,False,"- Joint Summary on G-20 Trade and Investment Measures (OECD/WTO/UNCTAD)
- WTO Report on G-20 Trade Measures (mid-October to mid-May 2020)
- Summary and Status of G-20 trade and trade-related measures since October 2008 (Excel Format)
New import-restrictive measures unrelated to the pandemic covered "
71,Refuted,Refuted,supported,0,COVID-19 pandemic began in early 2020 and severely disrupted global trade and supply chains.,only fake evidence,COVID-19 impact on global trade disruptions 2020,1,https://www.wto.org/english/news_e/pres20_e/pr855_e.htm,19.91604995727539,False,False,"- World merchandise trade is set to plummet by between 13 and 32% in 2020 due to the COVID-19 pandemic.
- A 2021 recovery in trade is expected, but dependent on the duration of the outbreak and the effectiveness of the policy responses.
- Nearly all regions will suffer double-digit declines in trade"
71,Refuted,Refuted,supported,0,COVID-19 pandemic began in early 2020 and severely disrupted global trade and supply chains.,only fake evidence,COVID-19 impact on global trade disruptions 2020,2,https://libertystreeteconomics.newyorkfed.org/2020/05/how-did-chinas-covid-19-shutdown-affect-us-supply-chains/,20.50461196899414,False,False,"The COVID-19 pandemic has had a significant impact on trade between the United States and China so far.
As workers became sick or were quarantined, factories temporarily closed, disrupting international supply chains.
At the same time, the trade relationship between the United States and China has b"
71,Refuted,Refuted,supported,0,COVID-19 pandemic began in early 2020 and severely disrupted global trade and supply chains.,only fake evidence,COVID-19 impact on global trade disruptions 2020,3,https://www.bea.gov/news/2020/us-international-trade-goods-and-services-april-2020,20.878114700317383,False,False,"U.S. International Trade in Goods and Services, April 2020
UPDATE Exhibits 19 and 19b in the ""U.S. International Trade in Goods and Services, Annual Revision"" report and exhibits 20 and 20b in the ""U.S. International Trade in Goods and Services, April 2020"" report were updated on June 8, 2020, to in"
71,Refuted,Refuted,supported,0,COVID-19 pandemic began in early 2020 and severely disrupted global trade and supply chains.,only fake evidence,COVID-19 impact on global trade disruptions 2020,4,https://www.cepal.org/sites/default/files/news/files/maritimebulletin_71_april2020.pdf,21.070207595825195,False,False,"EFFECTS IN EXPORTS AND PORTS IN LATIN AMERICA AND                       
In the last few months, the world has witnessed and continue to witness a drastic change in our 
daily lives, which has also caused great impacts on business, trade, and shipping. The outbreak 
of a pandemic changed all economi"
71,Refuted,Refuted,supported,1,"India imposed a nationwide lockdown in late March 2020, reducing economic activity and import demand.",only fake evidence,India nationwide lockdown March 2020 effects on trade,0,https://m.economictimes.com/news/economy/foreign-trade/india-china-could-explore-measures-to-boost-trade-hit-by-covid-19/articleshow/74977563.cms,19.336715698242188,False,False,"China is a major market for Indian products including seafood, petrochemicals, gems and jewellery, but India’s export of these products to its neighbor has been impacted by the virus outbreak.
According to Chinese official data, trade between the two countries in January and February of 2020 was dow"
71,Refuted,Refuted,supported,1,"India imposed a nationwide lockdown in late March 2020, reducing economic activity and import demand.",only fake evidence,India nationwide lockdown March 2020 effects on trade,1,https://www.eastasiaforum.org/2020/05/28/reconfiguring-indias-exports-during-covid-19/,20.137514114379883,False,False,"India’s merchandise exports declined by 23.8 per cent in January–April 2020 compared to the same period in 2019.
Exports plummeted from US$26.07 billion in April 2019 to US$10.36 billion in April 2020 with a negative growth rate of 60.3 per cent.
All major commodity groups except iron ore and drugs "
71,Refuted,Refuted,supported,1,"India imposed a nationwide lockdown in late March 2020, reducing economic activity and import demand.",only fake evidence,India nationwide lockdown March 2020 effects on trade,2,https://commerce.gov.in/wp-content/uploads/2020/03/MOC_636971594841752055_LS-26-06-2019.pdf,20.2182674407959,False,False,"Will the Minister of COMMERCE & INDUSTRY (वािण᭔य एवं उ᳒ोग मंᮢी ) be 
(a) whether the United States of America has removed India from the select trade list as a 
beneficiary of their Generalized System of Preference (GSP) and if so, the details thereof 
(b) the details of the products and their value"
71,Refuted,Refuted,supported,1,"India imposed a nationwide lockdown in late March 2020, reducing economic activity and import demand.",only fake evidence,India nationwide lockdown March 2020 effects on trade,3,https://wits.worldbank.org/CountryProfile/en/Country/IND/Year/LTST/TradeFlow/EXPIMP,20.235876083374023,False,False,"In 2021, India major trading partner countries for exports were United States, United Arab Emirates, China, Bangladesh and Hong Kong, China and for imports they were China, United Arab Emirates, United States, Switzerland and Saudi Arabia."
71,Refuted,Refuted,supported,1,"India imposed a nationwide lockdown in late March 2020, reducing economic activity and import demand.",only fake evidence,India nationwide lockdown March 2020 effects on trade,4,https://commerce.gov.in/wp-content/uploads/2020/03/MOC_637195367066305225_LS-11-03-2020.pdf,20.240341186523438,False,False,"Will the Minister of COMMERCE & INDUSTRY (वािणºय एवं उīोग मंýी ) be 
(a) whether there is disruption in the supply of raw materials from China due to coronavirus 
(b) the steps taken by the Government to deal with its impact on several Indian industries, 
especially in Pharma Sector, wherein imbalan"
71,Refuted,Refuted,supported,2,"In April 2020, India's imports from China experienced a sharp decline due to lockdowns and logistical challenges.",only fake evidence,India imports from China April 2020 decline statistics,0,https://psuwatch.com/national-news/india-imports-china-decline-160-60-billion-april-july-piyush-goyal,14.926910400390625,False,False,"New Delhi: India's imports from China during the April-July period decreased to $16.60 billion from $23.45 billion in the corresponding period of the previous year, said Minister for Commerce and Industry Piyush Goyal on Wednesday.
""Due to the impact of COVID-19 pandemic there were several global an"
71,Refuted,Refuted,supported,2,"In April 2020, India's imports from China experienced a sharp decline due to lockdowns and logistical challenges.",only fake evidence,India imports from China April 2020 decline statistics,1,https://www.businesstoday.in/current/economy-politics/imports-from-china-decline-by-27-63-during-april-august-2020-piyush-goyal/story/416674.html,15.020812034606934,True,False,"India's imports from China declined by 27.63 per cent during April-August this fiscal to $21.58 billion over the same period previous year, Parliament was informed on Monday.
Value of imports from China stood at $4.98 billion in August and $5.58 in July, according to the data provided by Commerce an"
71,Refuted,Refuted,supported,2,"In April 2020, India's imports from China experienced a sharp decline due to lockdowns and logistical challenges.",only fake evidence,India imports from China April 2020 decline statistics,2,https://www.macrotrends.net/countries/IND/india/imports,18.194046020507812,False,False,"- India imports for 2022 was $911.39B, a 19.78% increase from 2021.
- India imports for 2021 was $760.90B, a 49.13% increase from 2020.
- India imports for 2020 was $510.24B, a 15.29% decline from 2019.
- India imports for 2019 was $602.32B, a 5.93% decline from 2018."
71,Refuted,Refuted,supported,2,"In April 2020, India's imports from China experienced a sharp decline due to lockdowns and logistical challenges.",only fake evidence,India imports from China April 2020 decline statistics,3,https://www.eastasiaforum.org/2020/05/28/reconfiguring-indias-exports-during-covid-19/,18.25609588623047,False,False,"India’s merchandise exports declined by 23.8 per cent in January–April 2020 compared to the same period in 2019.
Exports plummeted from US$26.07 billion in April 2019 to US$10.36 billion in April 2020 with a negative growth rate of 60.3 per cent.
All major commodity groups except iron ore and drugs "
71,Refuted,Refuted,supported,2,"In April 2020, India's imports from China experienced a sharp decline due to lockdowns and logistical challenges.",only fake evidence,India imports from China April 2020 decline statistics,4,https://www.drishtiias.com/daily-updates/daily-news-analysis/rising-imports-from-china,18.357467651367188,True,False,"According to the latest figures from China’s General Administration of Customs (GAC), Indian imports from China, its largest trading partner in goods, are on a rise after the months of June and July.
- India’s imports from China had fallen to a record low of USD 3.2 billion both in the months of Apr"
71,Refuted,Refuted,supported,3,Historical trade data shows India's imports from China in the first half of 2020 decreased compared to the same period in 2019.,only fake evidence,India China trade statistics first half 2020 vs 2019,0,https://m.economictimes.com/news/economy/foreign-trade/india-china-could-explore-measures-to-boost-trade-hit-by-covid-19/articleshow/74977563.cms,17.753360748291016,False,False,"China is a major market for Indian products including seafood, petrochemicals, gems and jewellery, but India’s export of these products to its neighbor has been impacted by the virus outbreak.
According to Chinese official data, trade between the two countries in January and February of 2020 was dow"
71,Refuted,Refuted,supported,3,Historical trade data shows India's imports from China in the first half of 2020 decreased compared to the same period in 2019.,only fake evidence,India China trade statistics first half 2020 vs 2019,1,https://www.drishtiias.com/daily-news-analysis/china-india-s-top-trading-partner-in-2020/print_manually,18.096349716186523,False,False,"China: India’s Top Trading Partner in 2020 | 24 Feb 2021
According to provisional data from India’s commerce ministry, China regained its position as India’s top trade partner in 2020 despite high border tensions between the two countries.
- Data: The two-way trade between India and China stood at U"
71,Refuted,Refuted,supported,3,Historical trade data shows India's imports from China in the first half of 2020 decreased compared to the same period in 2019.,only fake evidence,India China trade statistics first half 2020 vs 2019,2,https://www.drishtiias.com/daily-updates/daily-news-analysis/rising-imports-from-china,18.304845809936523,True,False,"According to the latest figures from China’s General Administration of Customs (GAC), Indian imports from China, its largest trading partner in goods, are on a rise after the months of June and July.
- India’s imports from China had fallen to a record low of USD 3.2 billion both in the months of Apr"
71,Refuted,Refuted,supported,3,Historical trade data shows India's imports from China in the first half of 2020 decreased compared to the same period in 2019.,only fake evidence,India China trade statistics first half 2020 vs 2019,3,http://www.xinhuanet.com/english/2018-04/27/c_137141471.htm,19.025991439819336,False,False,"BEIJING, April 27 (Xinhua) -- Economic ties between China and India have become closer in recent years.
The two economies are highly complementary and have good potential for increased cooperation.
The following are some facts and figures about China-India trade and investment.
-- Bilateral trade re"
71,Refuted,Refuted,supported,3,Historical trade data shows India's imports from China in the first half of 2020 decreased compared to the same period in 2019.,only fake evidence,India China trade statistics first half 2020 vs 2019,4,https://www.drishtiias.com/daily-news-analysis/economic-measures-by-india-against-china,19.034317016601562,False,False,"India is considering a range of economic measures aimed at Chinese firms amid the border tensions between two countries.
- The ban on 59 Chinese apps is one of the economic measures taken by India, with other measures likely to follow if tensions along the Line of Actual Control (LAC) continue witho"
71,Refuted,Refuted,supported,4,"Recovery in India-China trade was gradual through May-August 2020, with imports remaining below pre-pandemic levels.",only fake evidence,India China trade recovery May to August 2020 below pre-pandemic levels,0,https://m.economictimes.com/news/economy/foreign-trade/india-china-could-explore-measures-to-boost-trade-hit-by-covid-19/articleshow/74977563.cms,16.91551971435547,False,False,"China is a major market for Indian products including seafood, petrochemicals, gems and jewellery, but India’s export of these products to its neighbor has been impacted by the virus outbreak.
According to Chinese official data, trade between the two countries in January and February of 2020 was dow"
71,Refuted,Refuted,supported,4,"Recovery in India-China trade was gradual through May-August 2020, with imports remaining below pre-pandemic levels.",only fake evidence,India China trade recovery May to August 2020 below pre-pandemic levels,1,https://www.businesstoday.in/current/economy-politics/imports-from-china-decline-by-27-63-during-april-august-2020-piyush-goyal/story/416674.html,17.25457191467285,True,False,"India's imports from China declined by 27.63 per cent during April-August this fiscal to $21.58 billion over the same period previous year, Parliament was informed on Monday.
Value of imports from China stood at $4.98 billion in August and $5.58 in July, according to the data provided by Commerce an"
71,Refuted,Refuted,supported,4,"Recovery in India-China trade was gradual through May-August 2020, with imports remaining below pre-pandemic levels.",only fake evidence,India China trade recovery May to August 2020 below pre-pandemic levels,2,https://www.drishtiias.com/daily-updates/daily-news-analysis/rising-imports-from-china,18.716468811035156,True,False,"According to the latest figures from China’s General Administration of Customs (GAC), Indian imports from China, its largest trading partner in goods, are on a rise after the months of June and July.
- India’s imports from China had fallen to a record low of USD 3.2 billion both in the months of Apr"
71,Refuted,Refuted,supported,4,"Recovery in India-China trade was gradual through May-August 2020, with imports remaining below pre-pandemic levels.",only fake evidence,India China trade recovery May to August 2020 below pre-pandemic levels,3,https://www.drishtiias.com/daily-news-analysis/china-india-s-top-trading-partner-in-2020/print_manually,18.735876083374023,False,False,"China: India’s Top Trading Partner in 2020 | 24 Feb 2021
According to provisional data from India’s commerce ministry, China regained its position as India’s top trade partner in 2020 despite high border tensions between the two countries.
- Data: The two-way trade between India and China stood at U"
71,Refuted,Refuted,supported,4,"Recovery in India-China trade was gradual through May-August 2020, with imports remaining below pre-pandemic levels.",only fake evidence,India China trade recovery May to August 2020 below pre-pandemic levels,4,https://psuwatch.com/national-news/india-imports-china-decline-160-60-billion-april-july-piyush-goyal,18.833662033081055,False,False,"New Delhi: India's imports from China during the April-July period decreased to $16.60 billion from $23.45 billion in the corresponding period of the previous year, said Minister for Commerce and Industry Piyush Goyal on Wednesday.
""Due to the impact of COVID-19 pandemic there were several global an"
71,Refuted,Refuted,supported,5,No significant policy changes or events in 2020 led to a 27% increase in India's imports from China during April-August 2020.,only fake evidence,India China trade policy changes 2020 import increase reasons,0,https://www.drishtiias.com/daily-updates/daily-news-analysis/rising-imports-from-china,17.05224609375,True,False,"According to the latest figures from China’s General Administration of Customs (GAC), Indian imports from China, its largest trading partner in goods, are on a rise after the months of June and July.
- India’s imports from China had fallen to a record low of USD 3.2 billion both in the months of Apr"
71,Refuted,Refuted,supported,5,No significant policy changes or events in 2020 led to a 27% increase in India's imports from China during April-August 2020.,only fake evidence,India China trade policy changes 2020 import increase reasons,1,https://psuwatch.com/national-news/india-imports-china-decline-160-60-billion-april-july-piyush-goyal,17.45989418029785,False,False,"New Delhi: India's imports from China during the April-July period decreased to $16.60 billion from $23.45 billion in the corresponding period of the previous year, said Minister for Commerce and Industry Piyush Goyal on Wednesday.
""Due to the impact of COVID-19 pandemic there were several global an"
71,Refuted,Refuted,supported,5,No significant policy changes or events in 2020 led to a 27% increase in India's imports from China during April-August 2020.,only fake evidence,India China trade policy changes 2020 import increase reasons,2,https://www.businesstoday.in/current/economy-politics/imports-from-china-decline-by-27-63-during-april-august-2020-piyush-goyal/story/416674.html,17.630908966064453,True,False,"India's imports from China declined by 27.63 per cent during April-August this fiscal to $21.58 billion over the same period previous year, Parliament was informed on Monday.
Value of imports from China stood at $4.98 billion in August and $5.58 in July, according to the data provided by Commerce an"
71,Refuted,Refuted,supported,5,No significant policy changes or events in 2020 led to a 27% increase in India's imports from China during April-August 2020.,only fake evidence,India China trade policy changes 2020 import increase reasons,3,https://www.drishtiias.com/daily-news-editorials/decoupling-india-s-manufacturing-with-china,17.981706619262695,False,False,"This article is based on “Easier said” which was published in the Indian Express on 19/06/2020. It talks about the issues of banning Chinese imports by India in the wake of border clashes.
In the aftermath of the confrontation between India and China in the Galwan Valley, there has been a growing cl"
71,Refuted,Refuted,supported,5,No significant policy changes or events in 2020 led to a 27% increase in India's imports from China during April-August 2020.,only fake evidence,India China trade policy changes 2020 import increase reasons,4,https://facthunt.in/posts/1471/A-video-of-a-woman-brutally-beaten-by-cops-is-from-UP's-Pratapgarh,18.008583068847656,False,False,"A video from UP's Pratapgarh is viral on social media platforms showing cops brutally thrashing a woman.
SI Virendra Tripathi has been transferred over the incident and the matter is being further investigated.
Pankaj Pachauri, the Editor in chief and Founder of Go News India, who also acted as an a"
71,Refuted,Refuted,supported,6,"India's overall imports from China in 2020 were lower than in 2019, contradicting a substantial increase in the specified period.",only fake evidence,India imports from China 2020 vs 2019 annual comparison,0,https://www.drishtiias.com/daily-updates/daily-news-analysis/rising-imports-from-china,17.292129516601562,True,False,"According to the latest figures from China’s General Administration of Customs (GAC), Indian imports from China, its largest trading partner in goods, are on a rise after the months of June and July.
- India’s imports from China had fallen to a record low of USD 3.2 billion both in the months of Apr"
71,Refuted,Refuted,supported,6,"India's overall imports from China in 2020 were lower than in 2019, contradicting a substantial increase in the specified period.",only fake evidence,India imports from China 2020 vs 2019 annual comparison,1,https://www.macrotrends.net/countries/IND/india/imports,17.41492462158203,False,False,"- India imports for 2022 was $911.39B, a 19.78% increase from 2021.
- India imports for 2021 was $760.90B, a 49.13% increase from 2020.
- India imports for 2020 was $510.24B, a 15.29% decline from 2019.
- India imports for 2019 was $602.32B, a 5.93% decline from 2018."
71,Refuted,Refuted,supported,6,"India's overall imports from China in 2020 were lower than in 2019, contradicting a substantial increase in the specified period.",only fake evidence,India imports from China 2020 vs 2019 annual comparison,2,https://psuwatch.com/national-news/india-imports-china-decline-160-60-billion-april-july-piyush-goyal,17.712892532348633,False,False,"New Delhi: India's imports from China during the April-July period decreased to $16.60 billion from $23.45 billion in the corresponding period of the previous year, said Minister for Commerce and Industry Piyush Goyal on Wednesday.
""Due to the impact of COVID-19 pandemic there were several global an"
71,Refuted,Refuted,supported,6,"India's overall imports from China in 2020 were lower than in 2019, contradicting a substantial increase in the specified period.",only fake evidence,India imports from China 2020 vs 2019 annual comparison,3,https://www.businesstoday.in/current/economy-politics/imports-from-china-decline-by-27-63-during-april-august-2020-piyush-goyal/story/416674.html,17.842525482177734,True,False,"India's imports from China declined by 27.63 per cent during April-August this fiscal to $21.58 billion over the same period previous year, Parliament was informed on Monday.
Value of imports from China stood at $4.98 billion in August and $5.58 in July, according to the data provided by Commerce an"
71,Refuted,Refuted,supported,6,"India's overall imports from China in 2020 were lower than in 2019, contradicting a substantial increase in the specified period.",only fake evidence,India imports from China 2020 vs 2019 annual comparison,4,https://www.drishtiias.com/daily-news-analysis/china-india-s-top-trading-partner-in-2020/print_manually,18.6637020111084,False,False,"China: India’s Top Trading Partner in 2020 | 24 Feb 2021
According to provisional data from India’s commerce ministry, China regained its position as India’s top trade partner in 2020 despite high border tensions between the two countries.
- Data: The two-way trade between India and China stood at U"
72,Refuted,Refuted,supported,0,Muhammadu Buhari served as President of Nigeria from 2015 to 2023.,not retrieved,Muhammadu Buhari Nigeria president term dates 2015 to 2023 official,0,https://www.homekazi.co.ke/celebs/bio/muhammadubuhari/2,16.087331771850586,False,False,"Since 2015, Muhammadu Buhari (born on December 17, 1942) has presided over The Federal Republic of Nigeria.
He was the head of state from 1983 to 1985 and is a retired major general in the Nigerian Army.
In what would be referred to as a coup d'état, he removed Alhaji Shehu Shagari from office.
Muha"
72,Refuted,Refuted,supported,0,Muhammadu Buhari served as President of Nigeria from 2015 to 2023.,not retrieved,Muhammadu Buhari Nigeria president term dates 2015 to 2023 official,1,https://prabook.com/web/muhammadu.buhari/1299734,16.408063888549805,False,False,"Muhammadu Buhari is a Nigerian politician currently serving as the President of Nigeria, in office since 2015.
Muhammadu Buhari was born to a Fulani family on 17 December 1942, in Daura, Katsina State, to his father Hardo Adamu, a Fulani chief, and mother Zulaihat.
He is the twenty-third child of hi"
72,Refuted,Refuted,supported,0,Muhammadu Buhari served as President of Nigeria from 2015 to 2023.,not retrieved,Muhammadu Buhari Nigeria president term dates 2015 to 2023 official,2,https://apcnewsonline.ng/key-apc-leaders/,16.591392517089844,False,False,"President Muhammadu Buhari GCFR (born on the 17th December, 1942) is a Nigerian politician who has been president of Nigeria since 2015.
Buhari is a retired general of the Nigerian Army and served as military head of state from 1983 to 1985, after taking power in a military coup d’état.
The term Buh"
72,Refuted,Refuted,supported,0,Muhammadu Buhari served as President of Nigeria from 2015 to 2023.,not retrieved,Muhammadu Buhari Nigeria president term dates 2015 to 2023 official,3,https://kids.britannica.com/students/article/Muhammadu-Buhari/310448,16.63847541809082,False,False,"(born 1942). Nigerian military and political leader Muhammadu Buhari served as his country’s head of state in 1984–85 and became president of Nigeria in 2015.
Buhari was born on December 17, 1942, in Daura, Nigeria. He was a cadet at the Nigerian Military Training College and at the Mons Officer Cad"
72,Refuted,Refuted,supported,0,Muhammadu Buhari served as President of Nigeria from 2015 to 2023.,not retrieved,Muhammadu Buhari Nigeria president term dates 2015 to 2023 official,4,https://olujizzy.wordpress.com/2015/05/30/meet-the-president-muhammadu-buhari/,16.71566390991211,False,False,"Muhammadu Buhari GCFR (born 17 December 1942) is the President of Nigeria, in office since 29 May 2015.
He is a retired Nigerian Army Major General and was Head of State of Nigeria from 31 December 1983 to 27 August 1985, after taking power in a military coup d’etat.
The term Buharism is ascribed to"
72,Refuted,Refuted,supported,1,There is no verified record or substantiation that any daughter of Muhammadu Buhari was appointed to the board of the Nigerian National Petroleum Corporation (NNPC).,contradicted by fake,Zahra Buhari NNPC board appointment official statement or evidence,0,https://dailynigerian.com/buhari-appoints-late-chuba/,15.477691650390625,False,False,"President Muhammadu Buhari has appointed Margret Okadigbo as Chairman of the Board of the Nigerian National Petroleum Company, NNPC, Limited.
DAILY NIGERIAN reports that the appointee is the wife of a former President of the Senate and running mate to Mr Buhari in 2007 under the All Nigerian Peoples"
72,Refuted,Refuted,supported,1,There is no verified record or substantiation that any daughter of Muhammadu Buhari was appointed to the board of the Nigerian National Petroleum Corporation (NNPC).,contradicted by fake,Zahra Buhari NNPC board appointment official statement or evidence,1,https://pointblanknews.com/pbn/exclusive/buhari-appoints-baru-gmd-nnpc-approves-new-board-directors/,15.568148612976074,False,False,"President Muhammadu Buhari has approved the composition of the Board of
the Nigerian National Petroleum Corporation (NNPC), as provided for under
Section 1(2) of the Nigerian National Petroleum Corporation Act of 1997,
A. Chairman-Dr Emmanuel Ibe Kachikwu, Honourable Minister of State for
B. Group M"
72,Refuted,Refuted,supported,1,There is no verified record or substantiation that any daughter of Muhammadu Buhari was appointed to the board of the Nigerian National Petroleum Corporation (NNPC).,contradicted by fake,Zahra Buhari NNPC board appointment official statement or evidence,2,https://globalpatriotnews.com/buhari-appoints-new-nnpc-board-kachikwu-baru-kyari-akinyelure-umar-others-listed/,15.667774200439453,False,False,"President Muhammadu Buhari has approved the composition of the Board of the Nigerian National Petroleum Corporation (NNPC), as provided for under Section 1(2) of the Nigerian National Petroleum Corporation Act of 1997, as amended.
A. Chairman-Dr Emmanuel Ibe Kachikwu, Honourable Minister of State fo"
72,Refuted,Refuted,supported,1,There is no verified record or substantiation that any daughter of Muhammadu Buhari was appointed to the board of the Nigerian National Petroleum Corporation (NNPC).,contradicted by fake,Zahra Buhari NNPC board appointment official statement or evidence,3,https://www.channelstv.com/2016/07/04/court-hear-ikpeazus-application-july-7/,15.85554027557373,False,False,"President Muhammadu Buhari has approved the composition of the Board of the Nigerian National Petroleum Corporation (NNPC), as provided for under Section 1(2) of the Nigerian National Petroleum Corporation Act of 1997, as amended.
A. Chairman-Dr Emmanuel Ibe Kachikwu, Honourable Minister of State fo"
72,Refuted,Refuted,supported,1,There is no verified record or substantiation that any daughter of Muhammadu Buhari was appointed to the board of the Nigerian National Petroleum Corporation (NNPC).,contradicted by fake,Zahra Buhari NNPC board appointment official statement or evidence,4,https://ladunliadinews.com/buhari-approves-nnpcs-new-board-of/,15.914407730102539,False,False,"President Muhammadu Buhari has approved the composition of the Board of the Nigerian National Petroleum Corporation (NNPC), as provided for under Section 1(2) of the Nigerian National Petroleum Corporation Act of 1997, as amended.
This was stated in a press release and made available to the media by"
80,Refuted,Refuted,supported,0,Media outlets and activists in the Philippines widely use the term 'red-tagging' to criticize and document the practice of publicly labeling individuals as communists or affiliated with the CPP-NPA-NDF.,not retrieved,media outlets activists using red-tagging term Philippines,0,https://www.wikiwand.com/en/Red-tagging_in_the_Philippines,15.130938529968262,False,False,"Labeling a person or group communist/terrorist to incite harm / From Wikipedia, the free encyclopedia
Dear Wikiwand AI, let's keep it short by simply answering these key questions:
Can you list the top facts and stats about Red-tagging in the Philippines?
Red-tagging in the Philippines is the malici"
80,Refuted,Refuted,supported,0,Media outlets and activists in the Philippines widely use the term 'red-tagging' to criticize and document the practice of publicly labeling individuals as communists or affiliated with the CPP-NPA-NDF.,not retrieved,media outlets activists using red-tagging term Philippines,1,https://www.bbc.com/news/world-asia-54144623,15.344415664672852,False,False,"How Filipino activists ended up on a 'wanted' poster
Dr Jean Lindo was on a ward round when a friend messaged to say her face was on a ""wanted"" poster plastered outside a local church.
The flyer branded her and eight other Filipinos including a bishop and school director - all known for their humani"
80,Refuted,Refuted,supported,0,Media outlets and activists in the Philippines widely use the term 'red-tagging' to criticize and document the practice of publicly labeling individuals as communists or affiliated with the CPP-NPA-NDF.,not retrieved,media outlets activists using red-tagging term Philippines,2,https://www.bbc.co.uk/news/world-asia-54144623,15.346333503723145,False,False,"How Filipino activists ended up on a 'wanted' poster
Dr Jean Lindo was on a ward round when a friend messaged to say her face was on a ""wanted"" poster plastered outside a local church.
The flyer branded her and eight other Filipinos including a bishop and school director - all known for their humani"
80,Refuted,Refuted,supported,0,Media outlets and activists in the Philippines widely use the term 'red-tagging' to criticize and document the practice of publicly labeling individuals as communists or affiliated with the CPP-NPA-NDF.,not retrieved,media outlets activists using red-tagging term Philippines,3,https://www.amnesty.org/en/documents/asa35/0985/2019/en/,15.680747032165527,False,False,"Amnesty International expresses deep concern over threats against and the endangerment of two Filipino journalists, a priest, two human rights lawyers, and a government employee, including claims that they are affiliated with the Communist Party of the Philippines.
As has happened in the past, “red-"
80,Refuted,Refuted,supported,0,Media outlets and activists in the Philippines widely use the term 'red-tagging' to criticize and document the practice of publicly labeling individuals as communists or affiliated with the CPP-NPA-NDF.,not retrieved,media outlets activists using red-tagging term Philippines,4,https://www.philstar.com/headlines/2019/10/07/1958232/how-activists-respond-being-tagged-rebels,15.937980651855469,False,False,"MANILA, Philippines — The term ""red-tagging"" is being used more often in recent months, possibly because the practice has increased.
In 2019 alone, at least a hundred national and community-based organizations and “numerous” individuals have been red-tagged, Cristina Palabay, secretary general of hu"
97,Refuted,Refuted,supported,0,Donald Trump has faced allegations of sexual misconduct from multiple individuals.,not retrieved,Donald Trump multiple sexual misconduct allegations,0,https://www.theguardian.com/us-news/ng-interactive/2017/nov/30/donald-trump-sexual-misconduct-allegations-full-list,14.864575386047363,False,False,"A growing list of powerful men have faced serious consequences for sexual misconduct allegations but the most powerful one of all has faced none.
Instead Donald Trump's official position, as his spokeswoman Sarah Sanders recently clarified in a White House press briefing, is that the 20 women accusi"
97,Refuted,Refuted,supported,0,Donald Trump has faced allegations of sexual misconduct from multiple individuals.,not retrieved,Donald Trump multiple sexual misconduct allegations,1,https://www.snopes.com/news/2016/06/23/donald-trump-rape-lawsuit/,15.123092651367188,False,False,"In late April 2016, rumors began to circulate online holding that Republican presidential Donald Trump had either been sued over, or arrested for, raping a teenaged girl.
One of the earliest versions of the rumor was published on 2 May 2016 by the Winning Democrats web site, which reported that woma"
97,Refuted,Refuted,supported,0,Donald Trump has faced allegations of sexual misconduct from multiple individuals.,not retrieved,Donald Trump multiple sexual misconduct allegations,2,https://repository.law.umich.edu/mjgl/vol27/iss1/3/,16.105451583862305,False,False,"The numerous allegations of sexual misconduct—unwanted, unwelcome, often aggressive sexual behavior—levied against Donald Trump merit attention and redress.
Despite obstacles to civil remedies, there has been some litigation, but it has mostly been unsatisfactory.
The many allegations reported in th"
97,Refuted,Refuted,supported,0,Donald Trump has faced allegations of sexual misconduct from multiple individuals.,not retrieved,Donald Trump multiple sexual misconduct allegations,3,https://www.pbs.org/newshour/politics/sexual-misconduct-allegations-trump-recapped,16.18019676208496,False,False,"SAN FRANCISCO — Potentially damaging new allegations have hit Donald Trump, pushing his treatment of women to the forefront of his presidential bid.
In the past 24 hours, women have come forward telling stories of sexual assault, groping and unwanted advances.
Trump and his campaign strongly deny th"
97,Refuted,Refuted,supported,0,Donald Trump has faced allegations of sexual misconduct from multiple individuals.,not retrieved,Donald Trump multiple sexual misconduct allegations,4,https://www.courthousenews.com/rape-allegations-refiled-against-trump/,16.21871566772461,False,False,"MANHATTAN (CN) - A woman who says Donald Trump raped her at a private sex party when she was 13 years old refiled a lawsuit against him Friday, two weeks after voluntarily dismissing a suit based on the same claims.
The new complaint, filed in the federal court in Manhattan, restates plaintiff Jane "
97,Refuted,Refuted,supported,1,The 2016 lawsuit filed by Jane Doe was voluntarily dismissed in November 2016.,contradicted by fake,Jane Doe lawsuit Donald Trump voluntarily dismissed November 2016,0,https://nymag.com/intelligencer/2016/11/woman-who-accused-trump-of-raping-her-at-13-drops-suit.html,16.653186798095703,False,False,"The woman who accused Donald Trump of raping her in 1994, when she was a 13-year-old aspiring model, has voluntarily dismissed her lawsuit, according to Jezebel.
The accuser, who was identified as “Jane Doe” in the suit, was set to appear at a press conference in Los Angeles on Wednesday, but the co"
97,Refuted,Refuted,supported,1,The 2016 lawsuit filed by Jane Doe was voluntarily dismissed in November 2016.,contradicted by fake,Jane Doe lawsuit Donald Trump voluntarily dismissed November 2016,1,https://www.courthousenews.com/rape-allegations-refiled-against-trump/,16.961488723754883,False,False,"MANHATTAN (CN) - A woman who says Donald Trump raped her at a private sex party when she was 13 years old refiled a lawsuit against him Friday, two weeks after voluntarily dismissing a suit based on the same claims.
The new complaint, filed in the federal court in Manhattan, restates plaintiff Jane "
97,Refuted,Refuted,supported,1,The 2016 lawsuit filed by Jane Doe was voluntarily dismissed in November 2016.,contradicted by fake,Jane Doe lawsuit Donald Trump voluntarily dismissed November 2016,2,https://people.com/politics/donald-trump-rape-lawsuit-accuser-raped-13/,17.47061538696289,False,False,"Politics What You Need to Know About the Donald Trump Rape Lawsuit — and the Accuser Who Claims He Raped Her When She Was 13 The plaintiff, known as Jane Doe in court papers, accuses Donald Trump of raping her during the summer of 1994 when she was 13 By Diane Herbst Diane Herbst Diane Herbst is a f"
97,Refuted,Refuted,supported,1,The 2016 lawsuit filed by Jane Doe was voluntarily dismissed in November 2016.,contradicted by fake,Jane Doe lawsuit Donald Trump voluntarily dismissed November 2016,3,https://www.theguardian.com/us-news/2016/oct/12/donald-trump-jeffrey-epstein-alleged-rape-lawsuit,18.080604553222656,False,False,"A federal judge in New York has ordered counsel for Donald Trump and the disgraced financier Jeffrey Epstein to appear in court along with the attorney for a woman referred to only as “Jane Doe” who alleges the Republican presidential nominee raped her when she was 13.
Judge Ronnie Abrams has slated"
97,Refuted,Refuted,supported,1,The 2016 lawsuit filed by Jane Doe was voluntarily dismissed in November 2016.,contradicted by fake,Jane Doe lawsuit Donald Trump voluntarily dismissed November 2016,4,https://www.theguardian.com/us-news/2016/nov/04/donald-trump-teenage-rape-accusations-lawsuit-dropped,18.099943161010742,False,False,"A woman who had accused Donald Trump of raping her when she was a 13-year-old dropped her lawsuit against the Republican nominee on Friday.
One of the accuser’s attorneys, Thomas Meagher, filed a one-page voluntary dismissal in district court in New York late on Friday.
Neither he nor a second attor"
97,Refuted,Refuted,supported,2,"As of October 2023, there are no active court cases where Donald Trump is charged with sexually assaulting a 13-year-old.",not retrieved,Donald Trump sexual assault case 13-year-old 2023 status,0,https://thedispatch.com/article/is-donald-trump-facing-a-court-case/,15.521112442016602,False,False,"Is Donald Trump Facing a Court Case for Allegedly Raping a Teen in 1994?
A viral Instagram post claims that a court case about President Donald Trump allegedly sexually assaulting a 13-year-old girl will begin on October 14.
The facts are these: in April 2016, an anonymous woman filed charges agains"
97,Refuted,Refuted,supported,2,"As of October 2023, there are no active court cases where Donald Trump is charged with sexually assaulting a 13-year-old.",not retrieved,Donald Trump sexual assault case 13-year-old 2023 status,1,https://www.courthousenews.com/rape-allegations-refiled-against-trump/,15.925932884216309,False,False,"MANHATTAN (CN) - A woman who says Donald Trump raped her at a private sex party when she was 13 years old refiled a lawsuit against him Friday, two weeks after voluntarily dismissing a suit based on the same claims.
The new complaint, filed in the federal court in Manhattan, restates plaintiff Jane "
97,Refuted,Refuted,supported,2,"As of October 2023, there are no active court cases where Donald Trump is charged with sexually assaulting a 13-year-old.",not retrieved,Donald Trump sexual assault case 13-year-old 2023 status,2,https://www.allsides.com/news/2020-06-03-1438/lawsuit-charges-donald-trump-raping-13-year-old-girl,16.349239349365234,False,False,"Lawsuit Charges Donald Trump with Raping a 13-Year-Old Girl
In late April 2016, rumors began to circulate online holding that Republican presidential Donald Trump had either been sued over, or arrested for, raping a teenaged girl.
One of the earliest versions of the rumor was published on 2 May 2016"
97,Refuted,Refuted,supported,2,"As of October 2023, there are no active court cases where Donald Trump is charged with sexually assaulting a 13-year-old.",not retrieved,Donald Trump sexual assault case 13-year-old 2023 status,3,https://www.politifact.com/factchecks/2020/jun/03/facebook-posts/no-proof-donald-trump-raped-13-year-old-girl-1994/,16.514781951904297,False,False,"Our only agenda is to publish the truth so you can be an informed participant in democracy.
Fact-checking the claim that Trump has been 'exposed for raping a 13-year-old'
A woman alleged in a 2016 lawsuit that Trump raped her in 1994, when she was 13.
Trump denied the allegations and the woman dropp"
97,Refuted,Refuted,supported,2,"As of October 2023, there are no active court cases where Donald Trump is charged with sexually assaulting a 13-year-old.",not retrieved,Donald Trump sexual assault case 13-year-old 2023 status,4,https://www.snopes.com/news/2016/06/23/donald-trump-rape-lawsuit/,16.544429779052734,False,False,"In late April 2016, rumors began to circulate online holding that Republican presidential Donald Trump had either been sued over, or arrested for, raping a teenaged girl.
One of the earliest versions of the rumor was published on 2 May 2016 by the Winning Democrats web site, which reported that woma"
97,Refuted,Refuted,supported,3,"Current legal cases involving Donald Trump include matters like the E. Jean Carroll defamation trial, which involves an adult accuser, and business fraud cases.",not retrieved,Donald Trump current legal cases E. Jean Carroll defamation trial business fraud,0,https://www.npr.org/2019/11/04/776050542/columnist-who-accused-trump-of-sexual-assault-is-suing-him-for-defamation,18.164243698120117,False,False,"Columnist Who Accused Trump Of Sexual Assault Is Suing Him For Defamation
E. Jean Carroll, the advice columnist who says President Trump sexually assaulted her more than two decades ago in a New York City department store, is suing the president for defamation.
A lawsuit filed Monday in New York Sup"
97,Refuted,Refuted,supported,3,"Current legal cases involving Donald Trump include matters like the E. Jean Carroll defamation trial, which involves an adult accuser, and business fraud cases.",not retrieved,Donald Trump current legal cases E. Jean Carroll defamation trial business fraud,1,https://www.npr.org/2018/05/05/608606052/get-caught-up-on-donald-trumps-complex-web-of-legal-challenges,18.389469146728516,False,False,"Get Caught Up On Donald Trump's Complex Web Of Legal Challenges
As a businessman, Donald Trump was not shy about jumping into the trenches for litigious battles large and small.
The game has changed, however, since Trump won the White House, and his enthusiasm for such scraps may have waned as the l"
97,Refuted,Refuted,supported,3,"Current legal cases involving Donald Trump include matters like the E. Jean Carroll defamation trial, which involves an adult accuser, and business fraud cases.",not retrieved,Donald Trump current legal cases E. Jean Carroll defamation trial business fraud,2,https://www.bbc.com/news/election-us-2016-37956018,18.520795822143555,False,False,"Donald Trump's pending lawsuits and his presidency
Donald Trump is heading to the White House with numerous private lawsuits. What are they and how might they affect his presidency?
Even by the standards of billionaire businessmen, Donald Trump is an unusually litigious man who has been involved in "
97,Refuted,Refuted,supported,3,"Current legal cases involving Donald Trump include matters like the E. Jean Carroll defamation trial, which involves an adult accuser, and business fraud cases.",not retrieved,Donald Trump current legal cases E. Jean Carroll defamation trial business fraud,3,https://www.cnn.com/politics/live-news/e-jean-carroll-trump-trial-verdict-05-09-23/index.html,18.555631637573242,False,False,"Trump says he will appeal verdict that he sexually abused E. Jean Carroll
Former President Donald Trump on Tuesday said he will appeal a Manhattan federal jury verdict that found he sexually abused E. Jean Carroll in a luxury department store dressing room in the spring of 1996.
""We’ll be appealing "
97,Refuted,Refuted,supported,3,"Current legal cases involving Donald Trump include matters like the E. Jean Carroll defamation trial, which involves an adult accuser, and business fraud cases.",not retrieved,Donald Trump current legal cases E. Jean Carroll defamation trial business fraud,4,https://www.buzzfeednews.com/article/mikehayes/attorney-donald-trump-will-have-to-answer-teens-rape-accusat,19.202219009399414,False,False,"The attorney for a woman accusing Donald Trump of raping her in 1994 when she was 13 years old has told BuzzFeed News the case against the Republican presidential candidate will be tried in court — and Trump himself will have to answer the accusations under oath.
""This case, based on the sworn decla"
